[2026-06-10 14:00:01] 开始备份和清理记忆...
[2026-06-10 14:00:01] 步骤 1：记录清理前的上下文占用
[2026-06-10 14:00:01] 清理前上下文占用：
[2026-06-10 14:00:01]   - SOUL.md: 15689 bytes ≈ 3922 tokens
[2026-06-10 14:00:01]   - USER.md: 765 bytes ≈ 191 tokens
[2026-06-10 14:00:01]   - MEMORY.md: 218 bytes ≈ 54 tokens
[2026-06-10 14:00:01]   - Daily memory: 24 files, 19M
[2026-06-10 14:00:01]   - 总计 (不含 daily): 4167 tokens
[2026-06-10 14:00:01] 步骤 2：备份 MEMORY.md
[2026-06-10 14:00:01] ✅ MEMORY.md 备份到 /root/clawd/memory/backups/MEMORY.md.20260610-140001 (218 bytes)
[2026-06-10 14:00:01] 步骤 3：备份 daily memory
[2026-06-10 14:00:01] ✅ Daily memory 备份到 /root/clawd/memory/backups/daily-20260610.md.20260610-140001 (1007 bytes)
[2026-06-10 14:00:01] 步骤 4：清理 MEMORY.md
[2026-06-10 14:00:01] ✅ MEMORY.md 已清理（218 bytes）
[2026-06-10 14:00:01] 步骤 5：清理 old daily memory（保留最近 1 天）
[2026-06-10 14:00:01] ✅ Old daily memory 已清理（保留最近 1 天，删除了 1 个文件）
[2026-06-10 14:00:01] 步骤 6：记录清理后的上下文占用
[2026-06-10 14:00:01] 清理后上下文占用：
[2026-06-10 14:00:01]   - SOUL.md: 15689 bytes ≈ 3922 tokens
[2026-06-10 14:00:01]   - USER.md: 765 bytes ≈ 191 tokens
[2026-06-10 14:00:01]   - MEMORY.md: 218 bytes ≈ 54 tokens
[2026-06-10 14:00:01]   - Daily memory: 23 files, 19M → 19M
[2026-06-10 14:00:01]   - 总计 (不含 daily): 4167 tokens
[2026-06-10 14:00:01]   - Daily memory 文件数: 24 → 23 (删除 1 个)
[2026-06-10 14:00:01] 步骤 7：计算对比
[2026-06-10 14:00:01] 对比结果：
[2026-06-10 14:00:01]   - 节省 tokens: 0 (0%)
[2026-06-10 14:00:01]   - 清理前可用上下文: 126833 tokens
[2026-06-10 14:00:02]   - 清理后可用上下文: 126833 tokens
[2026-06-10 14:00:02]   - 提升可用上下文: 0 tokens (0%)
[2026-06-10 14:00:02] 🎉 备份和清理完成！
[2026-06-10 14:00:02] 💡 下次会话启动时，上下文将更加宽松。
✅ 已记忆到: /root/clawd/memory/2026-06-10.md (类型: general)
[2026-06-11 02:00:01] 开始备份和清理记忆...
[2026-06-11 02:00:01] 步骤 1：记录清理前的上下文占用
[2026-06-11 02:00:01] 清理前上下文占用：
[2026-06-11 02:00:01]   - SOUL.md: 15689 bytes ≈ 3922 tokens
[2026-06-11 02:00:01]   - USER.md: 765 bytes ≈ 191 tokens
[2026-06-11 02:00:01]   - MEMORY.md: 218 bytes ≈ 54 tokens
[2026-06-11 02:00:01]   - Daily memory: 41 files, 19M
[2026-06-11 02:00:01]   - 总计 (不含 daily): 4167 tokens
[2026-06-11 02:00:01] 步骤 2：备份 MEMORY.md
[2026-06-11 02:00:01] ✅ MEMORY.md 备份到 /root/clawd/memory/backups/MEMORY.md.20260611-020001 (218 bytes)
[2026-06-11 02:00:01] 步骤 3：备份 daily memory
[2026-06-11 02:00:01] ⚠️  今天的 daily memory 不存在，跳过备份
[2026-06-11 02:00:01] 步骤 4：清理 MEMORY.md
[2026-06-11 02:00:01] ✅ MEMORY.md 已清理（218 bytes）
[2026-06-11 02:00:01] 步骤 5：清理 old daily memory（保留最近 1 天）
[2026-06-11 02:00:01] ✅ Old daily memory 已清理（保留最近 1 天，删除了 0 个文件）
[2026-06-11 02:00:01] 步骤 6：记录清理后的上下文占用
[2026-06-11 02:00:01] 清理后上下文占用：
[2026-06-11 02:00:01]   - SOUL.md: 15689 bytes ≈ 3922 tokens
[2026-06-11 02:00:01]   - USER.md: 765 bytes ≈ 191 tokens
[2026-06-11 02:00:01]   - MEMORY.md: 218 bytes ≈ 54 tokens
[2026-06-11 02:00:01]   - Daily memory: 30 files, 19M → 19M
[2026-06-11 02:00:01]   - 总计 (不含 daily): 4167 tokens
[2026-06-11 02:00:01]   - Daily memory 文件数: 30 → 30 (删除 0 个)
[2026-06-11 02:00:01] 步骤 7：计算对比
[2026-06-11 02:00:01] 对比结果：
[2026-06-11 02:00:01]   - 节省 tokens: 0 (0%)
[2026-06-11 02:00:01]   - 清理前可用上下文: 126833 tokens
[2026-06-11 02:00:01]   - 清理后可用上下文: 126833 tokens
[2026-06-11 02:00:01]   - 提升可用上下文: 0 tokens (0%)
[2026-06-11 02:00:01] 🎉 备份和清理完成！
[2026-06-11 02:00:01] 💡 下次会话启动时，上下文将更加宽松。
✅ 已记忆到: /root/clawd/memory/2026-06-11.md (类型: general)
[2026-06-11 14:00:01] 开始备份和清理记忆...
[2026-06-11 14:00:01] 步骤 1：记录清理前的上下文占用
[2026-06-11 14:00:01] 清理前上下文占用：
[2026-06-11 14:00:01]   - SOUL.md: 15689 bytes ≈ 3922 tokens
[2026-06-11 14:00:01]   - USER.md: 765 bytes ≈ 191 tokens
[2026-06-11 14:00:01]   - MEMORY.md: 218 bytes ≈ 54 tokens
[2026-06-11 14:00:01]   - Daily memory: 32 files, 19M
[2026-06-11 14:00:01]   - 总计 (不含 daily): 4167 tokens
[2026-06-11 14:00:01] 步骤 2：备份 MEMORY.md
[2026-06-11 14:00:01] ✅ MEMORY.md 备份到 /root/clawd/memory/backups/MEMORY.md.20260611-140001 (218 bytes)
[2026-06-11 14:00:01] 步骤 3：备份 daily memory
[2026-06-11 14:00:01] ✅ Daily memory 备份到 /root/clawd/memory/backups/daily-20260611.md.20260611-140001 (462 bytes)
[2026-06-11 14:00:01] 步骤 4：清理 MEMORY.md
[2026-06-11 14:00:01] ✅ MEMORY.md 已清理（218 bytes）
[2026-06-11 14:00:01] 步骤 5：清理 old daily memory（保留最近 1 天）
[2026-06-11 14:00:01] ✅ Old daily memory 已清理（保留最近 1 天，删除了 1 个文件）
[2026-06-11 14:00:01] 步骤 6：记录清理后的上下文占用
[2026-06-11 14:00:01] 清理后上下文占用：
[2026-06-11 14:00:01]   - SOUL.md: 15689 bytes ≈ 3922 tokens
[2026-06-11 14:00:01]   - USER.md: 765 bytes ≈ 191 tokens
[2026-06-11 14:00:01]   - MEMORY.md: 218 bytes ≈ 54 tokens
[2026-06-11 14:00:01]   - Daily memory: 31 files, 19M → 19M
[2026-06-11 14:00:01]   - 总计 (不含 daily): 4167 tokens
[2026-06-11 14:00:01]   - Daily memory 文件数: 32 → 31 (删除 1 个)
[2026-06-11 14:00:01] 步骤 7：计算对比
[2026-06-11 14:00:01] 对比结果：
[2026-06-11 14:00:01]   - 节省 tokens: 0 (0%)
[2026-06-11 14:00:01]   - 清理前可用上下文: 126833 tokens
[2026-06-11 14:00:01]   - 清理后可用上下文: 126833 tokens
[2026-06-11 14:00:01]   - 提升可用上下文: 0 tokens (0%)
[2026-06-11 14:00:01] 🎉 备份和清理完成！
[2026-06-11 14:00:01] 💡 下次会话启动时，上下文将更加宽松。
✅ 已记忆到: /root/clawd/memory/2026-06-11.md (类型: general)
[2026-06-12 02:00:01] 开始备份和清理记忆...
[2026-06-12 02:00:01] 步骤 1：记录清理前的上下文占用
[2026-06-12 02:00:01] 清理前上下文占用：
[2026-06-12 02:00:01]   - SOUL.md: 15689 bytes ≈ 3922 tokens
[2026-06-12 02:00:01]   - USER.md: 765 bytes ≈ 191 tokens
[2026-06-12 02:00:01]   - MEMORY.md: 218 bytes ≈ 54 tokens
[2026-06-12 02:00:01]   - Daily memory: 51 files, 19M
[2026-06-12 02:00:01]   - 总计 (不含 daily): 4167 tokens
[2026-06-12 02:00:01] 步骤 2：备份 MEMORY.md
[2026-06-12 02:00:01] ✅ MEMORY.md 备份到 /root/clawd/memory/backups/MEMORY.md.20260612-020001 (218 bytes)
[2026-06-12 02:00:01] 步骤 3：备份 daily memory
[2026-06-12 02:00:01] ✅ Daily memory 备份到 /root/clawd/memory/backups/daily-20260612.md.20260612-020001 (863 bytes)
[2026-06-12 02:00:01] 步骤 4：清理 MEMORY.md
[2026-06-12 02:00:01] ✅ MEMORY.md 已清理（218 bytes）
[2026-06-12 02:00:01] 步骤 5：清理 old daily memory（保留最近 1 天）
[2026-06-12 02:00:02] ✅ Old daily memory 已清理（保留最近 1 天，删除了 10 个文件）
[2026-06-12 02:00:02] 步骤 6：记录清理后的上下文占用
[2026-06-12 02:00:02] 清理后上下文占用：
[2026-06-12 02:00:02]   - SOUL.md: 15689 bytes ≈ 3922 tokens
[2026-06-12 02:00:02]   - USER.md: 765 bytes ≈ 191 tokens
[2026-06-12 02:00:02]   - MEMORY.md: 218 bytes ≈ 54 tokens
[2026-06-12 02:00:02]   - Daily memory: 41 files, 19M → 19M
[2026-06-12 02:00:02]   - 总计 (不含 daily): 4167 tokens
[2026-06-12 02:00:02]   - Daily memory 文件数: 51 → 41 (删除 10 个)
[2026-06-12 02:00:02] 步骤 7：计算对比
[2026-06-12 02:00:02] 对比结果：
[2026-06-12 02:00:02]   - 节省 tokens: 0 (0%)
[2026-06-12 02:00:02]   - 清理前可用上下文: 126833 tokens
[2026-06-12 02:00:02]   - 清理后可用上下文: 126833 tokens
[2026-06-12 02:00:02]   - 提升可用上下文: 0 tokens (0%)
[2026-06-12 02:00:02] 🎉 备份和清理完成！
[2026-06-12 02:00:02] 💡 下次会话启动时，上下文将更加宽松。
✅ 已记忆到: /root/clawd/memory/2026-06-12.md (类型: general)
[2026-06-12 14:00:01] 开始备份和清理记忆...
[2026-06-12 14:00:01] 步骤 1：记录清理前的上下文占用
[2026-06-12 14:00:01] 清理前上下文占用：
[2026-06-12 14:00:01]   - SOUL.md: 15689 bytes ≈ 3922 tokens
[2026-06-12 14:00:01]   - USER.md: 765 bytes ≈ 191 tokens
[2026-06-12 14:00:01]   - MEMORY.md: 218 bytes ≈ 54 tokens
[2026-06-12 14:00:01]   - Daily memory: 41 files, 19M
[2026-06-12 14:00:01]   - 总计 (不含 daily): 4167 tokens
[2026-06-12 14:00:01] 步骤 2：备份 MEMORY.md
[2026-06-12 14:00:01] ✅ MEMORY.md 备份到 /root/clawd/memory/backups/MEMORY.md.20260612-140001 (218 bytes)
[2026-06-12 14:00:01] 步骤 3：备份 daily memory
[2026-06-12 14:00:01] ✅ Daily memory 备份到 /root/clawd/memory/backups/daily-20260612.md.20260612-140001 (1715 bytes)
[2026-06-12 14:00:01] 步骤 4：清理 MEMORY.md
[2026-06-12 14:00:01] ✅ MEMORY.md 已清理（218 bytes）
[2026-06-12 14:00:01] 步骤 5：清理 old daily memory（保留最近 1 天）
[2026-06-12 14:00:01] ✅ Old daily memory 已清理（保留最近 1 天，删除了 0 个文件）
[2026-06-12 14:00:01] 步骤 6：记录清理后的上下文占用
[2026-06-12 14:00:01] 清理后上下文占用：
[2026-06-12 14:00:02]   - SOUL.md: 15689 bytes ≈ 3922 tokens
[2026-06-12 14:00:02]   - USER.md: 765 bytes ≈ 191 tokens
[2026-06-12 14:00:02]   - MEMORY.md: 218 bytes ≈ 54 tokens
[2026-06-12 14:00:02]   - Daily memory: 41 files, 19M → 19M
[2026-06-12 14:00:02]   - 总计 (不含 daily): 4167 tokens
[2026-06-12 14:00:02]   - Daily memory 文件数: 41 → 41 (删除 0 个)
[2026-06-12 14:00:02] 步骤 7：计算对比
[2026-06-12 14:00:02] 对比结果：
[2026-06-12 14:00:02]   - 节省 tokens: 0 (0%)
[2026-06-12 14:00:02]   - 清理前可用上下文: 126833 tokens
[2026-06-12 14:00:02]   - 清理后可用上下文: 126833 tokens
[2026-06-12 14:00:02]   - 提升可用上下文: 0 tokens (0%)
[2026-06-12 14:00:02] 🎉 备份和清理完成！
[2026-06-12 14:00:02] 💡 下次会话启动时，上下文将更加宽松。
✅ 已记忆到: /root/clawd/memory/2026-06-12.md (类型: general)
[2026-06-13 02:00:01] 开始备份和清理记忆...
[2026-06-13 02:00:01] 步骤 1：记录清理前的上下文占用
[2026-06-13 02:00:01] 清理前上下文占用：
[2026-06-13 02:00:01]   - SOUL.md: 15689 bytes ≈ 3922 tokens
[2026-06-13 02:00:01]   - USER.md: 765 bytes ≈ 191 tokens
[2026-06-13 02:00:01]   - MEMORY.md: 218 bytes ≈ 54 tokens
[2026-06-13 02:00:01]   - Daily memory: 52 files, 19M
[2026-06-13 02:00:01]   - 总计 (不含 daily): 4167 tokens
[2026-06-13 02:00:01] 步骤 2：备份 MEMORY.md
[2026-06-13 02:00:01] ✅ MEMORY.md 备份到 /root/clawd/memory/backups/MEMORY.md.20260613-020001 (218 bytes)
[2026-06-13 02:00:01] 步骤 3：备份 daily memory
[2026-06-13 02:00:01] ✅ Daily memory 备份到 /root/clawd/memory/backups/daily-20260613.md.20260613-020001 (145 bytes)
[2026-06-13 02:00:01] 步骤 4：清理 MEMORY.md
[2026-06-13 02:00:01] ✅ MEMORY.md 已清理（218 bytes）
[2026-06-13 02:00:01] 步骤 5：清理 old daily memory（保留最近 1 天）
[2026-06-13 02:00:01] ✅ Old daily memory 已清理（保留最近 1 天，删除了 19 个文件）
[2026-06-13 02:00:01] 步骤 6：记录清理后的上下文占用
[2026-06-13 02:00:01] 清理后上下文占用：
[2026-06-13 02:00:01]   - SOUL.md: 15689 bytes ≈ 3922 tokens
[2026-06-13 02:00:01]   - USER.md: 765 bytes ≈ 191 tokens
[2026-06-13 02:00:01]   - MEMORY.md: 218 bytes ≈ 54 tokens
[2026-06-13 02:00:01]   - Daily memory: 33 files, 19M → 19M
[2026-06-13 02:00:01]   - 总计 (不含 daily): 4167 tokens
[2026-06-13 02:00:01]   - Daily memory 文件数: 52 → 33 (删除 19 个)
[2026-06-13 02:00:01] 步骤 7：计算对比
[2026-06-13 02:00:01] 对比结果：
[2026-06-13 02:00:01]   - 节省 tokens: 0 (0%)
[2026-06-13 02:00:01]   - 清理前可用上下文: 126833 tokens
[2026-06-13 02:00:01]   - 清理后可用上下文: 126833 tokens
[2026-06-13 02:00:01]   - 提升可用上下文: 0 tokens (0%)
[2026-06-13 02:00:01] 🎉 备份和清理完成！
[2026-06-13 02:00:01] 💡 下次会话启动时，上下文将更加宽松。
✅ 已记忆到: /root/clawd/memory/2026-06-13.md (类型: general)
[2026-06-13 14:00:01] 开始备份和清理记忆...
[2026-06-13 14:00:01] 步骤 1：记录清理前的上下文占用
[2026-06-13 14:00:01] 清理前上下文占用：
[2026-06-13 14:00:01]   - SOUL.md: 15689 bytes ≈ 3922 tokens
[2026-06-13 14:00:02]   - USER.md: 765 bytes ≈ 191 tokens
[2026-06-13 14:00:02]   - MEMORY.md: 218 bytes ≈ 54 tokens
[2026-06-13 14:00:02]   - Daily memory: 33 files, 19M
[2026-06-13 14:00:02]   - 总计 (不含 daily): 4167 tokens
[2026-06-13 14:00:02] 步骤 2：备份 MEMORY.md
[2026-06-13 14:00:02] ✅ MEMORY.md 备份到 /root/clawd/memory/backups/MEMORY.md.20260613-140001 (218 bytes)
[2026-06-13 14:00:02] 步骤 3：备份 daily memory
[2026-06-13 14:00:02] ✅ Daily memory 备份到 /root/clawd/memory/backups/daily-20260613.md.20260613-140001 (607 bytes)
[2026-06-13 14:00:02] 步骤 4：清理 MEMORY.md
[2026-06-13 14:00:02] ✅ MEMORY.md 已清理（218 bytes）
[2026-06-13 14:00:02] 步骤 5：清理 old daily memory（保留最近 1 天）
find: ‘/root/clawd/memory/ai-research/ai-research-summary-20260611_213401.md’: No such file or directory
find: ‘/root/clawd/memory/2026-06-11.md’: No such file or directory
[2026-06-14 02:00:01] 开始备份和清理记忆...
[2026-06-14 02:00:01] 步骤 1：记录清理前的上下文占用
[2026-06-14 02:00:01] 清理前上下文占用：
[2026-06-14 02:00:01]   - SOUL.md: 15689 bytes ≈ 3922 tokens
[2026-06-14 02:00:01]   - USER.md: 765 bytes ≈ 191 tokens
[2026-06-14 02:00:01]   - MEMORY.md: 218 bytes ≈ 54 tokens
[2026-06-14 02:00:01]   - Daily memory: 92 files, 20M
[2026-06-14 02:00:01]   - 总计 (不含 daily): 4167 tokens
[2026-06-14 02:00:01] 步骤 2：备份 MEMORY.md
[2026-06-14 02:00:01] ✅ MEMORY.md 备份到 /root/clawd/memory/backups/MEMORY.md.20260614-020001 (218 bytes)
[2026-06-14 02:00:01] 步骤 3：备份 daily memory
[2026-06-14 02:00:01] ✅ Daily memory 备份到 /root/clawd/memory/backups/daily-20260614.md.20260614-020001 (105 bytes)
[2026-06-14 02:00:01] 步骤 4：清理 MEMORY.md
[2026-06-14 02:00:01] ✅ MEMORY.md 已清理（218 bytes）
[2026-06-14 02:00:01] 步骤 5：清理 old daily memory（保留最近 1 天）
[2026-06-14 02:00:01] ✅ Old daily memory 已清理（保留最近 1 天，删除了 19 个文件）
[2026-06-14 02:00:01] 步骤 6：记录清理后的上下文占用
[2026-06-14 02:00:02] 清理后上下文占用：
[2026-06-14 02:00:02]   - SOUL.md: 15689 bytes ≈ 3922 tokens
[2026-06-14 02:00:02]   - USER.md: 765 bytes ≈ 191 tokens
[2026-06-14 02:00:02]   - MEMORY.md: 218 bytes ≈ 54 tokens
[2026-06-14 02:00:02]   - Daily memory: 73 files, 20M → 20M
[2026-06-14 02:00:02]   - 总计 (不含 daily): 4167 tokens
[2026-06-14 02:00:02]   - Daily memory 文件数: 92 → 73 (删除 19 个)
[2026-06-14 02:00:02] 步骤 7：计算对比
[2026-06-14 02:00:02] 对比结果：
[2026-06-14 02:00:02]   - 节省 tokens: 0 (0%)
[2026-06-14 02:00:02]   - 清理前可用上下文: 126833 tokens
[2026-06-14 02:00:02]   - 清理后可用上下文: 126833 tokens
[2026-06-14 02:00:02]   - 提升可用上下文: 0 tokens (0%)
[2026-06-14 02:00:02] 🎉 备份和清理完成！
[2026-06-14 02:00:02] 💡 下次会话启动时，上下文将更加宽松。
✅ 已记忆到: /root/clawd/memory/2026-06-14.md (类型: general)
[2026-06-14 14:00:01] 开始备份和清理记忆...
[2026-06-14 14:00:01] 步骤 1：记录清理前的上下文占用
[2026-06-14 14:00:01] 清理前上下文占用：
[2026-06-14 14:00:01]   - SOUL.md: 15689 bytes ≈ 3922 tokens
[2026-06-14 14:00:01]   - USER.md: 765 bytes ≈ 191 tokens
[2026-06-14 14:00:01]   - MEMORY.md: 218 bytes ≈ 54 tokens
[2026-06-14 14:00:01]   - Daily memory: 74 files, 20M
[2026-06-14 14:00:01]   - 总计 (不含 daily): 4167 tokens
[2026-06-14 14:00:01] 步骤 2：备份 MEMORY.md
[2026-06-14 14:00:01] ✅ MEMORY.md 备份到 /root/clawd/memory/backups/MEMORY.md.20260614-140001 (218 bytes)
[2026-06-14 14:00:01] 步骤 3：备份 daily memory
[2026-06-14 14:00:01] ✅ Daily memory 备份到 /root/clawd/memory/backups/daily-20260614.md.20260614-140001 (567 bytes)
[2026-06-14 14:00:01] 步骤 4：清理 MEMORY.md
[2026-06-14 14:00:01] ✅ MEMORY.md 已清理（218 bytes）
[2026-06-14 14:00:01] 步骤 5：清理 old daily memory（保留最近 1 天）
[2026-06-14 14:00:01] ✅ Old daily memory 已清理（保留最近 1 天，删除了 0 个文件）
[2026-06-14 14:00:01] 步骤 6：记录清理后的上下文占用
[2026-06-14 14:00:01] 清理后上下文占用：
[2026-06-14 14:00:01]   - SOUL.md: 15689 bytes ≈ 3922 tokens
[2026-06-14 14:00:01]   - USER.md: 765 bytes ≈ 191 tokens
[2026-06-14 14:00:01]   - MEMORY.md: 218 bytes ≈ 54 tokens
[2026-06-14 14:00:01]   - Daily memory: 74 files, 20M → 20M
[2026-06-14 14:00:01]   - 总计 (不含 daily): 4167 tokens
[2026-06-14 14:00:01]   - Daily memory 文件数: 74 → 74 (删除 0 个)
[2026-06-14 14:00:01] 步骤 7：计算对比
[2026-06-14 14:00:01] 对比结果：
[2026-06-14 14:00:01]   - 节省 tokens: 0 (0%)
[2026-06-14 14:00:01]   - 清理前可用上下文: 126833 tokens
[2026-06-14 14:00:01]   - 清理后可用上下文: 126833 tokens
[2026-06-14 14:00:01]   - 提升可用上下文: 0 tokens (0%)
[2026-06-14 14:00:01] 🎉 备份和清理完成！
[2026-06-14 14:00:01] 💡 下次会话启动时，上下文将更加宽松。
✅ 已记忆到: /root/clawd/memory/2026-06-14.md (类型: general)
[2026-06-15 02:00:01] 开始备份和清理记忆...
[2026-06-15 02:00:01] 步骤 1：记录清理前的上下文占用
[2026-06-15 02:00:01] 清理前上下文占用：
[2026-06-15 02:00:01]   - SOUL.md: 15689 bytes ≈ 3922 tokens
[2026-06-15 02:00:01]   - USER.md: 765 bytes ≈ 191 tokens
[2026-06-15 02:00:01]   - MEMORY.md: 218 bytes ≈ 54 tokens
[2026-06-15 02:00:01]   - Daily memory: 109 files, 20M
[2026-06-15 02:00:01]   - 总计 (不含 daily): 4167 tokens
[2026-06-15 02:00:01] 步骤 2：备份 MEMORY.md
[2026-06-15 02:00:01] ✅ MEMORY.md 备份到 /root/clawd/memory/backups/MEMORY.md.20260615-020001 (218 bytes)
[2026-06-15 02:00:01] 步骤 3：备份 daily memory
[2026-06-15 02:00:01] ⚠️  今天的 daily memory 不存在，跳过备份
[2026-06-15 02:00:01] 步骤 4：清理 MEMORY.md
[2026-06-15 02:00:01] ✅ MEMORY.md 已清理（218 bytes）
[2026-06-15 02:00:01] 步骤 5：清理 old daily memory（保留最近 1 天）
[2026-06-15 02:00:01] ✅ Old daily memory 已清理（保留最近 1 天，删除了 10 个文件）
[2026-06-15 02:00:01] 步骤 6：记录清理后的上下文占用
[2026-06-15 02:00:01] 清理后上下文占用：
[2026-06-15 02:00:01]   - SOUL.md: 15689 bytes ≈ 3922 tokens
[2026-06-15 02:00:01]   - USER.md: 765 bytes ≈ 191 tokens
[2026-06-15 02:00:01]   - MEMORY.md: 218 bytes ≈ 54 tokens
[2026-06-15 02:00:01]   - Daily memory: 99 files, 20M → 20M
[2026-06-15 02:00:01]   - 总计 (不含 daily): 4167 tokens
[2026-06-15 02:00:01]   - Daily memory 文件数: 109 → 99 (删除 10 个)
[2026-06-15 02:00:01] 步骤 7：计算对比
[2026-06-15 02:00:01] 对比结果：
[2026-06-15 02:00:01]   - 节省 tokens: 0 (0%)
[2026-06-15 02:00:01]   - 清理前可用上下文: 126833 tokens
[2026-06-15 02:00:01]   - 清理后可用上下文: 126833 tokens
[2026-06-15 02:00:01]   - 提升可用上下文: 0 tokens (0%)
[2026-06-15 02:00:01] 🎉 备份和清理完成！
[2026-06-15 02:00:01] 💡 下次会话启动时，上下文将更加宽松。
✅ 已记忆到: /root/clawd/memory/2026-06-15.md (类型: general)
[2026-06-15 14:00:01] 开始备份和清理记忆...
[2026-06-15 14:00:01] 步骤 1：记录清理前的上下文占用
[2026-06-15 14:00:01] 清理前上下文占用：
[2026-06-15 14:00:01]   - SOUL.md: 15689 bytes ≈ 3922 tokens
[2026-06-15 14:00:01]   - USER.md: 765 bytes ≈ 191 tokens
[2026-06-15 14:00:01]   - MEMORY.md: 218 bytes ≈ 54 tokens
[2026-06-15 14:00:01]   - Daily memory: 100 files, 20M
[2026-06-15 14:00:01]   - 总计 (不含 daily): 4167 tokens
[2026-06-15 14:00:01] 步骤 2：备份 MEMORY.md
[2026-06-15 14:00:01] ✅ MEMORY.md 备份到 /root/clawd/memory/backups/MEMORY.md.20260615-140001 (218 bytes)
[2026-06-15 14:00:01] 步骤 3：备份 daily memory
[2026-06-15 14:00:02] ✅ Daily memory 备份到 /root/clawd/memory/backups/daily-20260615.md.20260615-140001 (462 bytes)
[2026-06-15 14:00:02] 步骤 4：清理 MEMORY.md
[2026-06-15 14:00:02] ✅ MEMORY.md 已清理（218 bytes）
[2026-06-15 14:00:02] 步骤 5：清理 old daily memory（保留最近 1 天）
[2026-06-15 14:00:02] ✅ Old daily memory 已清理（保留最近 1 天，删除了 0 个文件）
[2026-06-15 14:00:02] 步骤 6：记录清理后的上下文占用
[2026-06-15 14:00:02] 清理后上下文占用：
[2026-06-15 14:00:02]   - SOUL.md: 15689 bytes ≈ 3922 tokens
[2026-06-15 14:00:02]   - USER.md: 765 bytes ≈ 191 tokens
[2026-06-15 14:00:02]   - MEMORY.md: 218 bytes ≈ 54 tokens
[2026-06-15 14:00:02]   - Daily memory: 100 files, 20M → 20M
[2026-06-15 14:00:02]   - 总计 (不含 daily): 4167 tokens
[2026-06-15 14:00:02]   - Daily memory 文件数: 100 → 100 (删除 0 个)
[2026-06-15 14:00:02] 步骤 7：计算对比
[2026-06-15 14:00:02] 对比结果：
[2026-06-15 14:00:02]   - 节省 tokens: 0 (0%)
[2026-06-15 14:00:02]   - 清理前可用上下文: 126833 tokens
[2026-06-15 14:00:02]   - 清理后可用上下文: 126833 tokens
[2026-06-15 14:00:02]   - 提升可用上下文: 0 tokens (0%)
[2026-06-15 14:00:02] 🎉 备份和清理完成！
[2026-06-15 14:00:02] 💡 下次会话启动时，上下文将更加宽松。
✅ 已记忆到: /root/clawd/memory/2026-06-15.md (类型: general)
[2026-06-16 02:00:01] 开始备份和清理记忆...
[2026-06-16 02:00:01] 步骤 1：记录清理前的上下文占用
[2026-06-16 02:00:01] 清理前上下文占用：
[2026-06-16 02:00:01]   - SOUL.md: 15689 bytes ≈ 3922 tokens
[2026-06-16 02:00:01]   - USER.md: 765 bytes ≈ 191 tokens
[2026-06-16 02:00:01]   - MEMORY.md: 218 bytes ≈ 54 tokens
[2026-06-16 02:00:01]   - Daily memory: 110 files, 20M
[2026-06-16 02:00:01]   - 总计 (不含 daily): 4167 tokens
[2026-06-16 02:00:01] 步骤 2：备份 MEMORY.md
[2026-06-16 02:00:01] ✅ MEMORY.md 备份到 /root/clawd/memory/backups/MEMORY.md.20260616-020001 (218 bytes)
[2026-06-16 02:00:01] 步骤 3：备份 daily memory
[2026-06-16 02:00:01] ✅ Daily memory 备份到 /root/clawd/memory/backups/daily-20260616.md.20260616-020001 (82 bytes)
[2026-06-16 02:00:01] 步骤 4：清理 MEMORY.md
[2026-06-16 02:00:01] ✅ MEMORY.md 已清理（218 bytes）
[2026-06-16 02:00:01] 步骤 5：清理 old daily memory（保留最近 1 天）
[2026-06-16 02:00:02] ✅ Old daily memory 已清理（保留最近 1 天，删除了 0 个文件）
[2026-06-16 02:00:02] 步骤 6：记录清理后的上下文占用
[2026-06-16 02:00:02] 清理后上下文占用：
[2026-06-16 02:00:02]   - SOUL.md: 15689 bytes ≈ 3922 tokens
[2026-06-16 02:00:02]   - USER.md: 765 bytes ≈ 191 tokens
[2026-06-16 02:00:02]   - MEMORY.md: 218 bytes ≈ 54 tokens
[2026-06-16 02:00:02]   - Daily memory: 48 files, 20M → 20M
[2026-06-16 02:00:02]   - 总计 (不含 daily): 4167 tokens
[2026-06-16 02:00:02]   - Daily memory 文件数: 48 → 48 (删除 0 个)
[2026-06-16 02:00:02] 步骤 7：计算对比
[2026-06-16 02:00:02] 对比结果：
[2026-06-16 02:00:02]   - 节省 tokens: 0 (0%)
[2026-06-16 02:00:02]   - 清理前可用上下文: 126833 tokens
[2026-06-16 02:00:02]   - 清理后可用上下文: 126833 tokens
[2026-06-16 02:00:02]   - 提升可用上下文: 0 tokens (0%)
[2026-06-16 02:00:02] 🎉 备份和清理完成！
[2026-06-16 02:00:02] 💡 下次会话启动时，上下文将更加宽松。
✅ 已记忆到: /root/clawd/memory/2026-06-16.md (类型: general)
[2026-06-16 14:00:01] 开始备份和清理记忆...
[2026-06-16 14:00:01] 步骤 1：记录清理前的上下文占用
[2026-06-16 14:00:01] 清理前上下文占用：
[2026-06-16 14:00:01]   - SOUL.md: 15689 bytes ≈ 3922 tokens
[2026-06-16 14:00:01]   - USER.md: 765 bytes ≈ 191 tokens
[2026-06-16 14:00:01]   - MEMORY.md: 218 bytes ≈ 54 tokens
[2026-06-16 14:00:01]   - Daily memory: 48 files, 20M
[2026-06-16 14:00:01]   - 总计 (不含 daily): 4167 tokens
[2026-06-16 14:00:01] 步骤 2：备份 MEMORY.md
[2026-06-16 14:00:01] ✅ MEMORY.md 备份到 /root/clawd/memory/backups/MEMORY.md.20260616-140001 (218 bytes)
[2026-06-16 14:00:01] 步骤 3：备份 daily memory
[2026-06-16 14:00:01] ✅ Daily memory 备份到 /root/clawd/memory/backups/daily-20260616.md.20260616-140001 (544 bytes)
[2026-06-16 14:00:01] 步骤 4：清理 MEMORY.md
[2026-06-16 14:00:01] ✅ MEMORY.md 已清理（218 bytes）
[2026-06-16 14:00:01] 步骤 5：清理 old daily memory（保留最近 1 天）
[2026-06-16 14:00:02] ✅ Old daily memory 已清理（保留最近 1 天，删除了 1 个文件）
[2026-06-16 14:00:02] 步骤 6：记录清理后的上下文占用
[2026-06-16 14:00:02] 清理后上下文占用：
[2026-06-16 14:00:02]   - SOUL.md: 15689 bytes ≈ 3922 tokens
[2026-06-16 14:00:02]   - USER.md: 765 bytes ≈ 191 tokens
[2026-06-16 14:00:02]   - MEMORY.md: 218 bytes ≈ 54 tokens
[2026-06-16 14:00:02]   - Daily memory: 47 files, 20M → 20M
[2026-06-16 14:00:02]   - 总计 (不含 daily): 4167 tokens
[2026-06-16 14:00:02]   - Daily memory 文件数: 48 → 47 (删除 1 个)
[2026-06-16 14:00:02] 步骤 7：计算对比
[2026-06-16 14:00:02] 对比结果：
[2026-06-16 14:00:02]   - 节省 tokens: 0 (0%)
[2026-06-16 14:00:02]   - 清理前可用上下文: 126833 tokens
[2026-06-16 14:00:02]   - 清理后可用上下文: 126833 tokens
[2026-06-16 14:00:02]   - 提升可用上下文: 0 tokens (0%)
[2026-06-16 14:00:02] 🎉 备份和清理完成！
[2026-06-16 14:00:02] 💡 下次会话启动时，上下文将更加宽松。
✅ 已记忆到: /root/clawd/memory/2026-06-16.md (类型: general)
[2026-06-17 02:00:01] 开始备份和清理记忆...
[2026-06-17 02:00:01] 步骤 1：记录清理前的上下文占用
[2026-06-17 02:00:01] 清理前上下文占用：
[2026-06-17 02:00:01]   - SOUL.md: 15689 bytes ≈ 3922 tokens
[2026-06-17 02:00:01]   - USER.md: 765 bytes ≈ 191 tokens
[2026-06-17 02:00:01]   - MEMORY.md: 218 bytes ≈ 54 tokens
[2026-06-17 02:00:01]   - Daily memory: 58 files, 21M
[2026-06-17 02:00:01]   - 总计 (不含 daily): 4167 tokens
[2026-06-17 02:00:01] 步骤 2：备份 MEMORY.md
[2026-06-17 02:00:01] ✅ MEMORY.md 备份到 /root/clawd/memory/backups/MEMORY.md.20260617-020001 (218 bytes)
[2026-06-17 02:00:01] 步骤 3：备份 daily memory
[2026-06-17 02:00:01] ✅ Daily memory 备份到 /root/clawd/memory/backups/daily-20260617.md.20260617-020001 (854 bytes)
[2026-06-17 02:00:01] 步骤 4：清理 MEMORY.md
[2026-06-17 02:00:01] ✅ MEMORY.md 已清理（218 bytes）
[2026-06-17 02:00:01] 步骤 5：清理 old daily memory（保留最近 1 天）
[2026-06-17 02:00:01] ✅ Old daily memory 已清理（保留最近 1 天，删除了 36 个文件）
[2026-06-17 02:00:01] 步骤 6：记录清理后的上下文占用
[2026-06-17 02:00:02] 清理后上下文占用：
[2026-06-17 02:00:02]   - SOUL.md: 15689 bytes ≈ 3922 tokens
[2026-06-17 02:00:02]   - USER.md: 765 bytes ≈ 191 tokens
[2026-06-17 02:00:02]   - MEMORY.md: 218 bytes ≈ 54 tokens
[2026-06-17 02:00:02]   - Daily memory: 22 files, 21M → 21M
[2026-06-17 02:00:02]   - 总计 (不含 daily): 4167 tokens
[2026-06-17 02:00:02]   - Daily memory 文件数: 58 → 22 (删除 36 个)
[2026-06-17 02:00:02] 步骤 7：计算对比
[2026-06-17 02:00:02] 对比结果：
[2026-06-17 02:00:02]   - 节省 tokens: 0 (0%)
[2026-06-17 02:00:02]   - 清理前可用上下文: 126833 tokens
[2026-06-17 02:00:02]   - 清理后可用上下文: 126833 tokens
[2026-06-17 02:00:02]   - 提升可用上下文: 0 tokens (0%)
[2026-06-17 02:00:02] 🎉 备份和清理完成！
[2026-06-17 02:00:02] 💡 下次会话启动时，上下文将更加宽松。
✅ 已记忆到: /root/clawd/memory/2026-06-17.md (类型: general)
[2026-06-17 14:00:01] 开始备份和清理记忆...
[2026-06-17 14:00:01] 步骤 1：记录清理前的上下文占用
[2026-06-17 14:00:01] 清理前上下文占用：
[2026-06-17 14:00:01]   - SOUL.md: 15689 bytes ≈ 3922 tokens
[2026-06-17 14:00:01]   - USER.md: 765 bytes ≈ 191 tokens
[2026-06-17 14:00:01]   - MEMORY.md: 218 bytes ≈ 54 tokens
[2026-06-17 14:00:01]   - Daily memory: 22 files, 21M
[2026-06-17 14:00:01]   - 总计 (不含 daily): 4167 tokens
[2026-06-17 14:00:01] 步骤 2：备份 MEMORY.md
[2026-06-17 14:00:01] ✅ MEMORY.md 备份到 /root/clawd/memory/backups/MEMORY.md.20260617-140001 (218 bytes)
[2026-06-17 14:00:01] 步骤 3：备份 daily memory
[2026-06-17 14:00:01] ✅ Daily memory 备份到 /root/clawd/memory/backups/daily-20260617.md.20260617-140001 (1609 bytes)
[2026-06-17 14:00:01] 步骤 4：清理 MEMORY.md
[2026-06-17 14:00:01] ✅ MEMORY.md 已清理（218 bytes）
[2026-06-17 14:00:01] 步骤 5：清理 old daily memory（保留最近 1 天）
[2026-06-17 14:00:01] ✅ Old daily memory 已清理（保留最近 1 天，删除了 0 个文件）
[2026-06-17 14:00:01] 步骤 6：记录清理后的上下文占用
[2026-06-17 14:00:01] 清理后上下文占用：
[2026-06-17 14:00:01]   - SOUL.md: 15689 bytes ≈ 3922 tokens
[2026-06-17 14:00:01]   - USER.md: 765 bytes ≈ 191 tokens
[2026-06-17 14:00:01]   - MEMORY.md: 218 bytes ≈ 54 tokens
[2026-06-17 14:00:01]   - Daily memory: 22 files, 21M → 21M
[2026-06-17 14:00:01]   - 总计 (不含 daily): 4167 tokens
[2026-06-17 14:00:01]   - Daily memory 文件数: 22 → 22 (删除 0 个)
[2026-06-17 14:00:01] 步骤 7：计算对比
[2026-06-17 14:00:01] 对比结果：
[2026-06-17 14:00:01]   - 节省 tokens: 0 (0%)
[2026-06-17 14:00:02]   - 清理前可用上下文: 126833 tokens
[2026-06-17 14:00:02]   - 清理后可用上下文: 126833 tokens
[2026-06-17 14:00:02]   - 提升可用上下文: 0 tokens (0%)
[2026-06-17 14:00:02] 🎉 备份和清理完成！
[2026-06-17 14:00:02] 💡 下次会话启动时，上下文将更加宽松。
✅ 已记忆到: /root/clawd/memory/2026-06-17.md (类型: general)
[2026-06-18 02:00:01] 开始备份和清理记忆...
[2026-06-18 02:00:01] 步骤 1：记录清理前的上下文占用
[2026-06-18 02:00:01] 清理前上下文占用：
[2026-06-18 02:00:01]   - SOUL.md: 15689 bytes ≈ 3922 tokens
[2026-06-18 02:00:01]   - USER.md: 765 bytes ≈ 191 tokens
[2026-06-18 02:00:01]   - MEMORY.md: 218 bytes ≈ 54 tokens
[2026-06-18 02:00:01]   - Daily memory: 35 files, 21M
[2026-06-18 02:00:01]   - 总计 (不含 daily): 4167 tokens
[2026-06-18 02:00:01] 步骤 2：备份 MEMORY.md
[2026-06-18 02:00:01] ✅ MEMORY.md 备份到 /root/clawd/memory/backups/MEMORY.md.20260618-020001 (218 bytes)
[2026-06-18 02:00:01] 步骤 3：备份 daily memory
[2026-06-18 02:00:01] ✅ Daily memory 备份到 /root/clawd/memory/backups/daily-20260618.md.20260618-020001 (184 bytes)
[2026-06-18 02:00:01] 步骤 4：清理 MEMORY.md
[2026-06-18 02:00:01] ✅ MEMORY.md 已清理（218 bytes）
[2026-06-18 02:00:01] 步骤 5：清理 old daily memory（保留最近 1 天）
[2026-06-18 02:00:01] ✅ Old daily memory 已清理（保留最近 1 天，删除了 10 个文件）
[2026-06-18 02:00:01] 步骤 6：记录清理后的上下文占用
[2026-06-18 02:00:01] 清理后上下文占用：
[2026-06-18 02:00:01]   - SOUL.md: 15689 bytes ≈ 3922 tokens
[2026-06-18 02:00:01]   - USER.md: 765 bytes ≈ 191 tokens
[2026-06-18 02:00:01]   - MEMORY.md: 218 bytes ≈ 54 tokens
[2026-06-18 02:00:01]   - Daily memory: 25 files, 21M → 21M
[2026-06-18 02:00:01]   - 总计 (不含 daily): 4167 tokens
[2026-06-18 02:00:01]   - Daily memory 文件数: 35 → 25 (删除 10 个)
[2026-06-18 02:00:01] 步骤 7：计算对比
[2026-06-18 02:00:01] 对比结果：
[2026-06-18 02:00:01]   - 节省 tokens: 0 (0%)
[2026-06-18 02:00:01]   - 清理前可用上下文: 126833 tokens
[2026-06-18 02:00:01]   - 清理后可用上下文: 126833 tokens
[2026-06-18 02:00:01]   - 提升可用上下文: 0 tokens (0%)
[2026-06-18 02:00:01] 🎉 备份和清理完成！
[2026-06-18 02:00:02] 💡 下次会话启动时，上下文将更加宽松。
✅ 已记忆到: /root/clawd/memory/2026-06-18.md (类型: general)
[2026-06-18 14:00:01] 开始备份和清理记忆...
[2026-06-18 14:00:01] 步骤 1：记录清理前的上下文占用
[2026-06-18 14:00:01] 清理前上下文占用：
[2026-06-18 14:00:01]   - SOUL.md: 15689 bytes ≈ 3922 tokens
[2026-06-18 14:00:01]   - USER.md: 765 bytes ≈ 191 tokens
[2026-06-18 14:00:01]   - MEMORY.md: 218 bytes ≈ 54 tokens
[2026-06-18 14:00:01]   - Daily memory: 25 files, 21M
[2026-06-18 14:00:01]   - 总计 (不含 daily): 4167 tokens
[2026-06-18 14:00:01] 步骤 2：备份 MEMORY.md
[2026-06-18 14:00:01] ✅ MEMORY.md 备份到 /root/clawd/memory/backups/MEMORY.md.20260618-140001 (218 bytes)
[2026-06-18 14:00:01] 步骤 3：备份 daily memory
[2026-06-18 14:00:01] ✅ Daily memory 备份到 /root/clawd/memory/backups/daily-20260618.md.20260618-140001 (646 bytes)
[2026-06-18 14:00:01] 步骤 4：清理 MEMORY.md
[2026-06-18 14:00:01] ✅ MEMORY.md 已清理（218 bytes）
[2026-06-18 14:00:01] 步骤 5：清理 old daily memory（保留最近 1 天）
[2026-06-18 14:00:01] ✅ Old daily memory 已清理（保留最近 1 天，删除了 0 个文件）
[2026-06-18 14:00:01] 步骤 6：记录清理后的上下文占用
[2026-06-18 14:00:01] 清理后上下文占用：
[2026-06-18 14:00:01]   - SOUL.md: 15689 bytes ≈ 3922 tokens
[2026-06-18 14:00:01]   - USER.md: 765 bytes ≈ 191 tokens
[2026-06-18 14:00:01]   - MEMORY.md: 218 bytes ≈ 54 tokens
[2026-06-18 14:00:01]   - Daily memory: 25 files, 21M → 21M
[2026-06-18 14:00:01]   - 总计 (不含 daily): 4167 tokens
[2026-06-18 14:00:01]   - Daily memory 文件数: 25 → 25 (删除 0 个)
[2026-06-18 14:00:01] 步骤 7：计算对比
[2026-06-18 14:00:01] 对比结果：
[2026-06-18 14:00:01]   - 节省 tokens: 0 (0%)
[2026-06-18 14:00:01]   - 清理前可用上下文: 126833 tokens
[2026-06-18 14:00:01]   - 清理后可用上下文: 126833 tokens
[2026-06-18 14:00:01]   - 提升可用上下文: 0 tokens (0%)
[2026-06-18 14:00:01] 🎉 备份和清理完成！
[2026-06-18 14:00:01] 💡 下次会话启动时，上下文将更加宽松。
✅ 已记忆到: /root/clawd/memory/2026-06-18.md (类型: general)
[2026-06-19 02:00:01] 开始备份和清理记忆...
[2026-06-19 02:00:01] 步骤 1：记录清理前的上下文占用
[2026-06-19 02:00:01] 清理前上下文占用：
[2026-06-19 02:00:01]   - SOUL.md: 15689 bytes ≈ 3922 tokens
[2026-06-19 02:00:01]   - USER.md: 765 bytes ≈ 191 tokens
[2026-06-19 02:00:01]   - MEMORY.md: 218 bytes ≈ 54 tokens
[2026-06-19 02:00:01]   - Daily memory: 67 files, 21M
[2026-06-19 02:00:01]   - 总计 (不含 daily): 4167 tokens
[2026-06-19 02:00:01] 步骤 2：备份 MEMORY.md
[2026-06-19 02:00:01] ✅ MEMORY.md 备份到 /root/clawd/memory/backups/MEMORY.md.20260619-020001 (218 bytes)
[2026-06-19 02:00:01] 步骤 3：备份 daily memory
[2026-06-19 02:00:01] ✅ Daily memory 备份到 /root/clawd/memory/backups/daily-20260619.md.20260619-020001 (656 bytes)
[2026-06-19 02:00:01] 步骤 4：清理 MEMORY.md
[2026-06-19 02:00:01] ✅ MEMORY.md 已清理（218 bytes）
[2026-06-19 02:00:01] 步骤 5：清理 old daily memory（保留最近 1 天）
[2026-06-19 02:00:01] ✅ Old daily memory 已清理（保留最近 1 天，删除了 0 个文件）
[2026-06-19 02:00:01] 步骤 6：记录清理后的上下文占用
[2026-06-19 02:00:01] 清理后上下文占用：
[2026-06-19 02:00:01]   - SOUL.md: 15689 bytes ≈ 3922 tokens
[2026-06-19 02:00:01]   - USER.md: 765 bytes ≈ 191 tokens
[2026-06-19 02:00:01]   - MEMORY.md: 218 bytes ≈ 54 tokens
[2026-06-19 02:00:01]   - Daily memory: 56 files, 21M → 21M
[2026-06-19 02:00:01]   - 总计 (不含 daily): 4167 tokens
[2026-06-19 02:00:01]   - Daily memory 文件数: 56 → 56 (删除 0 个)
[2026-06-19 02:00:01] 步骤 7：计算对比
[2026-06-19 02:00:01] 对比结果：
[2026-06-19 02:00:01]   - 节省 tokens: 0 (0%)
[2026-06-19 02:00:01]   - 清理前可用上下文: 126833 tokens
[2026-06-19 02:00:01]   - 清理后可用上下文: 126833 tokens
[2026-06-19 02:00:02]   - 提升可用上下文: 0 tokens (0%)
[2026-06-19 02:00:02] 🎉 备份和清理完成！
[2026-06-19 02:00:02] 💡 下次会话启动时，上下文将更加宽松。
✅ 已记忆到: /root/clawd/memory/2026-06-19.md (类型: general)
[2026-06-19 14:00:01] 开始备份和清理记忆...
[2026-06-19 14:00:01] 步骤 1：记录清理前的上下文占用
[2026-06-19 14:00:01] 清理前上下文占用：
[2026-06-19 14:00:01]   - SOUL.md: 15689 bytes ≈ 3922 tokens
[2026-06-19 14:00:01]   - USER.md: 765 bytes ≈ 191 tokens
[2026-06-19 14:00:01]   - MEMORY.md: 218 bytes ≈ 54 tokens
[2026-06-19 14:00:01]   - Daily memory: 56 files, 21M
[2026-06-19 14:00:01]   - 总计 (不含 daily): 4167 tokens
[2026-06-19 14:00:01] 步骤 2：备份 MEMORY.md
[2026-06-19 14:00:01] ✅ MEMORY.md 备份到 /root/clawd/memory/backups/MEMORY.md.20260619-140001 (218 bytes)
[2026-06-19 14:00:01] 步骤 3：备份 daily memory
[2026-06-19 14:00:01] ✅ Daily memory 备份到 /root/clawd/memory/backups/daily-20260619.md.20260619-140001 (1716 bytes)
[2026-06-19 14:00:01] 步骤 4：清理 MEMORY.md
[2026-06-19 14:00:01] ✅ MEMORY.md 已清理（218 bytes）
[2026-06-19 14:00:01] 步骤 5：清理 old daily memory（保留最近 1 天）
[2026-06-19 14:00:01] ✅ Old daily memory 已清理（保留最近 1 天，删除了 0 个文件）
[2026-06-19 14:00:01] 步骤 6：记录清理后的上下文占用
[2026-06-19 14:00:01] 清理后上下文占用：
[2026-06-19 14:00:01]   - SOUL.md: 15689 bytes ≈ 3922 tokens
[2026-06-19 14:00:01]   - USER.md: 765 bytes ≈ 191 tokens
[2026-06-19 14:00:01]   - MEMORY.md: 218 bytes ≈ 54 tokens
[2026-06-19 14:00:01]   - Daily memory: 56 files, 21M → 21M
[2026-06-19 14:00:01]   - 总计 (不含 daily): 4167 tokens
[2026-06-19 14:00:01]   - Daily memory 文件数: 56 → 56 (删除 0 个)
[2026-06-19 14:00:01] 步骤 7：计算对比
[2026-06-19 14:00:01] 对比结果：
[2026-06-19 14:00:01]   - 节省 tokens: 0 (0%)
[2026-06-19 14:00:01]   - 清理前可用上下文: 126833 tokens
[2026-06-19 14:00:01]   - 清理后可用上下文: 126833 tokens
[2026-06-19 14:00:01]   - 提升可用上下文: 0 tokens (0%)
[2026-06-19 14:00:01] 🎉 备份和清理完成！
[2026-06-19 14:00:01] 💡 下次会话启动时，上下文将更加宽松。
✅ 已记忆到: /root/clawd/memory/2026-06-19.md (类型: general)
[2026-06-20 02:00:01] 开始备份和清理记忆...
[2026-06-20 02:00:01] 步骤 1：记录清理前的上下文占用
[2026-06-20 02:00:01] 清理前上下文占用：
[2026-06-20 02:00:01]   - SOUL.md: 15689 bytes ≈ 3922 tokens
[2026-06-20 02:00:01]   - USER.md: 765 bytes ≈ 191 tokens
[2026-06-20 02:00:01]   - MEMORY.md: 218 bytes ≈ 54 tokens
[2026-06-20 02:00:01]   - Daily memory: 68 files, 21M
[2026-06-20 02:00:01]   - 总计 (不含 daily): 4167 tokens
[2026-06-20 02:00:01] 步骤 2：备份 MEMORY.md
[2026-06-20 02:00:01] ✅ MEMORY.md 备份到 /root/clawd/memory/backups/MEMORY.md.20260620-020001 (218 bytes)
[2026-06-20 02:00:01] 步骤 3：备份 daily memory
[2026-06-20 02:00:01] ✅ Daily memory 备份到 /root/clawd/memory/backups/daily-20260620.md.20260620-020001 (624 bytes)
[2026-06-20 02:00:01] 步骤 4：清理 MEMORY.md
[2026-06-20 02:00:01] ✅ MEMORY.md 已清理（218 bytes）
[2026-06-20 02:00:01] 步骤 5：清理 old daily memory（保留最近 1 天）
[2026-06-20 02:00:01] ✅ Old daily memory 已清理（保留最近 1 天，删除了 12 个文件）
[2026-06-20 02:00:01] 步骤 6：记录清理后的上下文占用
[2026-06-20 02:00:01] 清理后上下文占用：
[2026-06-20 02:00:01]   - SOUL.md: 15689 bytes ≈ 3922 tokens
[2026-06-20 02:00:01]   - USER.md: 765 bytes ≈ 191 tokens
[2026-06-20 02:00:01]   - MEMORY.md: 218 bytes ≈ 54 tokens
[2026-06-20 02:00:01]   - Daily memory: 56 files, 21M → 21M
[2026-06-20 02:00:01]   - 总计 (不含 daily): 4167 tokens
[2026-06-20 02:00:01]   - Daily memory 文件数: 68 → 56 (删除 12 个)
[2026-06-20 02:00:01] 步骤 7：计算对比
[2026-06-20 02:00:01] 对比结果：
[2026-06-20 02:00:01]   - 节省 tokens: 0 (0%)
[2026-06-20 02:00:01]   - 清理前可用上下文: 126833 tokens
[2026-06-20 02:00:01]   - 清理后可用上下文: 126833 tokens
[2026-06-20 02:00:01]   - 提升可用上下文: 0 tokens (0%)
[2026-06-20 02:00:01] 🎉 备份和清理完成！
[2026-06-20 02:00:01] 💡 下次会话启动时，上下文将更加宽松。
✅ 已记忆到: /root/clawd/memory/2026-06-20.md (类型: general)
[2026-06-20 14:00:02] 开始备份和清理记忆...
[2026-06-20 14:00:02] 步骤 1：记录清理前的上下文占用
[2026-06-20 14:00:02] 清理前上下文占用：
[2026-06-20 14:00:02]   - SOUL.md: 15689 bytes ≈ 3922 tokens
[2026-06-20 14:00:02]   - USER.md: 765 bytes ≈ 191 tokens
[2026-06-20 14:00:02]   - MEMORY.md: 218 bytes ≈ 54 tokens
[2026-06-20 14:00:02]   - Daily memory: 57 files, 21M
[2026-06-20 14:00:02]   - 总计 (不含 daily): 4167 tokens
[2026-06-20 14:00:02] 步骤 2：备份 MEMORY.md
[2026-06-20 14:00:02] ✅ MEMORY.md 备份到 /root/clawd/memory/backups/MEMORY.md.20260620-140002 (218 bytes)
[2026-06-20 14:00:02] 步骤 3：备份 daily memory
[2026-06-20 14:00:02] ✅ Daily memory 备份到 /root/clawd/memory/backups/daily-20260620.md.20260620-140002 (1086 bytes)
[2026-06-20 14:00:02] 步骤 4：清理 MEMORY.md
[2026-06-20 14:00:02] ✅ MEMORY.md 已清理（218 bytes）
[2026-06-20 14:00:02] 步骤 5：清理 old daily memory（保留最近 1 天）
find: ‘/root/clawd/memory/2026-06-18.md’: No such file or directory
[2026-06-21 02:00:01] 开始备份和清理记忆...
[2026-06-21 02:00:01] 步骤 1：记录清理前的上下文占用
[2026-06-21 02:00:01] 清理前上下文占用：
[2026-06-21 02:00:01]   - SOUL.md: 15689 bytes ≈ 3922 tokens
[2026-06-21 02:00:01]   - USER.md: 765 bytes ≈ 191 tokens
[2026-06-21 02:00:01]   - MEMORY.md: 218 bytes ≈ 54 tokens
[2026-06-21 02:00:01]   - Daily memory: 66 files, 22M
[2026-06-21 02:00:01]   - 总计 (不含 daily): 4167 tokens
[2026-06-21 02:00:01] 步骤 2：备份 MEMORY.md
[2026-06-21 02:00:01] ✅ MEMORY.md 备份到 /root/clawd/memory/backups/MEMORY.md.20260621-020001 (218 bytes)
[2026-06-21 02:00:01] 步骤 3：备份 daily memory
[2026-06-21 02:00:01] ✅ Daily memory 备份到 /root/clawd/memory/backups/daily-20260621.md.20260621-020001 (227 bytes)
[2026-06-21 02:00:01] 步骤 4：清理 MEMORY.md
[2026-06-21 02:00:01] ✅ MEMORY.md 已清理（218 bytes）
[2026-06-21 02:00:01] 步骤 5：清理 old daily memory（保留最近 1 天）
[2026-06-21 02:00:01] ✅ Old daily memory 已清理（保留最近 1 天，删除了 42 个文件）
[2026-06-21 02:00:01] 步骤 6：记录清理后的上下文占用
[2026-06-21 02:00:01] 清理后上下文占用：
[2026-06-21 02:00:01]   - SOUL.md: 15689 bytes ≈ 3922 tokens
[2026-06-21 02:00:01]   - USER.md: 765 bytes ≈ 191 tokens
[2026-06-21 02:00:01]   - MEMORY.md: 218 bytes ≈ 54 tokens
[2026-06-21 02:00:01]   - Daily memory: 24 files, 22M → 22M
[2026-06-21 02:00:01]   - 总计 (不含 daily): 4167 tokens
[2026-06-21 02:00:01]   - Daily memory 文件数: 66 → 24 (删除 42 个)
[2026-06-21 02:00:01] 步骤 7：计算对比
[2026-06-21 02:00:01] 对比结果：
[2026-06-21 02:00:01]   - 节省 tokens: 0 (0%)
[2026-06-21 02:00:01]   - 清理前可用上下文: 126833 tokens
[2026-06-21 02:00:01]   - 清理后可用上下文: 126833 tokens
[2026-06-21 02:00:01]   - 提升可用上下文: 0 tokens (0%)
[2026-06-21 02:00:02] 🎉 备份和清理完成！
[2026-06-21 02:00:02] 💡 下次会话启动时，上下文将更加宽松。
✅ 已记忆到: /root/clawd/memory/2026-06-21.md (类型: general)
[2026-06-21 14:00:01] 开始备份和清理记忆...
[2026-06-21 14:00:01] 步骤 1：记录清理前的上下文占用
[2026-06-21 14:00:01] 清理前上下文占用：
[2026-06-21 14:00:01]   - SOUL.md: 15689 bytes ≈ 3922 tokens
[2026-06-21 14:00:01]   - USER.md: 765 bytes ≈ 191 tokens
[2026-06-21 14:00:01]   - MEMORY.md: 218 bytes ≈ 54 tokens
[2026-06-21 14:00:01]   - Daily memory: 24 files, 22M
[2026-06-21 14:00:01]   - 总计 (不含 daily): 4167 tokens
[2026-06-21 14:00:01] 步骤 2：备份 MEMORY.md
[2026-06-21 14:00:01] ✅ MEMORY.md 备份到 /root/clawd/memory/backups/MEMORY.md.20260621-140001 (218 bytes)
[2026-06-21 14:00:01] 步骤 3：备份 daily memory
[2026-06-21 14:00:01] ✅ Daily memory 备份到 /root/clawd/memory/backups/daily-20260621.md.20260621-140001 (689 bytes)
[2026-06-21 14:00:01] 步骤 4：清理 MEMORY.md
[2026-06-21 14:00:01] ✅ MEMORY.md 已清理（218 bytes）
[2026-06-21 14:00:01] 步骤 5：清理 old daily memory（保留最近 1 天）
[2026-06-21 14:00:01] ✅ Old daily memory 已清理（保留最近 1 天，删除了 0 个文件）
[2026-06-21 14:00:01] 步骤 6：记录清理后的上下文占用
[2026-06-21 14:00:02] 清理后上下文占用：
[2026-06-21 14:00:02]   - SOUL.md: 15689 bytes ≈ 3922 tokens
[2026-06-21 14:00:02]   - USER.md: 765 bytes ≈ 191 tokens
[2026-06-21 14:00:02]   - MEMORY.md: 218 bytes ≈ 54 tokens
[2026-06-21 14:00:02]   - Daily memory: 24 files, 22M → 22M
[2026-06-21 14:00:02]   - 总计 (不含 daily): 4167 tokens
[2026-06-21 14:00:02]   - Daily memory 文件数: 24 → 24 (删除 0 个)
[2026-06-21 14:00:02] 步骤 7：计算对比
[2026-06-21 14:00:02] 对比结果：
[2026-06-21 14:00:02]   - 节省 tokens: 0 (0%)
[2026-06-21 14:00:02]   - 清理前可用上下文: 126833 tokens
[2026-06-21 14:00:02]   - 清理后可用上下文: 126833 tokens
[2026-06-21 14:00:02]   - 提升可用上下文: 0 tokens (0%)
[2026-06-21 14:00:02] 🎉 备份和清理完成！
[2026-06-21 14:00:02] 💡 下次会话启动时，上下文将更加宽松。
✅ 已记忆到: /root/clawd/memory/2026-06-21.md (类型: general)
[2026-06-22 02:00:01] 开始备份和清理记忆...
[2026-06-22 02:00:01] 步骤 1：记录清理前的上下文占用
[2026-06-22 02:00:01] 清理前上下文占用：
[2026-06-22 02:00:01]   - SOUL.md: 15689 bytes ≈ 3922 tokens
[2026-06-22 02:00:01]   - USER.md: 765 bytes ≈ 191 tokens
[2026-06-22 02:00:01]   - MEMORY.md: 218 bytes ≈ 54 tokens
[2026-06-22 02:00:01]   - Daily memory: 75 files, 22M
[2026-06-22 02:00:01]   - 总计 (不含 daily): 4167 tokens
[2026-06-22 02:00:01] 步骤 2：备份 MEMORY.md
[2026-06-22 02:00:01] ✅ MEMORY.md 备份到 /root/clawd/memory/backups/MEMORY.md.20260622-020001 (218 bytes)
[2026-06-22 02:00:01] 步骤 3：备份 daily memory
[2026-06-22 02:00:01] ✅ Daily memory 备份到 /root/clawd/memory/backups/daily-20260622.md.20260622-020001 (185 bytes)
[2026-06-22 02:00:01] 步骤 4：清理 MEMORY.md
[2026-06-22 02:00:01] ✅ MEMORY.md 已清理（218 bytes）
[2026-06-22 02:00:01] 步骤 5：清理 old daily memory（保留最近 1 天）
[2026-06-22 02:00:01] ✅ Old daily memory 已清理（保留最近 1 天，删除了 12 个文件）
[2026-06-22 02:00:01] 步骤 6：记录清理后的上下文占用
[2026-06-22 02:00:01] 清理后上下文占用：
[2026-06-22 02:00:01]   - SOUL.md: 15689 bytes ≈ 3922 tokens
[2026-06-22 02:00:01]   - USER.md: 765 bytes ≈ 191 tokens
[2026-06-22 02:00:01]   - MEMORY.md: 218 bytes ≈ 54 tokens
[2026-06-22 02:00:01]   - Daily memory: 63 files, 22M → 22M
[2026-06-22 02:00:01]   - 总计 (不含 daily): 4167 tokens
[2026-06-22 02:00:01]   - Daily memory 文件数: 75 → 63 (删除 12 个)
[2026-06-22 02:00:01] 步骤 7：计算对比
[2026-06-22 02:00:01] 对比结果：
[2026-06-22 02:00:01]   - 节省 tokens: 0 (0%)
[2026-06-22 02:00:01]   - 清理前可用上下文: 126833 tokens
[2026-06-22 02:00:01]   - 清理后可用上下文: 126833 tokens
[2026-06-22 02:00:01]   - 提升可用上下文: 0 tokens (0%)
[2026-06-22 02:00:01] 🎉 备份和清理完成！
[2026-06-22 02:00:01] 💡 下次会话启动时，上下文将更加宽松。
✅ 已记忆到: /root/clawd/memory/2026-06-22.md (类型: general)
[2026-06-22 14:00:01] 开始备份和清理记忆...
[2026-06-22 14:00:01] 步骤 1：记录清理前的上下文占用
[2026-06-22 14:00:01] 清理前上下文占用：
[2026-06-22 14:00:01]   - SOUL.md: 15689 bytes ≈ 3922 tokens
[2026-06-22 14:00:01]   - USER.md: 765 bytes ≈ 191 tokens
[2026-06-22 14:00:01]   - MEMORY.md: 218 bytes ≈ 54 tokens
[2026-06-22 14:00:01]   - Daily memory: 63 files, 22M
[2026-06-22 14:00:01]   - 总计 (不含 daily): 4167 tokens
[2026-06-22 14:00:01] 步骤 2：备份 MEMORY.md
[2026-06-22 14:00:01] ✅ MEMORY.md 备份到 /root/clawd/memory/backups/MEMORY.md.20260622-140001 (218 bytes)
[2026-06-22 14:00:01] 步骤 3：备份 daily memory
[2026-06-22 14:00:01] ✅ Daily memory 备份到 /root/clawd/memory/backups/daily-20260622.md.20260622-140001 (647 bytes)
[2026-06-22 14:00:01] 步骤 4：清理 MEMORY.md
[2026-06-22 14:00:01] ✅ MEMORY.md 已清理（218 bytes）
[2026-06-22 14:00:01] 步骤 5：清理 old daily memory（保留最近 1 天）
[2026-06-22 14:00:01] ✅ Old daily memory 已清理（保留最近 1 天，删除了 1 个文件）
[2026-06-22 14:00:01] 步骤 6：记录清理后的上下文占用
[2026-06-22 14:00:01] 清理后上下文占用：
[2026-06-22 14:00:01]   - SOUL.md: 15689 bytes ≈ 3922 tokens
[2026-06-22 14:00:01]   - USER.md: 765 bytes ≈ 191 tokens
[2026-06-22 14:00:01]   - MEMORY.md: 218 bytes ≈ 54 tokens
[2026-06-22 14:00:01]   - Daily memory: 62 files, 22M → 22M
[2026-06-22 14:00:01]   - 总计 (不含 daily): 4167 tokens
[2026-06-22 14:00:01]   - Daily memory 文件数: 63 → 62 (删除 1 个)
[2026-06-22 14:00:01] 步骤 7：计算对比
[2026-06-22 14:00:01] 对比结果：
[2026-06-22 14:00:01]   - 节省 tokens: 0 (0%)
[2026-06-22 14:00:01]   - 清理前可用上下文: 126833 tokens
[2026-06-22 14:00:01]   - 清理后可用上下文: 126833 tokens
[2026-06-22 14:00:01]   - 提升可用上下文: 0 tokens (0%)
[2026-06-22 14:00:01] 🎉 备份和清理完成！
[2026-06-22 14:00:01] 💡 下次会话启动时，上下文将更加宽松。
✅ 已记忆到: /root/clawd/memory/2026-06-22.md (类型: general)
[2026-06-23 02:00:01] 开始备份和清理记忆...
[2026-06-23 02:00:01] 步骤 1：记录清理前的上下文占用
[2026-06-23 02:00:01] 清理前上下文占用：
[2026-06-23 02:00:01]   - SOUL.md: 15689 bytes ≈ 3922 tokens
[2026-06-23 02:00:01]   - USER.md: 765 bytes ≈ 191 tokens
[2026-06-23 02:00:01]   - MEMORY.md: 218 bytes ≈ 54 tokens
[2026-06-23 02:00:01]   - Daily memory: 72 files, 22M
[2026-06-23 02:00:01]   - 总计 (不含 daily): 4167 tokens
[2026-06-23 02:00:01] 步骤 2：备份 MEMORY.md
[2026-06-23 02:00:01] ✅ MEMORY.md 备份到 /root/clawd/memory/backups/MEMORY.md.20260623-020001 (218 bytes)
[2026-06-23 02:00:01] 步骤 3：备份 daily memory
[2026-06-23 02:00:01] ✅ Daily memory 备份到 /root/clawd/memory/backups/daily-20260623.md.20260623-020001 (580 bytes)
[2026-06-23 02:00:01] 步骤 4：清理 MEMORY.md
[2026-06-23 02:00:01] ✅ MEMORY.md 已清理（218 bytes）
[2026-06-23 02:00:01] 步骤 5：清理 old daily memory（保留最近 1 天）
[2026-06-23 02:00:01] ✅ Old daily memory 已清理（保留最近 1 天，删除了 10 个文件）
[2026-06-23 02:00:01] 步骤 6：记录清理后的上下文占用
[2026-06-23 02:00:01] 清理后上下文占用：
[2026-06-23 02:00:01]   - SOUL.md: 15689 bytes ≈ 3922 tokens
[2026-06-23 02:00:01]   - USER.md: 765 bytes ≈ 191 tokens
[2026-06-23 02:00:01]   - MEMORY.md: 218 bytes ≈ 54 tokens
[2026-06-23 02:00:01]   - Daily memory: 62 files, 22M → 22M
[2026-06-23 02:00:01]   - 总计 (不含 daily): 4167 tokens
[2026-06-23 02:00:01]   - Daily memory 文件数: 72 → 62 (删除 10 个)
[2026-06-23 02:00:01] 步骤 7：计算对比
[2026-06-23 02:00:01] 对比结果：
[2026-06-23 02:00:01]   - 节省 tokens: 0 (0%)
[2026-06-23 02:00:01]   - 清理前可用上下文: 126833 tokens
[2026-06-23 02:00:01]   - 清理后可用上下文: 126833 tokens
[2026-06-23 02:00:01]   - 提升可用上下文: 0 tokens (0%)
[2026-06-23 02:00:01] 🎉 备份和清理完成！
[2026-06-23 02:00:01] 💡 下次会话启动时，上下文将更加宽松。
✅ 已记忆到: /root/clawd/memory/2026-06-23.md (类型: general)
[2026-06-23 14:00:01] 开始备份和清理记忆...
[2026-06-23 14:00:01] 步骤 1：记录清理前的上下文占用
[2026-06-23 14:00:01] 清理前上下文占用：
[2026-06-23 14:00:01]   - SOUL.md: 15689 bytes ≈ 3922 tokens
[2026-06-23 14:00:01]   - USER.md: 765 bytes ≈ 191 tokens
[2026-06-23 14:00:01]   - MEMORY.md: 218 bytes ≈ 54 tokens
[2026-06-23 14:00:01]   - Daily memory: 62 files, 22M
[2026-06-23 14:00:01]   - 总计 (不含 daily): 4167 tokens
[2026-06-23 14:00:01] 步骤 2：备份 MEMORY.md
cp: cannot create regular file '/root/clawd/memory/backups/MEMORY.md.20260623-140001': File exists
[2026-06-24 02:00:01] 开始备份和清理记忆...
[2026-06-24 02:00:01] 步骤 1：记录清理前的上下文占用
[2026-06-24 02:00:01] 清理前上下文占用：
[2026-06-24 02:00:01]   - SOUL.md: 15689 bytes ≈ 3922 tokens
[2026-06-24 02:00:01]   - USER.md: 765 bytes ≈ 191 tokens
[2026-06-24 02:00:01]   - MEMORY.md: 218 bytes ≈ 54 tokens
[2026-06-24 02:00:01]   - Daily memory: 80 files, 23M
[2026-06-24 02:00:01]   - 总计 (不含 daily): 4167 tokens
[2026-06-24 02:00:01] 步骤 2：备份 MEMORY.md
[2026-06-24 02:00:01] ✅ MEMORY.md 备份到 /root/clawd/memory/backups/MEMORY.md.20260624-020001 (218 bytes)
[2026-06-24 02:00:01] 步骤 3：备份 daily memory
[2026-06-24 02:00:01] ⚠️  今天的 daily memory 不存在，跳过备份
[2026-06-24 02:00:01] 步骤 4：清理 MEMORY.md
[2026-06-24 02:00:01] ✅ MEMORY.md 已清理（218 bytes）
[2026-06-24 02:00:01] 步骤 5：清理 old daily memory（保留最近 1 天）
[2026-06-24 02:00:01] ✅ Old daily memory 已清理（保留最近 1 天，删除了 51 个文件）
[2026-06-24 02:00:01] 步骤 6：记录清理后的上下文占用
[2026-06-24 02:00:01] 清理后上下文占用：
[2026-06-24 02:00:01]   - SOUL.md: 15689 bytes ≈ 3922 tokens
[2026-06-24 02:00:01]   - USER.md: 765 bytes ≈ 191 tokens
[2026-06-24 02:00:01]   - MEMORY.md: 218 bytes ≈ 54 tokens
[2026-06-24 02:00:01]   - Daily memory: 29 files, 23M → 22M
[2026-06-24 02:00:01]   - 总计 (不含 daily): 4167 tokens
[2026-06-24 02:00:01]   - Daily memory 文件数: 80 → 29 (删除 51 个)
[2026-06-24 02:00:01] 步骤 7：计算对比
[2026-06-24 02:00:02] 对比结果：
[2026-06-24 02:00:02]   - 节省 tokens: 0 (0%)
[2026-06-24 02:00:02]   - 清理前可用上下文: 126833 tokens
[2026-06-24 02:00:02]   - 清理后可用上下文: 126833 tokens
[2026-06-24 02:00:02]   - 提升可用上下文: 0 tokens (0%)
[2026-06-24 02:00:02] 🎉 备份和清理完成！
[2026-06-24 02:00:02] 💡 下次会话启动时，上下文将更加宽松。
✅ 已记忆到: /root/clawd/memory/2026-06-24.md (类型: general)
[2026-06-24 14:00:01] 开始备份和清理记忆...
[2026-06-24 14:00:01] 步骤 1：记录清理前的上下文占用
[2026-06-24 14:00:01] 清理前上下文占用：
[2026-06-24 14:00:01]   - SOUL.md: 15689 bytes ≈ 3922 tokens
[2026-06-24 14:00:01]   - USER.md: 765 bytes ≈ 191 tokens
[2026-06-24 14:00:01]   - MEMORY.md: 218 bytes ≈ 54 tokens
[2026-06-24 14:00:01]   - Daily memory: 30 files, 22M
[2026-06-24 14:00:01]   - 总计 (不含 daily): 4167 tokens
[2026-06-24 14:00:01] 步骤 2：备份 MEMORY.md
[2026-06-24 14:00:01] ✅ MEMORY.md 备份到 /root/clawd/memory/backups/MEMORY.md.20260624-140001 (218 bytes)
[2026-06-24 14:00:01] 步骤 3：备份 daily memory
[2026-06-24 14:00:01] ✅ Daily memory 备份到 /root/clawd/memory/backups/daily-20260624.md.20260624-140001 (462 bytes)
[2026-06-24 14:00:01] 步骤 4：清理 MEMORY.md
[2026-06-24 14:00:01] ✅ MEMORY.md 已清理（0 bytes）
[2026-06-24 14:00:01] 步骤 5：清理 old daily memory（保留最近 1 天）
[2026-06-24 14:00:01] ✅ Old daily memory 已清理（保留最近 1 天，删除了 0 个文件）
[2026-06-24 14:00:01] 步骤 6：记录清理后的上下文占用
[2026-06-24 14:00:01] 清理后上下文占用：
[2026-06-24 14:00:01]   - SOUL.md: 15689 bytes ≈ 3922 tokens
[2026-06-24 14:00:01]   - USER.md: 765 bytes ≈ 191 tokens
[2026-06-24 14:00:01]   - MEMORY.md: 218 bytes ≈ 54 tokens
[2026-06-24 14:00:01]   - Daily memory: 30 files, 22M → 22M
[2026-06-24 14:00:01]   - 总计 (不含 daily): 4167 tokens
[2026-06-24 14:00:01]   - Daily memory 文件数: 30 → 30 (删除 0 个)
[2026-06-24 14:00:01] 步骤 7：计算对比
[2026-06-24 14:00:01] 对比结果：
[2026-06-24 14:00:02]   - 节省 tokens: 0 (0%)
[2026-06-24 14:00:02]   - 清理前可用上下文: 126833 tokens
[2026-06-24 14:00:02]   - 清理后可用上下文: 126833 tokens
[2026-06-24 14:00:02]   - 提升可用上下文: 0 tokens (0%)
[2026-06-24 14:00:02] 🎉 备份和清理完成！
[2026-06-24 14:00:02] 💡 下次会话启动时，上下文将更加宽松。
✅ 已记忆到: /root/clawd/memory/2026-06-24.md (类型: general)
[2026-06-25 02:00:01] 开始备份和清理记忆...
[2026-06-25 02:00:01] 步骤 1：记录清理前的上下文占用
[2026-06-25 02:00:01] 清理前上下文占用：
[2026-06-25 02:00:01]   - SOUL.md: 15689 bytes ≈ 3922 tokens
[2026-06-25 02:00:01]   - USER.md: 765 bytes ≈ 191 tokens
[2026-06-25 02:00:01]   - MEMORY.md: 218 bytes ≈ 54 tokens
[2026-06-25 02:00:01]   - Daily memory: 47 files, 23M
[2026-06-25 02:00:01]   - 总计 (不含 daily): 4167 tokens
[2026-06-25 02:00:01] 步骤 2：备份 MEMORY.md
[2026-06-25 02:00:01] ✅ MEMORY.md 备份到 /root/clawd/memory/backups/MEMORY.md.20260625-020001 (218 bytes)
[2026-06-25 02:00:01] 步骤 3：备份 daily memory
[2026-06-25 02:00:01] ⚠️  今天的 daily memory 不存在，跳过备份
[2026-06-25 02:00:01] 步骤 4：清理 MEMORY.md
[2026-06-25 02:00:01] ✅ MEMORY.md 已清理（218 bytes）
[2026-06-25 02:00:01] 步骤 5：清理 old daily memory（保留最近 1 天）
[2026-06-25 02:00:01] ✅ Old daily memory 已清理（保留最近 1 天，删除了 10 个文件）
[2026-06-25 02:00:01] 步骤 6：记录清理后的上下文占用
[2026-06-25 02:00:02] 清理后上下文占用：
[2026-06-25 02:00:02]   - SOUL.md: 15689 bytes ≈ 3922 tokens
[2026-06-25 02:00:02]   - USER.md: 765 bytes ≈ 191 tokens
[2026-06-25 02:00:02]   - MEMORY.md: 218 bytes ≈ 54 tokens
[2026-06-25 02:00:02]   - Daily memory: 37 files, 23M → 23M
[2026-06-25 02:00:02]   - 总计 (不含 daily): 4167 tokens
[2026-06-25 02:00:02]   - Daily memory 文件数: 47 → 37 (删除 10 个)
[2026-06-25 02:00:02] 步骤 7：计算对比
[2026-06-25 02:00:02] 对比结果：
[2026-06-25 02:00:02]   - 节省 tokens: 0 (0%)
[2026-06-25 02:00:02]   - 清理前可用上下文: 126833 tokens
[2026-06-25 02:00:02]   - 清理后可用上下文: 126833 tokens
[2026-06-25 02:00:02]   - 提升可用上下文: 0 tokens (0%)
[2026-06-25 02:00:02] 🎉 备份和清理完成！
[2026-06-25 02:00:02] 💡 下次会话启动时，上下文将更加宽松。
✅ 已记忆到: /root/clawd/memory/2026-06-25.md (类型: general)
[2026-06-25 14:00:01] 开始备份和清理记忆...
[2026-06-25 14:00:01] 步骤 1：记录清理前的上下文占用
[2026-06-25 14:00:01] 清理前上下文占用：
[2026-06-25 14:00:01]   - SOUL.md: 15689 bytes ≈ 3922 tokens
[2026-06-25 14:00:01]   - USER.md: 765 bytes ≈ 191 tokens
[2026-06-25 14:00:01]   - MEMORY.md: 218 bytes ≈ 54 tokens
[2026-06-25 14:00:01]   - Daily memory: 38 files, 23M
[2026-06-25 14:00:01]   - 总计 (不含 daily): 4167 tokens
[2026-06-25 14:00:01] 步骤 2：备份 MEMORY.md
[2026-06-25 14:00:01] ✅ MEMORY.md 备份到 /root/clawd/memory/backups/MEMORY.md.20260625-140001 (218 bytes)
[2026-06-25 14:00:01] 步骤 3：备份 daily memory
[2026-06-25 14:00:01] ✅ Daily memory 备份到 /root/clawd/memory/backups/daily-20260625.md.20260625-140001 (462 bytes)
[2026-06-25 14:00:01] 步骤 4：清理 MEMORY.md
[2026-06-25 14:00:01] ✅ MEMORY.md 已清理（218 bytes）
[2026-06-25 14:00:01] 步骤 5：清理 old daily memory（保留最近 1 天）
[2026-06-25 14:00:02] ✅ Old daily memory 已清理（保留最近 1 天，删除了 0 个文件）
[2026-06-25 14:00:02] 步骤 6：记录清理后的上下文占用
[2026-06-25 14:00:02] 清理后上下文占用：
[2026-06-25 14:00:02]   - SOUL.md: 15689 bytes ≈ 3922 tokens
[2026-06-25 14:00:02]   - USER.md: 765 bytes ≈ 191 tokens
[2026-06-25 14:00:02]   - MEMORY.md: 218 bytes ≈ 54 tokens
[2026-06-25 14:00:02]   - Daily memory: 38 files, 23M → 23M
[2026-06-25 14:00:02]   - 总计 (不含 daily): 4167 tokens
[2026-06-25 14:00:02]   - Daily memory 文件数: 38 → 38 (删除 0 个)
[2026-06-25 14:00:02] 步骤 7：计算对比
[2026-06-25 14:00:02] 对比结果：
[2026-06-25 14:00:02]   - 节省 tokens: 0 (0%)
[2026-06-25 14:00:02]   - 清理前可用上下文: 126833 tokens
[2026-06-25 14:00:02]   - 清理后可用上下文: 126833 tokens
[2026-06-25 14:00:02]   - 提升可用上下文: 0 tokens (0%)
[2026-06-25 14:00:02] 🎉 备份和清理完成！
[2026-06-25 14:00:02] 💡 下次会话启动时，上下文将更加宽松。
✅ 已记忆到: /root/clawd/memory/2026-06-25.md (类型: general)
[2026-06-26 02:00:01] 开始备份和清理记忆...
[2026-06-26 02:00:01] 步骤 1：记录清理前的上下文占用
[2026-06-26 02:00:01] 清理前上下文占用：
[2026-06-26 02:00:01]   - SOUL.md: 15689 bytes ≈ 3922 tokens
[2026-06-26 02:00:01]   - USER.md: 765 bytes ≈ 191 tokens
[2026-06-26 02:00:01]   - MEMORY.md: 218 bytes ≈ 54 tokens
[2026-06-26 02:00:01]   - Daily memory: 38 files, 23M
[2026-06-26 02:00:01]   - 总计 (不含 daily): 4167 tokens
[2026-06-26 02:00:01] 步骤 2：备份 MEMORY.md
[2026-06-26 02:00:01] ✅ MEMORY.md 备份到 /root/clawd/memory/backups/MEMORY.md.20260626-020001 (218 bytes)
[2026-06-26 02:00:01] 步骤 3：备份 daily memory
[2026-06-26 02:00:01] ✅ Daily memory 备份到 /root/clawd/memory/backups/daily-20260626.md.20260626-020001 (1764 bytes)
[2026-06-26 02:00:01] 步骤 4：清理 MEMORY.md
[2026-06-26 02:00:01] ✅ MEMORY.md 已清理（218 bytes）
[2026-06-26 02:00:01] 步骤 5：清理 old daily memory（保留最近 1 天）
[2026-06-26 02:00:01] ✅ Old daily memory 已清理（保留最近 1 天，删除了 9 个文件）
[2026-06-26 02:00:01] 步骤 6：记录清理后的上下文占用
[2026-06-26 02:00:01] 清理后上下文占用：
[2026-06-26 02:00:02]   - SOUL.md: 15689 bytes ≈ 3922 tokens
[2026-06-26 02:00:02]   - USER.md: 765 bytes ≈ 191 tokens
[2026-06-26 02:00:02]   - MEMORY.md: 218 bytes ≈ 54 tokens
[2026-06-26 02:00:02]   - Daily memory: 29 files, 23M → 23M
[2026-06-26 02:00:02]   - 总计 (不含 daily): 4167 tokens
[2026-06-26 02:00:02]   - Daily memory 文件数: 38 → 29 (删除 9 个)
[2026-06-26 02:00:02] 步骤 7：计算对比
[2026-06-26 02:00:02] 对比结果：
[2026-06-26 02:00:02]   - 节省 tokens: 0 (0%)
[2026-06-26 02:00:02]   - 清理前可用上下文: 126833 tokens
[2026-06-26 02:00:02]   - 清理后可用上下文: 126833 tokens
[2026-06-26 02:00:02]   - 提升可用上下文: 0 tokens (0%)
[2026-06-26 02:00:02] 🎉 备份和清理完成！
[2026-06-26 02:00:02] 💡 下次会话启动时，上下文将更加宽松。
✅ 已记忆到: /root/clawd/memory/2026-06-26.md (类型: general)
[2026-06-26 14:00:01] 开始备份和清理记忆...
[2026-06-26 14:00:01] 步骤 1：记录清理前的上下文占用
[2026-06-26 14:00:01] 清理前上下文占用：
[2026-06-26 14:00:01]   - SOUL.md: 15689 bytes ≈ 3922 tokens
[2026-06-26 14:00:01]   - USER.md: 765 bytes ≈ 191 tokens
[2026-06-26 14:00:01]   - MEMORY.md: 218 bytes ≈ 54 tokens
[2026-06-26 14:00:01]   - Daily memory: 38 files, 23M
[2026-06-26 14:00:01]   - 总计 (不含 daily): 4167 tokens
[2026-06-26 14:00:01] 步骤 2：备份 MEMORY.md
[2026-06-26 14:00:01] ✅ MEMORY.md 备份到 /root/clawd/memory/backups/MEMORY.md.20260626-140001 (218 bytes)
[2026-06-26 14:00:02] 步骤 3：备份 daily memory
[2026-06-26 14:00:02] ✅ Daily memory 备份到 /root/clawd/memory/backups/daily-20260626.md.20260626-140001 (3187 bytes)
[2026-06-26 14:00:02] 步骤 4：清理 MEMORY.md
[2026-06-26 14:00:02] ✅ MEMORY.md 已清理（218 bytes）
[2026-06-26 14:00:02] 步骤 5：清理 old daily memory（保留最近 1 天）
[2026-06-26 14:00:02] ✅ Old daily memory 已清理（保留最近 1 天，删除了 0 个文件）
[2026-06-26 14:00:02] 步骤 6：记录清理后的上下文占用
[2026-06-26 14:00:02] 清理后上下文占用：
[2026-06-26 14:00:02]   - SOUL.md: 15689 bytes ≈ 3922 tokens
[2026-06-26 14:00:02]   - USER.md: 765 bytes ≈ 191 tokens
[2026-06-26 14:00:02]   - MEMORY.md: 218 bytes ≈ 54 tokens
[2026-06-26 14:00:02]   - Daily memory: 38 files, 23M → 23M
[2026-06-26 14:00:02]   - 总计 (不含 daily): 4167 tokens
[2026-06-26 14:00:02]   - Daily memory 文件数: 38 → 38 (删除 0 个)
[2026-06-26 14:00:02] 步骤 7：计算对比
[2026-06-26 14:00:02] 对比结果：
[2026-06-26 14:00:02]   - 节省 tokens: 0 (0%)
[2026-06-26 14:00:02]   - 清理前可用上下文: 126833 tokens
[2026-06-26 14:00:02]   - 清理后可用上下文: 126833 tokens
[2026-06-26 14:00:02]   - 提升可用上下文: 0 tokens (0%)
[2026-06-26 14:00:02] 🎉 备份和清理完成！
[2026-06-26 14:00:02] 💡 下次会话启动时，上下文将更加宽松。
✅ 已记忆到: /root/clawd/memory/2026-06-26.md (类型: general)
[2026-06-27 02:00:01] 开始备份和清理记忆...
[2026-06-27 02:00:01] 步骤 1：记录清理前的上下文占用
[2026-06-27 02:00:01] 清理前上下文占用：
[2026-06-27 02:00:01]   - SOUL.md: 15689 bytes ≈ 3922 tokens
[2026-06-27 02:00:01]   - USER.md: 765 bytes ≈ 191 tokens
[2026-06-27 02:00:01]   - MEMORY.md: 218 bytes ≈ 54 tokens
[2026-06-27 02:00:01]   - Daily memory: 48 files, 23M
[2026-06-27 02:00:01]   - 总计 (不含 daily): 4167 tokens
[2026-06-27 02:00:01] 步骤 2：备份 MEMORY.md
[2026-06-27 02:00:01] ✅ MEMORY.md 备份到 /root/clawd/memory/backups/MEMORY.md.20260627-020001 (218 bytes)
[2026-06-27 02:00:01] 步骤 3：备份 daily memory
[2026-06-27 02:00:01] ✅ Daily memory 备份到 /root/clawd/memory/backups/daily-20260627.md.20260627-020001 (188 bytes)
[2026-06-27 02:00:01] 步骤 4：清理 MEMORY.md
[2026-06-27 02:00:01] ✅ MEMORY.md 已清理（218 bytes）
[2026-06-27 02:00:01] 步骤 5：清理 old daily memory（保留最近 1 天）
[2026-06-27 02:00:01] ✅ Old daily memory 已清理（保留最近 1 天，删除了 0 个文件）
[2026-06-27 02:00:01] 步骤 6：记录清理后的上下文占用
[2026-06-27 02:00:01] 清理后上下文占用：
[2026-06-27 02:00:01]   - SOUL.md: 15689 bytes ≈ 3922 tokens
[2026-06-27 02:00:01]   - USER.md: 765 bytes ≈ 191 tokens
[2026-06-27 02:00:01]   - MEMORY.md: 218 bytes ≈ 54 tokens
[2026-06-27 02:00:01]   - Daily memory: 30 files, 23M → 23M
[2026-06-27 02:00:01]   - 总计 (不含 daily): 4167 tokens
[2026-06-27 02:00:01]   - Daily memory 文件数: 30 → 30 (删除 0 个)
[2026-06-27 02:00:01] 步骤 7：计算对比
[2026-06-27 02:00:01] 对比结果：
[2026-06-27 02:00:01]   - 节省 tokens: 0 (0%)
[2026-06-27 02:00:01]   - 清理前可用上下文: 126833 tokens
[2026-06-27 02:00:01]   - 清理后可用上下文: 126833 tokens
[2026-06-27 02:00:01]   - 提升可用上下文: 0 tokens (0%)
[2026-06-27 02:00:01] 🎉 备份和清理完成！
[2026-06-27 02:00:01] 💡 下次会话启动时，上下文将更加宽松。
✅ 已记忆到: /root/clawd/memory/2026-06-27.md (类型: general)
[2026-06-27 14:00:02] 开始备份和清理记忆...
[2026-06-27 14:00:02] 步骤 1：记录清理前的上下文占用
[2026-06-27 14:00:02] 清理前上下文占用：
[2026-06-27 14:00:02]   - SOUL.md: 15689 bytes ≈ 3922 tokens
[2026-06-27 14:00:02]   - USER.md: 765 bytes ≈ 191 tokens
[2026-06-27 14:00:02]   - MEMORY.md: 218 bytes ≈ 54 tokens
[2026-06-27 14:00:02]   - Daily memory: 30 files, 23M
[2026-06-27 14:00:02]   - 总计 (不含 daily): 4167 tokens
[2026-06-27 14:00:02] 步骤 2：备份 MEMORY.md
[2026-06-27 14:00:02] ✅ MEMORY.md 备份到 /root/clawd/memory/backups/MEMORY.md.20260627-140002 (218 bytes)
[2026-06-27 14:00:02] 步骤 3：备份 daily memory
[2026-06-27 14:00:02] ✅ Daily memory 备份到 /root/clawd/memory/backups/daily-20260627.md.20260627-140002 (650 bytes)
[2026-06-27 14:00:02] 步骤 4：清理 MEMORY.md
[2026-06-27 14:00:02] ✅ MEMORY.md 已清理（218 bytes）
[2026-06-27 14:00:02] 步骤 5：清理 old daily memory（保留最近 1 天）
[2026-06-27 14:00:02] ✅ Old daily memory 已清理（保留最近 1 天，删除了 0 个文件）
[2026-06-27 14:00:02] 步骤 6：记录清理后的上下文占用
[2026-06-27 14:00:02] 清理后上下文占用：
[2026-06-27 14:00:02]   - SOUL.md: 15689 bytes ≈ 3922 tokens
[2026-06-27 14:00:02]   - USER.md: 765 bytes ≈ 191 tokens
[2026-06-27 14:00:02]   - MEMORY.md: 218 bytes ≈ 54 tokens
[2026-06-27 14:00:02]   - Daily memory: 30 files, 23M → 23M
[2026-06-27 14:00:02]   - 总计 (不含 daily): 4167 tokens
[2026-06-27 14:00:02]   - Daily memory 文件数: 30 → 30 (删除 0 个)
[2026-06-27 14:00:02] 步骤 7：计算对比
[2026-06-27 14:00:02] 对比结果：
[2026-06-27 14:00:02]   - 节省 tokens: 0 (0%)
[2026-06-27 14:00:02]   - 清理前可用上下文: 126833 tokens
[2026-06-27 14:00:02]   - 清理后可用上下文: 126833 tokens
[2026-06-27 14:00:02]   - 提升可用上下文: 0 tokens (0%)
[2026-06-27 14:00:02] 🎉 备份和清理完成！
[2026-06-27 14:00:02] 💡 下次会话启动时，上下文将更加宽松。
✅ 已记忆到: /root/clawd/memory/2026-06-27.md (类型: general)
[2026-06-28 02:00:01] 开始备份和清理记忆...
[2026-06-28 02:00:01] 步骤 1：记录清理前的上下文占用
[2026-06-28 02:00:01] 清理前上下文占用：
[2026-06-28 02:00:01]   - SOUL.md: 15689 bytes ≈ 3922 tokens
[2026-06-28 02:00:01]   - USER.md: 765 bytes ≈ 191 tokens
[2026-06-28 02:00:01]   - MEMORY.md: 218 bytes ≈ 54 tokens
[2026-06-28 02:00:01]   - Daily memory: 47 files, 23M
[2026-06-28 02:00:01]   - 总计 (不含 daily): 4167 tokens
[2026-06-28 02:00:01] 步骤 2：备份 MEMORY.md
[2026-06-28 02:00:01] ✅ MEMORY.md 备份到 /root/clawd/memory/backups/MEMORY.md.20260628-020001 (218 bytes)
[2026-06-28 02:00:01] 步骤 3：备份 daily memory
[2026-06-28 02:00:01] ⚠️  今天的 daily memory 不存在，跳过备份
[2026-06-28 02:00:01] 步骤 4：清理 MEMORY.md
[2026-06-28 02:00:01] ✅ MEMORY.md 已清理（218 bytes）
[2026-06-28 02:00:01] 步骤 5：清理 old daily memory（保留最近 1 天）
[2026-06-28 02:00:01] ✅ Old daily memory 已清理（保留最近 1 天，删除了 9 个文件）
[2026-06-28 02:00:01] 步骤 6：记录清理后的上下文占用
[2026-06-28 02:00:01] 清理后上下文占用：
[2026-06-28 02:00:01]   - SOUL.md: 15689 bytes ≈ 3922 tokens
[2026-06-28 02:00:01]   - USER.md: 765 bytes ≈ 191 tokens
[2026-06-28 02:00:01]   - MEMORY.md: 218 bytes ≈ 54 tokens
[2026-06-28 02:00:01]   - Daily memory: 38 files, 23M → 23M
[2026-06-28 02:00:01]   - 总计 (不含 daily): 4167 tokens
[2026-06-28 02:00:01]   - Daily memory 文件数: 47 → 38 (删除 9 个)
[2026-06-28 02:00:01] 步骤 7：计算对比
[2026-06-28 02:00:01] 对比结果：
[2026-06-28 02:00:01]   - 节省 tokens: 0 (0%)
[2026-06-28 02:00:01]   - 清理前可用上下文: 126833 tokens
[2026-06-28 02:00:01]   - 清理后可用上下文: 126833 tokens
[2026-06-28 02:00:01]   - 提升可用上下文: 0 tokens (0%)
[2026-06-28 02:00:01] 🎉 备份和清理完成！
[2026-06-28 02:00:01] 💡 下次会话启动时，上下文将更加宽松。
✅ 已记忆到: /root/clawd/memory/2026-06-28.md (类型: general)
[2026-06-28 14:00:01] 开始备份和清理记忆...
[2026-06-28 14:00:01] 步骤 1：记录清理前的上下文占用
[2026-06-28 14:00:01] 清理前上下文占用：
[2026-06-28 14:00:01]   - SOUL.md: 15689 bytes ≈ 3922 tokens
[2026-06-28 14:00:01]   - USER.md: 765 bytes ≈ 191 tokens
[2026-06-28 14:00:01]   - MEMORY.md: 218 bytes ≈ 54 tokens
[2026-06-28 14:00:01]   - Daily memory: 39 files, 23M
[2026-06-28 14:00:01]   - 总计 (不含 daily): 4167 tokens
[2026-06-28 14:00:01] 步骤 2：备份 MEMORY.md
[2026-06-28 14:00:01] ✅ MEMORY.md 备份到 /root/clawd/memory/backups/MEMORY.md.20260628-140001 (218 bytes)
[2026-06-28 14:00:01] 步骤 3：备份 daily memory
[2026-06-28 14:00:01] ✅ Daily memory 备份到 /root/clawd/memory/backups/daily-20260628.md.20260628-140001 (462 bytes)
[2026-06-28 14:00:01] 步骤 4：清理 MEMORY.md
[2026-06-28 14:00:01] ✅ MEMORY.md 已清理（218 bytes）
[2026-06-28 14:00:01] 步骤 5：清理 old daily memory（保留最近 1 天）
[2026-06-28 14:00:01] ✅ Old daily memory 已清理（保留最近 1 天，删除了 10 个文件）
[2026-06-28 14:00:01] 步骤 6：记录清理后的上下文占用
[2026-06-28 14:00:01] 清理后上下文占用：
[2026-06-28 14:00:01]   - SOUL.md: 15689 bytes ≈ 3922 tokens
[2026-06-28 14:00:01]   - USER.md: 765 bytes ≈ 191 tokens
[2026-06-28 14:00:01]   - MEMORY.md: 218 bytes ≈ 54 tokens
[2026-06-28 14:00:01]   - Daily memory: 29 files, 23M → 23M
[2026-06-28 14:00:01]   - 总计 (不含 daily): 4167 tokens
[2026-06-28 14:00:01]   - Daily memory 文件数: 39 → 29 (删除 10 个)
[2026-06-28 14:00:01] 步骤 7：计算对比
[2026-06-28 14:00:01] 对比结果：
[2026-06-28 14:00:01]   - 节省 tokens: 0 (0%)
[2026-06-28 14:00:01]   - 清理前可用上下文: 126833 tokens
[2026-06-28 14:00:01]   - 清理后可用上下文: 126833 tokens
[2026-06-28 14:00:01]   - 提升可用上下文: 0 tokens (0%)
[2026-06-28 14:00:01] 🎉 备份和清理完成！
[2026-06-28 14:00:01] 💡 下次会话启动时，上下文将更加宽松。
✅ 已记忆到: /root/clawd/memory/2026-06-28.md (类型: general)
[2026-06-29 02:00:01] 开始备份和清理记忆...
[2026-06-29 02:00:01] 步骤 1：记录清理前的上下文占用
[2026-06-29 02:00:01] 清理前上下文占用：
[2026-06-29 02:00:01]   - SOUL.md: 15689 bytes ≈ 3922 tokens
[2026-06-29 02:00:01]   - USER.md: 765 bytes ≈ 191 tokens
[2026-06-29 02:00:01]   - MEMORY.md: 218 bytes ≈ 54 tokens
[2026-06-29 02:00:01]   - Daily memory: 51 files, 23M
[2026-06-29 02:00:01]   - 总计 (不含 daily): 4167 tokens
[2026-06-29 02:00:01] 步骤 2：备份 MEMORY.md
[2026-06-29 02:00:01] ✅ MEMORY.md 备份到 /root/clawd/memory/backups/MEMORY.md.20260629-020001 (218 bytes)
[2026-06-29 02:00:01] 步骤 3：备份 daily memory
[2026-06-29 02:00:01] ⚠️  今天的 daily memory 不存在，跳过备份
[2026-06-29 02:00:01] 步骤 4：清理 MEMORY.md
[2026-06-29 02:00:01] ✅ MEMORY.md 已清理（218 bytes）
[2026-06-29 02:00:01] 步骤 5：清理 old daily memory（保留最近 1 天）
[2026-06-29 02:00:01] ✅ Old daily memory 已清理（保留最近 1 天，删除了 10 个文件）
[2026-06-29 02:00:01] 步骤 6：记录清理后的上下文占用
[2026-06-29 02:00:01] 清理后上下文占用：
[2026-06-29 02:00:01]   - SOUL.md: 15689 bytes ≈ 3922 tokens
[2026-06-29 02:00:01]   - USER.md: 765 bytes ≈ 191 tokens
[2026-06-29 02:00:01]   - MEMORY.md: 218 bytes ≈ 54 tokens
[2026-06-29 02:00:01]   - Daily memory: 41 files, 23M → 23M
[2026-06-29 02:00:01]   - 总计 (不含 daily): 4167 tokens
[2026-06-29 02:00:01]   - Daily memory 文件数: 51 → 41 (删除 10 个)
[2026-06-29 02:00:01] 步骤 7：计算对比
[2026-06-29 02:00:01] 对比结果：
[2026-06-29 02:00:01]   - 节省 tokens: 0 (0%)
[2026-06-29 02:00:01]   - 清理前可用上下文: 126833 tokens
[2026-06-29 02:00:01]   - 清理后可用上下文: 126833 tokens
[2026-06-29 02:00:01]   - 提升可用上下文: 0 tokens (0%)
[2026-06-29 02:00:01] 🎉 备份和清理完成！
[2026-06-29 02:00:01] 💡 下次会话启动时，上下文将更加宽松。
✅ 已记忆到: /root/clawd/memory/2026-06-29.md (类型: general)
[2026-06-29 14:00:02] 开始备份和清理记忆...
[2026-06-29 14:00:02] 步骤 1：记录清理前的上下文占用
[2026-06-29 14:00:02] 清理前上下文占用：
[2026-06-29 14:00:02]   - SOUL.md: 15689 bytes ≈ 3922 tokens
[2026-06-29 14:00:02]   - USER.md: 765 bytes ≈ 191 tokens
[2026-06-29 14:00:02]   - MEMORY.md: 218 bytes ≈ 54 tokens
[2026-06-29 14:00:02]   - Daily memory: 42 files, 23M
[2026-06-29 14:00:02]   - 总计 (不含 daily): 4167 tokens
[2026-06-29 14:00:02] 步骤 2：备份 MEMORY.md
[2026-06-29 14:00:02] ✅ MEMORY.md 备份到 /root/clawd/memory/backups/MEMORY.md.20260629-140002 (218 bytes)
[2026-06-29 14:00:02] 步骤 3：备份 daily memory
[2026-06-29 14:00:02] ✅ Daily memory 备份到 /root/clawd/memory/backups/daily-20260629.md.20260629-140002 (462 bytes)
[2026-06-29 14:00:02] 步骤 4：清理 MEMORY.md
[2026-06-29 14:00:02] ✅ MEMORY.md 已清理（218 bytes）
[2026-06-29 14:00:02] 步骤 5：清理 old daily memory（保留最近 1 天）
[2026-06-29 14:00:02] ✅ Old daily memory 已清理（保留最近 1 天，删除了 0 个文件）
[2026-06-29 14:00:02] 步骤 6：记录清理后的上下文占用
[2026-06-29 14:00:02] 清理后上下文占用：
[2026-06-29 14:00:02]   - SOUL.md: 15689 bytes ≈ 3922 tokens
[2026-06-29 14:00:02]   - USER.md: 765 bytes ≈ 191 tokens
[2026-06-29 14:00:02]   - MEMORY.md: 218 bytes ≈ 54 tokens
[2026-06-29 14:00:02]   - Daily memory: 42 files, 23M → 23M
[2026-06-29 14:00:02]   - 总计 (不含 daily): 4167 tokens
[2026-06-29 14:00:02]   - Daily memory 文件数: 42 → 42 (删除 0 个)
[2026-06-29 14:00:02] 步骤 7：计算对比
[2026-06-29 14:00:02] 对比结果：
[2026-06-29 14:00:02]   - 节省 tokens: 0 (0%)
[2026-06-29 14:00:02]   - 清理前可用上下文: 126833 tokens
[2026-06-29 14:00:02]   - 清理后可用上下文: 126833 tokens
[2026-06-29 14:00:02]   - 提升可用上下文: 0 tokens (0%)
[2026-06-29 14:00:02] 🎉 备份和清理完成！
[2026-06-29 14:00:02] 💡 下次会话启动时，上下文将更加宽松。
✅ 已记忆到: /root/clawd/memory/2026-06-29.md (类型: general)
[2026-06-30 02:00:01] 开始备份和清理记忆...
[2026-06-30 02:00:01] 步骤 1：记录清理前的上下文占用
[2026-06-30 02:00:01] 清理前上下文占用：
[2026-06-30 02:00:01]   - SOUL.md: 15689 bytes ≈ 3922 tokens
[2026-06-30 02:00:01]   - USER.md: 765 bytes ≈ 191 tokens
[2026-06-30 02:00:01]   - MEMORY.md: 218 bytes ≈ 54 tokens
[2026-06-30 02:00:01]   - Daily memory: 52 files, 23M
[2026-06-30 02:00:01]   - 总计 (不含 daily): 4167 tokens
[2026-06-30 02:00:01] 步骤 2：备份 MEMORY.md
[2026-06-30 02:00:01] ✅ MEMORY.md 备份到 /root/clawd/memory/backups/MEMORY.md.20260630-020001 (218 bytes)
[2026-06-30 02:00:01] 步骤 3：备份 daily memory
[2026-06-30 02:00:02] ✅ Daily memory 备份到 /root/clawd/memory/backups/daily-20260630.md.20260630-020001 (1307 bytes)
[2026-06-30 02:00:02] 步骤 4：清理 MEMORY.md
[2026-06-30 02:00:02] ✅ MEMORY.md 已清理（218 bytes）
[2026-06-30 02:00:02] 步骤 5：清理 old daily memory（保留最近 1 天）
[2026-06-30 02:00:02] ✅ Old daily memory 已清理（保留最近 1 天，删除了 18 个文件）
[2026-06-30 02:00:02] 步骤 6：记录清理后的上下文占用
[2026-06-30 02:00:02] 清理后上下文占用：
[2026-06-30 02:00:02]   - SOUL.md: 15689 bytes ≈ 3922 tokens
[2026-06-30 02:00:02]   - USER.md: 765 bytes ≈ 191 tokens
[2026-06-30 02:00:02]   - MEMORY.md: 218 bytes ≈ 54 tokens
[2026-06-30 02:00:02]   - Daily memory: 34 files, 23M → 23M
[2026-06-30 02:00:02]   - 总计 (不含 daily): 4167 tokens
[2026-06-30 02:00:02]   - Daily memory 文件数: 52 → 34 (删除 18 个)
[2026-06-30 02:00:02] 步骤 7：计算对比
[2026-06-30 02:00:02] 对比结果：
[2026-06-30 02:00:02]   - 节省 tokens: 0 (0%)
[2026-06-30 02:00:02]   - 清理前可用上下文: 126833 tokens
[2026-06-30 02:00:02]   - 清理后可用上下文: 126833 tokens
[2026-06-30 02:00:02]   - 提升可用上下文: 0 tokens (0%)
[2026-06-30 02:00:02] 🎉 备份和清理完成！
[2026-06-30 02:00:02] 💡 下次会话启动时，上下文将更加宽松。
✅ 已记忆到: /root/clawd/memory/2026-06-30.md (类型: general)
[2026-06-30 14:00:01] 开始备份和清理记忆...
[2026-06-30 14:00:01] 步骤 1：记录清理前的上下文占用
[2026-06-30 14:00:01] 清理前上下文占用：
[2026-06-30 14:00:01]   - SOUL.md: 15689 bytes ≈ 3922 tokens
[2026-06-30 14:00:01]   - USER.md: 765 bytes ≈ 191 tokens
[2026-06-30 14:00:01]   - MEMORY.md: 218 bytes ≈ 54 tokens
[2026-06-30 14:00:01]   - Daily memory: 34 files, 23M
[2026-06-30 14:00:01]   - 总计 (不含 daily): 4167 tokens
[2026-06-30 14:00:01] 步骤 2：备份 MEMORY.md
[2026-06-30 14:00:01] ✅ MEMORY.md 备份到 /root/clawd/memory/backups/MEMORY.md.20260630-140001 (218 bytes)
[2026-06-30 14:00:01] 步骤 3：备份 daily memory
[2026-06-30 14:00:01] ✅ Daily memory 备份到 /root/clawd/memory/backups/daily-20260630.md.20260630-140001 (4498 bytes)
[2026-06-30 14:00:01] 步骤 4：清理 MEMORY.md
[2026-06-30 14:00:01] ✅ MEMORY.md 已清理（218 bytes）
[2026-06-30 14:00:01] 步骤 5：清理 old daily memory（保留最近 1 天）
[2026-06-30 14:00:01] ✅ Old daily memory 已清理（保留最近 1 天，删除了 0 个文件）
[2026-06-30 14:00:01] 步骤 6：记录清理后的上下文占用
[2026-06-30 14:00:01] 清理后上下文占用：
[2026-06-30 14:00:01]   - SOUL.md: 15689 bytes ≈ 3922 tokens
[2026-06-30 14:00:01]   - USER.md: 765 bytes ≈ 191 tokens
[2026-06-30 14:00:02]   - MEMORY.md: 218 bytes ≈ 54 tokens
[2026-06-30 14:00:02]   - Daily memory: 34 files, 23M → 23M
[2026-06-30 14:00:02]   - 总计 (不含 daily): 4167 tokens
[2026-06-30 14:00:02]   - Daily memory 文件数: 34 → 34 (删除 0 个)
[2026-06-30 14:00:02] 步骤 7：计算对比
[2026-06-30 14:00:02] 对比结果：
[2026-06-30 14:00:02]   - 节省 tokens: 0 (0%)
[2026-06-30 14:00:02]   - 清理前可用上下文: 126833 tokens
[2026-06-30 14:00:02]   - 清理后可用上下文: 126833 tokens
[2026-06-30 14:00:02]   - 提升可用上下文: 0 tokens (0%)
[2026-06-30 14:00:02] 🎉 备份和清理完成！
[2026-06-30 14:00:02] 💡 下次会话启动时，上下文将更加宽松。
✅ 已记忆到: /root/clawd/memory/2026-06-30.md (类型: general)
[2026-07-01 02:00:01] 开始备份和清理记忆...
[2026-07-01 02:00:01] 步骤 1：记录清理前的上下文占用
[2026-07-01 02:00:01] 清理前上下文占用：
[2026-07-01 02:00:01]   - SOUL.md: 15689 bytes ≈ 3922 tokens
[2026-07-01 02:00:01]   - USER.md: 765 bytes ≈ 191 tokens
[2026-07-01 02:00:01]   - MEMORY.md: 218 bytes ≈ 54 tokens
[2026-07-01 02:00:01]   - Daily memory: 44 files, 24M
[2026-07-01 02:00:01]   - 总计 (不含 daily): 4167 tokens
[2026-07-01 02:00:01] 步骤 2：备份 MEMORY.md
[2026-07-01 02:00:01] ✅ MEMORY.md 备份到 /root/clawd/memory/backups/MEMORY.md.20260701-020001 (218 bytes)
[2026-07-01 02:00:01] 步骤 3：备份 daily memory
[2026-07-01 02:00:01] ✅ Daily memory 备份到 /root/clawd/memory/backups/daily-20260701.md.20260701-020001 (558 bytes)
[2026-07-01 02:00:01] 步骤 4：清理 MEMORY.md
[2026-07-01 02:00:01] ✅ MEMORY.md 已清理（218 bytes）
[2026-07-01 02:00:01] 步骤 5：清理 old daily memory（保留最近 1 天）
[2026-07-01 02:00:01] ✅ Old daily memory 已清理（保留最近 1 天，删除了 0 个文件）
[2026-07-01 02:00:01] 步骤 6：记录清理后的上下文占用
[2026-07-01 02:00:01] 清理后上下文占用：
[2026-07-01 02:00:01]   - SOUL.md: 15689 bytes ≈ 3922 tokens
[2026-07-01 02:00:01]   - USER.md: 765 bytes ≈ 191 tokens
[2026-07-01 02:00:01]   - MEMORY.md: 218 bytes ≈ 54 tokens
[2026-07-01 02:00:01]   - Daily memory: 21 files, 23M → 23M
[2026-07-01 02:00:01]   - 总计 (不含 daily): 4167 tokens
[2026-07-01 02:00:01]   - Daily memory 文件数: 21 → 21 (删除 0 个)
[2026-07-01 02:00:01] 步骤 7：计算对比
[2026-07-01 02:00:01] 对比结果：
[2026-07-01 02:00:01]   - 节省 tokens: 0 (0%)
[2026-07-01 02:00:01]   - 清理前可用上下文: 126833 tokens
[2026-07-01 02:00:01]   - 清理后可用上下文: 126833 tokens
[2026-07-01 02:00:01]   - 提升可用上下文: 0 tokens (0%)
[2026-07-01 02:00:01] 🎉 备份和清理完成！
[2026-07-01 02:00:01] 💡 下次会话启动时，上下文将更加宽松。
✅ 已记忆到: /root/clawd/memory/2026-07-01.md (类型: general)
[2026-07-01 14:00:01] 开始备份和清理记忆...
[2026-07-01 14:00:01] 步骤 1：记录清理前的上下文占用
[2026-07-01 14:00:01] 清理前上下文占用：
[2026-07-01 14:00:01]   - SOUL.md: 15689 bytes ≈ 3922 tokens
[2026-07-01 14:00:01]   - USER.md: 765 bytes ≈ 191 tokens
[2026-07-01 14:00:01]   - MEMORY.md: 218 bytes ≈ 54 tokens
[2026-07-01 14:00:01]   - Daily memory: 23 files, 23M
[2026-07-01 14:00:01]   - 总计 (不含 daily): 4167 tokens
[2026-07-01 14:00:01] 步骤 2：备份 MEMORY.md
[2026-07-01 14:00:01] ✅ MEMORY.md 备份到 /root/clawd/memory/backups/MEMORY.md.20260701-140001 (218 bytes)
[2026-07-01 14:00:01] 步骤 3：备份 daily memory
[2026-07-01 14:00:01] ✅ Daily memory 备份到 /root/clawd/memory/backups/daily-20260701.md.20260701-140001 (1553 bytes)
[2026-07-01 14:00:01] 步骤 4：清理 MEMORY.md
[2026-07-01 14:00:01] ✅ MEMORY.md 已清理（218 bytes）
[2026-07-01 14:00:01] 步骤 5：清理 old daily memory（保留最近 1 天）
[2026-07-01 14:00:01] ✅ Old daily memory 已清理（保留最近 1 天，删除了 0 个文件）
[2026-07-01 14:00:01] 步骤 6：记录清理后的上下文占用
[2026-07-01 14:00:01] 清理后上下文占用：
[2026-07-01 14:00:01]   - SOUL.md: 15689 bytes ≈ 3922 tokens
[2026-07-01 14:00:01]   - USER.md: 765 bytes ≈ 191 tokens
[2026-07-01 14:00:01]   - MEMORY.md: 218 bytes ≈ 54 tokens
[2026-07-01 14:00:01]   - Daily memory: 23 files, 24M → 24M
[2026-07-01 14:00:01]   - 总计 (不含 daily): 4167 tokens
[2026-07-01 14:00:01]   - Daily memory 文件数: 23 → 23 (删除 0 个)
[2026-07-01 14:00:01] 步骤 7：计算对比
[2026-07-01 14:00:01] 对比结果：
[2026-07-01 14:00:01]   - 节省 tokens: 0 (0%)
[2026-07-01 14:00:01]   - 清理前可用上下文: 126833 tokens
[2026-07-01 14:00:01]   - 清理后可用上下文: 126833 tokens
[2026-07-01 14:00:01]   - 提升可用上下文: 0 tokens (0%)
[2026-07-01 14:00:01] 🎉 备份和清理完成！
[2026-07-01 14:00:01] 💡 下次会话启动时，上下文将更加宽松。
✅ 已记忆到: /root/clawd/memory/2026-07-01.md (类型: general)
[2026-07-02 02:00:02] 开始备份和清理记忆...
[2026-07-02 02:00:02] 步骤 1：记录清理前的上下文占用
[2026-07-02 02:00:02] 清理前上下文占用：
[2026-07-02 02:00:02]   - SOUL.md: 15689 bytes ≈ 3922 tokens
[2026-07-02 02:00:02]   - USER.md: 765 bytes ≈ 191 tokens
[2026-07-02 02:00:02]   - MEMORY.md: 218 bytes ≈ 54 tokens
[2026-07-02 02:00:02]   - Daily memory: 40 files, 24M
[2026-07-02 02:00:02]   - 总计 (不含 daily): 4167 tokens
[2026-07-02 02:00:02] 步骤 2：备份 MEMORY.md
[2026-07-02 02:00:02] ✅ MEMORY.md 备份到 /root/clawd/memory/backups/MEMORY.md.20260702-020001 (218 bytes)
[2026-07-02 02:00:02] 步骤 3：备份 daily memory
[2026-07-02 02:00:02] ⚠️  今天的 daily memory 不存在，跳过备份
[2026-07-02 02:00:02] 步骤 4：清理 MEMORY.md
[2026-07-02 02:00:02] ✅ MEMORY.md 已清理（218 bytes）
[2026-07-02 02:00:02] 步骤 5：清理 old daily memory（保留最近 1 天）
[2026-07-02 02:00:02] ✅ Old daily memory 已清理（保留最近 1 天，删除了 10 个文件）
[2026-07-02 02:00:02] 步骤 6：记录清理后的上下文占用
[2026-07-02 02:00:02] 清理后上下文占用：
[2026-07-02 02:00:02]   - SOUL.md: 15689 bytes ≈ 3922 tokens
[2026-07-02 02:00:02]   - USER.md: 765 bytes ≈ 191 tokens
[2026-07-02 02:00:02]   - MEMORY.md: 218 bytes ≈ 54 tokens
[2026-07-02 02:00:02]   - Daily memory: 30 files, 24M → 24M
[2026-07-02 02:00:02]   - 总计 (不含 daily): 4167 tokens
[2026-07-02 02:00:02]   - Daily memory 文件数: 40 → 30 (删除 10 个)
[2026-07-02 02:00:02] 步骤 7：计算对比
[2026-07-02 02:00:02] 对比结果：
[2026-07-02 02:00:02]   - 节省 tokens: 0 (0%)
[2026-07-02 02:00:02]   - 清理前可用上下文: 126833 tokens
[2026-07-02 02:00:02]   - 清理后可用上下文: 126833 tokens
[2026-07-02 02:00:02]   - 提升可用上下文: 0 tokens (0%)
[2026-07-02 02:00:02] 🎉 备份和清理完成！
[2026-07-02 02:00:02] 💡 下次会话启动时，上下文将更加宽松。
✅ 已记忆到: /root/clawd/memory/2026-07-02.md (类型: general)
[2026-07-02 14:00:01] 开始备份和清理记忆...
[2026-07-02 14:00:01] 步骤 1：记录清理前的上下文占用
[2026-07-02 14:00:01] 清理前上下文占用：
[2026-07-02 14:00:01]   - SOUL.md: 15689 bytes ≈ 3922 tokens
[2026-07-02 14:00:01]   - USER.md: 765 bytes ≈ 191 tokens
[2026-07-02 14:00:01]   - MEMORY.md: 218 bytes ≈ 54 tokens
[2026-07-02 14:00:01]   - Daily memory: 40 files, 24M
[2026-07-02 14:00:01]   - 总计 (不含 daily): 4167 tokens
[2026-07-02 14:00:01] 步骤 2：备份 MEMORY.md
[2026-07-02 14:00:01] ✅ MEMORY.md 备份到 /root/clawd/memory/backups/MEMORY.md.20260702-140001 (218 bytes)
[2026-07-02 14:00:01] 步骤 3：备份 daily memory
[2026-07-02 14:00:01] ✅ Daily memory 备份到 /root/clawd/memory/backups/daily-20260702.md.20260702-140001 (602 bytes)
[2026-07-02 14:00:01] 步骤 4：清理 MEMORY.md
[2026-07-02 14:00:01] ✅ MEMORY.md 已清理（218 bytes）
[2026-07-02 14:00:01] 步骤 5：清理 old daily memory（保留最近 1 天）
[2026-07-02 14:00:01] ✅ Old daily memory 已清理（保留最近 1 天，删除了 0 个文件）
[2026-07-02 14:00:01] 步骤 6：记录清理后的上下文占用
[2026-07-02 14:00:02] 清理后上下文占用：
[2026-07-02 14:00:02]   - SOUL.md: 15689 bytes ≈ 3922 tokens
[2026-07-02 14:00:02]   - USER.md: 765 bytes ≈ 191 tokens
[2026-07-02 14:00:02]   - MEMORY.md: 218 bytes ≈ 54 tokens
[2026-07-02 14:00:02]   - Daily memory: 40 files, 24M → 24M
[2026-07-02 14:00:02]   - 总计 (不含 daily): 4167 tokens
[2026-07-02 14:00:02]   - Daily memory 文件数: 40 → 40 (删除 0 个)
[2026-07-02 14:00:02] 步骤 7：计算对比
[2026-07-02 14:00:02] 对比结果：
[2026-07-02 14:00:02]   - 节省 tokens: 0 (0%)
[2026-07-02 14:00:02]   - 清理前可用上下文: 126833 tokens
[2026-07-02 14:00:02]   - 清理后可用上下文: 126833 tokens
[2026-07-02 14:00:02]   - 提升可用上下文: 0 tokens (0%)
[2026-07-02 14:00:02] 🎉 备份和清理完成！
[2026-07-02 14:00:02] 💡 下次会话启动时，上下文将更加宽松。
✅ 已记忆到: /root/clawd/memory/2026-07-02.md (类型: general)
[2026-07-03 02:00:01] 开始备份和清理记忆...
[2026-07-03 02:00:01] 步骤 1：记录清理前的上下文占用
[2026-07-03 02:00:01] 清理前上下文占用：
[2026-07-03 02:00:01]   - SOUL.md: 15689 bytes ≈ 3922 tokens
[2026-07-03 02:00:01]   - USER.md: 765 bytes ≈ 191 tokens
[2026-07-03 02:00:01]   - MEMORY.md: 218 bytes ≈ 54 tokens
[2026-07-03 02:00:01]   - Daily memory: 40 files, 24M
[2026-07-03 02:00:01]   - 总计 (不含 daily): 4167 tokens
[2026-07-03 02:00:01] 步骤 2：备份 MEMORY.md
[2026-07-03 02:00:01] ✅ MEMORY.md 备份到 /root/clawd/memory/backups/MEMORY.md.20260703-020001 (218 bytes)
[2026-07-03 02:00:01] 步骤 3：备份 daily memory
[2026-07-03 02:00:01] ⚠️  今天的 daily memory 不存在，跳过备份
[2026-07-03 02:00:01] 步骤 4：清理 MEMORY.md
[2026-07-03 02:00:01] ✅ MEMORY.md 已清理（218 bytes）
[2026-07-03 02:00:01] 步骤 5：清理 old daily memory（保留最近 1 天）
[2026-07-03 02:00:01] ✅ Old daily memory 已清理（保留最近 1 天，删除了 9 个文件）
[2026-07-03 02:00:01] 步骤 6：记录清理后的上下文占用
[2026-07-03 02:00:01] 清理后上下文占用：
[2026-07-03 02:00:01]   - SOUL.md: 15689 bytes ≈ 3922 tokens
[2026-07-03 02:00:01]   - USER.md: 765 bytes ≈ 191 tokens
[2026-07-03 02:00:01]   - MEMORY.md: 218 bytes ≈ 54 tokens
[2026-07-03 02:00:01]   - Daily memory: 31 files, 24M → 24M
[2026-07-03 02:00:01]   - 总计 (不含 daily): 4167 tokens
[2026-07-03 02:00:01]   - Daily memory 文件数: 40 → 31 (删除 9 个)
[2026-07-03 02:00:01] 步骤 7：计算对比
[2026-07-03 02:00:01] 对比结果：
[2026-07-03 02:00:01]   - 节省 tokens: 0 (0%)
[2026-07-03 02:00:01]   - 清理前可用上下文: 126833 tokens
[2026-07-03 02:00:01]   - 清理后可用上下文: 126833 tokens
[2026-07-03 02:00:01]   - 提升可用上下文: 0 tokens (0%)
[2026-07-03 02:00:01] 🎉 备份和清理完成！
[2026-07-03 02:00:01] 💡 下次会话启动时，上下文将更加宽松。
✅ 已记忆到: /root/clawd/memory/2026-07-03.md (类型: general)
[2026-07-03 14:00:01] 开始备份和清理记忆...
[2026-07-03 14:00:01] 步骤 1：记录清理前的上下文占用
[2026-07-03 14:00:01] 清理前上下文占用：
[2026-07-03 14:00:01]   - SOUL.md: 15689 bytes ≈ 3922 tokens
[2026-07-03 14:00:01]   - USER.md: 765 bytes ≈ 191 tokens
[2026-07-03 14:00:01]   - MEMORY.md: 218 bytes ≈ 54 tokens
[2026-07-03 14:00:01]   - Daily memory: 32 files, 24M
[2026-07-03 14:00:01]   - 总计 (不含 daily): 4167 tokens
[2026-07-03 14:00:01] 步骤 2：备份 MEMORY.md
[2026-07-03 14:00:01] ✅ MEMORY.md 备份到 /root/clawd/memory/backups/MEMORY.md.20260703-140001 (218 bytes)
[2026-07-03 14:00:01] 步骤 3：备份 daily memory
[2026-07-03 14:00:01] ✅ Daily memory 备份到 /root/clawd/memory/backups/daily-20260703.md.20260703-140001 (462 bytes)
[2026-07-03 14:00:01] 步骤 4：清理 MEMORY.md
[2026-07-03 14:00:01] ✅ MEMORY.md 已清理（218 bytes）
[2026-07-03 14:00:01] 步骤 5：清理 old daily memory（保留最近 1 天）
[2026-07-03 14:00:01] ✅ Old daily memory 已清理（保留最近 1 天，删除了 0 个文件）
[2026-07-03 14:00:01] 步骤 6：记录清理后的上下文占用
[2026-07-03 14:00:02] 清理后上下文占用：
[2026-07-03 14:00:02]   - SOUL.md: 15689 bytes ≈ 3922 tokens
[2026-07-03 14:00:02]   - USER.md: 765 bytes ≈ 191 tokens
[2026-07-03 14:00:02]   - MEMORY.md: 218 bytes ≈ 54 tokens
[2026-07-03 14:00:02]   - Daily memory: 30 files, 24M → 24M
[2026-07-03 14:00:02]   - 总计 (不含 daily): 4167 tokens
[2026-07-03 14:00:02]   - Daily memory 文件数: 30 → 30 (删除 0 个)
[2026-07-03 14:00:02] 步骤 7：计算对比
[2026-07-03 14:00:02] 对比结果：
[2026-07-03 14:00:02]   - 节省 tokens: 0 (0%)
[2026-07-03 14:00:02]   - 清理前可用上下文: 126833 tokens
[2026-07-03 14:00:02]   - 清理后可用上下文: 126833 tokens
[2026-07-03 14:00:02]   - 提升可用上下文: 0 tokens (0%)
[2026-07-03 14:00:02] 🎉 备份和清理完成！
[2026-07-03 14:00:02] 💡 下次会话启动时，上下文将更加宽松。
✅ 已记忆到: /root/clawd/memory/2026-07-03.md (类型: general)
[2026-07-04 02:00:01] 开始备份和清理记忆...
[2026-07-04 02:00:01] 步骤 1：记录清理前的上下文占用
[2026-07-04 02:00:01] 清理前上下文占用：
[2026-07-04 02:00:01]   - SOUL.md: 15689 bytes ≈ 3922 tokens
[2026-07-04 02:00:01]   - USER.md: 765 bytes ≈ 191 tokens
[2026-07-04 02:00:01]   - MEMORY.md: 218 bytes ≈ 54 tokens
[2026-07-04 02:00:01]   - Daily memory: 30 files, 24M
[2026-07-04 02:00:01]   - 总计 (不含 daily): 4167 tokens
[2026-07-04 02:00:01] 步骤 2：备份 MEMORY.md
[2026-07-04 02:00:01] ✅ MEMORY.md 备份到 /root/clawd/memory/backups/MEMORY.md.20260704-020001 (218 bytes)
[2026-07-04 02:00:01] 步骤 3：备份 daily memory
[2026-07-04 02:00:01] ⚠️  今天的 daily memory 不存在，跳过备份
[2026-07-04 02:00:01] 步骤 4：清理 MEMORY.md
[2026-07-04 02:00:01] ✅ MEMORY.md 已清理（218 bytes）
[2026-07-04 02:00:01] 步骤 5：清理 old daily memory（保留最近 1 天）
[2026-07-04 02:00:01] ✅ Old daily memory 已清理（保留最近 1 天，删除了 18 个文件）
[2026-07-04 02:00:01] 步骤 6：记录清理后的上下文占用
[2026-07-04 02:00:01] 清理后上下文占用：
[2026-07-04 02:00:01]   - SOUL.md: 15689 bytes ≈ 3922 tokens
[2026-07-04 02:00:01]   - USER.md: 765 bytes ≈ 191 tokens
[2026-07-04 02:00:01]   - MEMORY.md: 218 bytes ≈ 54 tokens
[2026-07-04 02:00:01]   - Daily memory: 12 files, 24M → 24M
[2026-07-04 02:00:01]   - 总计 (不含 daily): 4167 tokens
[2026-07-04 02:00:01]   - Daily memory 文件数: 30 → 12 (删除 18 个)
[2026-07-04 02:00:01] 步骤 7：计算对比
[2026-07-04 02:00:01] 对比结果：
[2026-07-04 02:00:01]   - 节省 tokens: 0 (0%)
[2026-07-04 02:00:01]   - 清理前可用上下文: 126833 tokens
[2026-07-04 02:00:01]   - 清理后可用上下文: 126833 tokens
[2026-07-04 02:00:01]   - 提升可用上下文: 0 tokens (0%)
[2026-07-04 02:00:01] 🎉 备份和清理完成！
[2026-07-04 02:00:01] 💡 下次会话启动时，上下文将更加宽松。
✅ 已记忆到: /root/clawd/memory/2026-07-04.md (类型: general)
[2026-07-04 14:00:01] 开始备份和清理记忆...
[2026-07-04 14:00:01] 步骤 1：记录清理前的上下文占用
[2026-07-04 14:00:01] 清理前上下文占用：
[2026-07-04 14:00:01]   - SOUL.md: 15689 bytes ≈ 3922 tokens
[2026-07-04 14:00:01]   - USER.md: 765 bytes ≈ 191 tokens
[2026-07-04 14:00:01]   - MEMORY.md: 218 bytes ≈ 54 tokens
[2026-07-04 14:00:01]   - Daily memory: 13 files, 24M
[2026-07-04 14:00:01]   - 总计 (不含 daily): 4167 tokens
[2026-07-04 14:00:01] 步骤 2：备份 MEMORY.md
[2026-07-04 14:00:01] ✅ MEMORY.md 备份到 /root/clawd/memory/backups/MEMORY.md.20260704-140001 (218 bytes)
[2026-07-04 14:00:01] 步骤 3：备份 daily memory
[2026-07-04 14:00:01] ✅ Daily memory 备份到 /root/clawd/memory/backups/daily-20260704.md.20260704-140001 (462 bytes)
[2026-07-04 14:00:01] 步骤 4：清理 MEMORY.md
[2026-07-04 14:00:01] ✅ MEMORY.md 已清理（218 bytes）
[2026-07-04 14:00:01] 步骤 5：清理 old daily memory（保留最近 1 天）
[2026-07-04 14:00:01] ✅ Old daily memory 已清理（保留最近 1 天，删除了 10 个文件）
[2026-07-04 14:00:02] 步骤 6：记录清理后的上下文占用
[2026-07-04 14:00:02] 清理后上下文占用：
[2026-07-04 14:00:02]   - SOUL.md: 15689 bytes ≈ 3922 tokens
[2026-07-04 14:00:02]   - USER.md: 765 bytes ≈ 191 tokens
[2026-07-04 14:00:02]   - MEMORY.md: 218 bytes ≈ 54 tokens
[2026-07-04 14:00:02]   - Daily memory: 3 files, 24M → 24M
[2026-07-04 14:00:02]   - 总计 (不含 daily): 4167 tokens
[2026-07-04 14:00:02]   - Daily memory 文件数: 13 → 3 (删除 10 个)
[2026-07-04 14:00:02] 步骤 7：计算对比
[2026-07-04 14:00:02] 对比结果：
[2026-07-04 14:00:02]   - 节省 tokens: 0 (0%)
[2026-07-04 14:00:02]   - 清理前可用上下文: 126833 tokens
[2026-07-04 14:00:02]   - 清理后可用上下文: 126833 tokens
[2026-07-04 14:00:02]   - 提升可用上下文: 0 tokens (0%)
[2026-07-04 14:00:02] 🎉 备份和清理完成！
[2026-07-04 14:00:02] 💡 下次会话启动时，上下文将更加宽松。
✅ 已记忆到: /root/clawd/memory/2026-07-04.md (类型: general)
[2026-07-05 02:00:01] 开始备份和清理记忆...
[2026-07-05 02:00:01] 步骤 1：记录清理前的上下文占用
[2026-07-05 02:00:01] 清理前上下文占用：
[2026-07-05 02:00:01]   - SOUL.md: 15689 bytes ≈ 3922 tokens
[2026-07-05 02:00:01]   - USER.md: 765 bytes ≈ 191 tokens
[2026-07-05 02:00:01]   - MEMORY.md: 218 bytes ≈ 54 tokens
[2026-07-05 02:00:01]   - Daily memory: 3 files, 24M
[2026-07-05 02:00:01]   - 总计 (不含 daily): 4167 tokens
[2026-07-05 02:00:01] 步骤 2：备份 MEMORY.md
[2026-07-05 02:00:01] ✅ MEMORY.md 备份到 /root/clawd/memory/backups/MEMORY.md.20260705-020001 (218 bytes)
[2026-07-05 02:00:01] 步骤 3：备份 daily memory
[2026-07-05 02:00:01] ⚠️  今天的 daily memory 不存在，跳过备份
[2026-07-05 02:00:01] 步骤 4：清理 MEMORY.md
[2026-07-05 02:00:01] ✅ MEMORY.md 已清理（218 bytes）
[2026-07-05 02:00:01] 步骤 5：清理 old daily memory（保留最近 1 天）
[2026-07-05 02:00:01] ✅ Old daily memory 已清理（保留最近 1 天，删除了 1 个文件）
[2026-07-05 02:00:01] 步骤 6：记录清理后的上下文占用
[2026-07-05 02:00:01] 清理后上下文占用：
[2026-07-05 02:00:01]   - SOUL.md: 15689 bytes ≈ 3922 tokens
[2026-07-05 02:00:01]   - USER.md: 765 bytes ≈ 191 tokens
[2026-07-05 02:00:01]   - MEMORY.md: 218 bytes ≈ 54 tokens
[2026-07-05 02:00:01]   - Daily memory: 2 files, 24M → 24M
[2026-07-05 02:00:01]   - 总计 (不含 daily): 4167 tokens
[2026-07-05 02:00:01]   - Daily memory 文件数: 3 → 2 (删除 1 个)
[2026-07-05 02:00:01] 步骤 7：计算对比
[2026-07-05 02:00:01] 对比结果：
[2026-07-05 02:00:01]   - 节省 tokens: 0 (0%)
[2026-07-05 02:00:01]   - 清理前可用上下文: 126833 tokens
[2026-07-05 02:00:01]   - 清理后可用上下文: 126833 tokens
[2026-07-05 02:00:01]   - 提升可用上下文: 0 tokens (0%)
[2026-07-05 02:00:01] 🎉 备份和清理完成！
[2026-07-05 02:00:01] 💡 下次会话启动时，上下文将更加宽松。
✅ 已记忆到: /root/clawd/memory/2026-07-05.md (类型: general)
[2026-07-05 14:00:02] 开始备份和清理记忆...
[2026-07-05 14:00:02] 步骤 1：记录清理前的上下文占用
[2026-07-05 14:00:02] 清理前上下文占用：
[2026-07-05 14:00:02]   - SOUL.md: 15689 bytes ≈ 3922 tokens
[2026-07-05 14:00:02]   - USER.md: 765 bytes ≈ 191 tokens
[2026-07-05 14:00:02]   - MEMORY.md: 218 bytes ≈ 54 tokens
[2026-07-05 14:00:02]   - Daily memory: 3 files, 24M
[2026-07-05 14:00:02]   - 总计 (不含 daily): 4167 tokens
[2026-07-05 14:00:02] 步骤 2：备份 MEMORY.md
[2026-07-05 14:00:02] ✅ MEMORY.md 备份到 /root/clawd/memory/backups/MEMORY.md.20260705-140002 (218 bytes)
[2026-07-05 14:00:02] 步骤 3：备份 daily memory
[2026-07-05 14:00:02] ✅ Daily memory 备份到 /root/clawd/memory/backups/daily-20260705.md.20260705-140002 (462 bytes)
[2026-07-05 14:00:02] 步骤 4：清理 MEMORY.md
[2026-07-05 14:00:02] ✅ MEMORY.md 已清理（218 bytes）
[2026-07-05 14:00:02] 步骤 5：清理 old daily memory（保留最近 1 天）
[2026-07-05 14:00:02] ✅ Old daily memory 已清理（保留最近 1 天，删除了 1 个文件）
[2026-07-05 14:00:02] 步骤 6：记录清理后的上下文占用
[2026-07-05 14:00:02] 清理后上下文占用：
[2026-07-05 14:00:02]   - SOUL.md: 15689 bytes ≈ 3922 tokens
[2026-07-05 14:00:02]   - USER.md: 765 bytes ≈ 191 tokens
[2026-07-05 14:00:02]   - MEMORY.md: 218 bytes ≈ 54 tokens
[2026-07-05 14:00:02]   - Daily memory: 2 files, 24M → 24M
[2026-07-05 14:00:02]   - 总计 (不含 daily): 4167 tokens
[2026-07-05 14:00:02]   - Daily memory 文件数: 3 → 2 (删除 1 个)
[2026-07-05 14:00:02] 步骤 7：计算对比
[2026-07-05 14:00:02] 对比结果：
[2026-07-05 14:00:02]   - 节省 tokens: 0 (0%)
[2026-07-05 14:00:02]   - 清理前可用上下文: 126833 tokens
[2026-07-05 14:00:02]   - 清理后可用上下文: 126833 tokens
[2026-07-05 14:00:02]   - 提升可用上下文: 0 tokens (0%)
[2026-07-05 14:00:02] 🎉 备份和清理完成！
[2026-07-05 14:00:02] 💡 下次会话启动时，上下文将更加宽松。
✅ 已记忆到: /root/clawd/memory/2026-07-05.md (类型: general)
[2026-07-06 02:00:01] 开始备份和清理记忆...
[2026-07-06 02:00:01] 步骤 1：记录清理前的上下文占用
[2026-07-06 02:00:01] 清理前上下文占用：
[2026-07-06 02:00:01]   - SOUL.md: 15689 bytes ≈ 3922 tokens
[2026-07-06 02:00:01]   - USER.md: 765 bytes ≈ 191 tokens
[2026-07-06 02:00:01]   - MEMORY.md: 218 bytes ≈ 54 tokens
[2026-07-06 02:00:01]   - Daily memory: 2 files, 24M
[2026-07-06 02:00:01]   - 总计 (不含 daily): 4167 tokens
[2026-07-06 02:00:01] 步骤 2：备份 MEMORY.md
[2026-07-06 02:00:01] ✅ MEMORY.md 备份到 /root/clawd/memory/backups/MEMORY.md.20260706-020001 (218 bytes)
[2026-07-06 02:00:01] 步骤 3：备份 daily memory
[2026-07-06 02:00:01] ⚠️  今天的 daily memory 不存在，跳过备份
[2026-07-06 02:00:01] 步骤 4：清理 MEMORY.md
[2026-07-06 02:00:01] ✅ MEMORY.md 已清理（218 bytes）
[2026-07-06 02:00:01] 步骤 5：清理 old daily memory（保留最近 1 天）
[2026-07-06 02:00:02] ✅ Old daily memory 已清理（保留最近 1 天，删除了 0 个文件）
[2026-07-06 02:00:02] 步骤 6：记录清理后的上下文占用
[2026-07-06 02:00:02] 清理后上下文占用：
[2026-07-06 02:00:02]   - SOUL.md: 15689 bytes ≈ 3922 tokens
[2026-07-06 02:00:02]   - USER.md: 765 bytes ≈ 191 tokens
[2026-07-06 02:00:02]   - MEMORY.md: 218 bytes ≈ 54 tokens
[2026-07-06 02:00:02]   - Daily memory: 2 files, 24M → 24M
[2026-07-06 02:00:02]   - 总计 (不含 daily): 4167 tokens
[2026-07-06 02:00:02]   - Daily memory 文件数: 2 → 2 (删除 0 个)
[2026-07-06 02:00:02] 步骤 7：计算对比
[2026-07-06 02:00:02] 对比结果：
[2026-07-06 02:00:02]   - 节省 tokens: 0 (0%)
[2026-07-06 02:00:02]   - 清理前可用上下文: 126833 tokens
[2026-07-06 02:00:02]   - 清理后可用上下文: 126833 tokens
[2026-07-06 02:00:02]   - 提升可用上下文: 0 tokens (0%)
[2026-07-06 02:00:02] 🎉 备份和清理完成！
[2026-07-06 02:00:02] 💡 下次会话启动时，上下文将更加宽松。
✅ 已记忆到: /root/clawd/memory/2026-07-06.md (类型: general)
[2026-07-06 14:00:01] 开始备份和清理记忆...
[2026-07-06 14:00:01] 步骤 1：记录清理前的上下文占用
[2026-07-06 14:00:01] 清理前上下文占用：
[2026-07-06 14:00:01]   - SOUL.md: 15689 bytes ≈ 3922 tokens
[2026-07-06 14:00:01]   - USER.md: 765 bytes ≈ 191 tokens
[2026-07-06 14:00:01]   - MEMORY.md: 218 bytes ≈ 54 tokens
[2026-07-06 14:00:01]   - Daily memory: 3 files, 24M
[2026-07-06 14:00:01]   - 总计 (不含 daily): 4167 tokens
[2026-07-06 14:00:01] 步骤 2：备份 MEMORY.md
[2026-07-06 14:00:01] ✅ MEMORY.md 备份到 /root/clawd/memory/backups/MEMORY.md.20260706-140001 (218 bytes)
[2026-07-06 14:00:01] 步骤 3：备份 daily memory
[2026-07-06 14:00:01] ✅ Daily memory 备份到 /root/clawd/memory/backups/daily-20260706.md.20260706-140001 (462 bytes)
[2026-07-06 14:00:01] 步骤 4：清理 MEMORY.md
[2026-07-06 14:00:01] ✅ MEMORY.md 已清理（218 bytes）
[2026-07-06 14:00:01] 步骤 5：清理 old daily memory（保留最近 1 天）
[2026-07-06 14:00:01] ✅ Old daily memory 已清理（保留最近 1 天，删除了 0 个文件）
[2026-07-06 14:00:01] 步骤 6：记录清理后的上下文占用
[2026-07-06 14:00:01] 清理后上下文占用：
[2026-07-06 14:00:01]   - SOUL.md: 15689 bytes ≈ 3922 tokens
[2026-07-06 14:00:01]   - USER.md: 765 bytes ≈ 191 tokens
[2026-07-06 14:00:01]   - MEMORY.md: 218 bytes ≈ 54 tokens
[2026-07-06 14:00:01]   - Daily memory: 3 files, 24M → 24M
[2026-07-06 14:00:01]   - 总计 (不含 daily): 4167 tokens
[2026-07-06 14:00:01]   - Daily memory 文件数: 3 → 3 (删除 0 个)
[2026-07-06 14:00:01] 步骤 7：计算对比
[2026-07-06 14:00:01] 对比结果：
[2026-07-06 14:00:01]   - 节省 tokens: 0 (0%)
[2026-07-06 14:00:01]   - 清理前可用上下文: 126833 tokens
[2026-07-06 14:00:01]   - 清理后可用上下文: 126833 tokens
[2026-07-06 14:00:01]   - 提升可用上下文: 0 tokens (0%)
[2026-07-06 14:00:01] 🎉 备份和清理完成！
[2026-07-06 14:00:01] 💡 下次会话启动时，上下文将更加宽松。
✅ 已记忆到: /root/clawd/memory/2026-07-06.md (类型: general)
[2026-07-07 02:00:01] 开始备份和清理记忆...
[2026-07-07 02:00:01] 步骤 1：记录清理前的上下文占用
[2026-07-07 02:00:01] 清理前上下文占用：
[2026-07-07 02:00:01]   - SOUL.md: 15689 bytes ≈ 3922 tokens
[2026-07-07 02:00:01]   - USER.md: 765 bytes ≈ 191 tokens
[2026-07-07 02:00:01]   - MEMORY.md: 218 bytes ≈ 54 tokens
[2026-07-07 02:00:01]   - Daily memory: 3 files, 24M
[2026-07-07 02:00:01]   - 总计 (不含 daily): 4167 tokens
[2026-07-07 02:00:01] 步骤 2：备份 MEMORY.md
[2026-07-07 02:00:01] ✅ MEMORY.md 备份到 /root/clawd/memory/backups/MEMORY.md.20260707-020001 (218 bytes)
[2026-07-07 02:00:01] 步骤 3：备份 daily memory
[2026-07-07 02:00:01] ⚠️  今天的 daily memory 不存在，跳过备份
[2026-07-07 02:00:01] 步骤 4：清理 MEMORY.md
[2026-07-07 02:00:01] ✅ MEMORY.md 已清理（218 bytes）
[2026-07-07 02:00:01] 步骤 5：清理 old daily memory（保留最近 1 天）
[2026-07-07 02:00:02] ✅ Old daily memory 已清理（保留最近 1 天，删除了 1 个文件）
[2026-07-07 02:00:02] 步骤 6：记录清理后的上下文占用
[2026-07-07 02:00:02] 清理后上下文占用：
[2026-07-07 02:00:02]   - SOUL.md: 15689 bytes ≈ 3922 tokens
[2026-07-07 02:00:02]   - USER.md: 765 bytes ≈ 191 tokens
[2026-07-07 02:00:02]   - MEMORY.md: 218 bytes ≈ 54 tokens
[2026-07-07 02:00:02]   - Daily memory: 2 files, 24M → 24M
[2026-07-07 02:00:02]   - 总计 (不含 daily): 4167 tokens
[2026-07-07 02:00:02]   - Daily memory 文件数: 3 → 2 (删除 1 个)
[2026-07-07 02:00:02] 步骤 7：计算对比
[2026-07-07 02:00:02] 对比结果：
[2026-07-07 02:00:02]   - 节省 tokens: 0 (0%)
[2026-07-07 02:00:02]   - 清理前可用上下文: 126833 tokens
[2026-07-07 02:00:02]   - 清理后可用上下文: 126833 tokens
[2026-07-07 02:00:02]   - 提升可用上下文: 0 tokens (0%)
[2026-07-07 02:00:02] 🎉 备份和清理完成！
[2026-07-07 02:00:02] 💡 下次会话启动时，上下文将更加宽松。
✅ 已记忆到: /root/clawd/memory/2026-07-07.md (类型: general)
[2026-07-07 14:00:01] 开始备份和清理记忆...
[2026-07-07 14:00:01] 步骤 1：记录清理前的上下文占用
[2026-07-07 14:00:01] 清理前上下文占用：
[2026-07-07 14:00:01]   - SOUL.md: 15689 bytes ≈ 3922 tokens
[2026-07-07 14:00:01]   - USER.md: 765 bytes ≈ 191 tokens
[2026-07-07 14:00:01]   - MEMORY.md: 218 bytes ≈ 54 tokens
[2026-07-07 14:00:01]   - Daily memory: 3 files, 24M
[2026-07-07 14:00:01]   - 总计 (不含 daily): 4167 tokens
[2026-07-07 14:00:01] 步骤 2：备份 MEMORY.md
[2026-07-07 14:00:01] ✅ MEMORY.md 备份到 /root/clawd/memory/backups/MEMORY.md.20260707-140001 (218 bytes)
[2026-07-07 14:00:01] 步骤 3：备份 daily memory
[2026-07-07 14:00:01] ✅ Daily memory 备份到 /root/clawd/memory/backups/daily-20260707.md.20260707-140001 (231 bytes)
[2026-07-07 14:00:01] 步骤 4：清理 MEMORY.md
[2026-07-07 14:00:01] ✅ MEMORY.md 已清理（218 bytes）
[2026-07-07 14:00:01] 步骤 5：清理 old daily memory（保留最近 1 天）
[2026-07-07 14:00:01] ✅ Old daily memory 已清理（保留最近 1 天，删除了 0 个文件）
[2026-07-07 14:00:01] 步骤 6：记录清理后的上下文占用
[2026-07-07 14:00:01] 清理后上下文占用：
[2026-07-07 14:00:01]   - SOUL.md: 15689 bytes ≈ 3922 tokens
[2026-07-07 14:00:01]   - USER.md: 765 bytes ≈ 191 tokens
[2026-07-07 14:00:01]   - MEMORY.md: 218 bytes ≈ 54 tokens
[2026-07-07 14:00:01]   - Daily memory: 3 files, 24M → 24M
[2026-07-07 14:00:01]   - 总计 (不含 daily): 4167 tokens
[2026-07-07 14:00:01]   - Daily memory 文件数: 3 → 3 (删除 0 个)
[2026-07-07 14:00:01] 步骤 7：计算对比
[2026-07-07 14:00:01] 对比结果：
[2026-07-07 14:00:01]   - 节省 tokens: 0 (0%)
[2026-07-07 14:00:01]   - 清理前可用上下文: 126833 tokens
[2026-07-07 14:00:01]   - 清理后可用上下文: 126833 tokens
[2026-07-07 14:00:01]   - 提升可用上下文: 0 tokens (0%)
[2026-07-07 14:00:01] 🎉 备份和清理完成！
[2026-07-07 14:00:01] 💡 下次会话启动时，上下文将更加宽松。
✅ 已记忆到: /root/clawd/memory/2026-07-07.md (类型: general)
[2026-07-08 02:00:01] 开始备份和清理记忆...
[2026-07-08 02:00:01] 步骤 1：记录清理前的上下文占用
[2026-07-08 02:00:01] 清理前上下文占用：
[2026-07-08 02:00:01]   - SOUL.md: 15689 bytes ≈ 3922 tokens
[2026-07-08 02:00:01]   - USER.md: 765 bytes ≈ 191 tokens
[2026-07-08 02:00:01]   - MEMORY.md: 218 bytes ≈ 54 tokens
[2026-07-08 02:00:01]   - Daily memory: 3 files, 24M
[2026-07-08 02:00:01]   - 总计 (不含 daily): 4167 tokens
[2026-07-08 02:00:01] 步骤 2：备份 MEMORY.md
[2026-07-08 02:00:01] ✅ MEMORY.md 备份到 /root/clawd/memory/backups/MEMORY.md.20260708-020001 (218 bytes)
[2026-07-08 02:00:01] 步骤 3：备份 daily memory
[2026-07-08 02:00:01] ⚠️  今天的 daily memory 不存在，跳过备份
[2026-07-08 02:00:01] 步骤 4：清理 MEMORY.md
[2026-07-08 02:00:01] ✅ MEMORY.md 已清理（218 bytes）
[2026-07-08 02:00:01] 步骤 5：清理 old daily memory（保留最近 1 天）
[2026-07-08 02:00:01] ✅ Old daily memory 已清理（保留最近 1 天，删除了 1 个文件）
[2026-07-08 02:00:01] 步骤 6：记录清理后的上下文占用
[2026-07-08 02:00:01] 清理后上下文占用：
[2026-07-08 02:00:01]   - SOUL.md: 15689 bytes ≈ 3922 tokens
[2026-07-08 02:00:01]   - USER.md: 765 bytes ≈ 191 tokens
[2026-07-08 02:00:01]   - MEMORY.md: 218 bytes ≈ 54 tokens
[2026-07-08 02:00:01]   - Daily memory: 2 files, 24M → 24M
[2026-07-08 02:00:01]   - 总计 (不含 daily): 4167 tokens
[2026-07-08 02:00:01]   - Daily memory 文件数: 3 → 2 (删除 1 个)
[2026-07-08 02:00:01] 步骤 7：计算对比
[2026-07-08 02:00:01] 对比结果：
[2026-07-08 02:00:01]   - 节省 tokens: 0 (0%)
[2026-07-08 02:00:01]   - 清理前可用上下文: 126833 tokens
[2026-07-08 02:00:01]   - 清理后可用上下文: 126833 tokens
[2026-07-08 02:00:01]   - 提升可用上下文: 0 tokens (0%)
[2026-07-08 02:00:01] 🎉 备份和清理完成！
[2026-07-08 02:00:01] 💡 下次会话启动时，上下文将更加宽松。
✅ 已记忆到: /root/clawd/memory/2026-07-08.md (类型: general)
[2026-07-08 14:00:01] 开始备份和清理记忆...
[2026-07-08 14:00:01] 步骤 1：记录清理前的上下文占用
[2026-07-08 14:00:01] 清理前上下文占用：
[2026-07-08 14:00:01]   - SOUL.md: 15689 bytes ≈ 3922 tokens
[2026-07-08 14:00:01]   - USER.md: 765 bytes ≈ 191 tokens
[2026-07-08 14:00:01]   - MEMORY.md: 218 bytes ≈ 54 tokens
[2026-07-08 14:00:01]   - Daily memory: 3 files, 24M
[2026-07-08 14:00:01]   - 总计 (不含 daily): 4167 tokens
[2026-07-08 14:00:01] 步骤 2：备份 MEMORY.md
[2026-07-08 14:00:01] ✅ MEMORY.md 备份到 /root/clawd/memory/backups/MEMORY.md.20260708-140001 (218 bytes)
[2026-07-08 14:00:01] 步骤 3：备份 daily memory
[2026-07-08 14:00:01] ✅ Daily memory 备份到 /root/clawd/memory/backups/daily-20260708.md.20260708-140001 (462 bytes)
[2026-07-08 14:00:01] 步骤 4：清理 MEMORY.md
[2026-07-08 14:00:01] ✅ MEMORY.md 已清理（218 bytes）
[2026-07-08 14:00:01] 步骤 5：清理 old daily memory（保留最近 1 天）
[2026-07-08 14:00:01] ✅ Old daily memory 已清理（保留最近 1 天，删除了 0 个文件）
[2026-07-08 14:00:01] 步骤 6：记录清理后的上下文占用
[2026-07-08 14:00:01] 清理后上下文占用：
[2026-07-08 14:00:01]   - SOUL.md: 15689 bytes ≈ 3922 tokens
[2026-07-08 14:00:01]   - USER.md: 765 bytes ≈ 191 tokens
[2026-07-08 14:00:01]   - MEMORY.md: 218 bytes ≈ 54 tokens
[2026-07-08 14:00:01]   - Daily memory: 3 files, 24M → 24M
[2026-07-08 14:00:01]   - 总计 (不含 daily): 4167 tokens
[2026-07-08 14:00:01]   - Daily memory 文件数: 3 → 3 (删除 0 个)
[2026-07-08 14:00:01] 步骤 7：计算对比
[2026-07-08 14:00:01] 对比结果：
[2026-07-08 14:00:01]   - 节省 tokens: 0 (0%)
[2026-07-08 14:00:01]   - 清理前可用上下文: 126833 tokens
[2026-07-08 14:00:01]   - 清理后可用上下文: 126833 tokens
[2026-07-08 14:00:01]   - 提升可用上下文: 0 tokens (0%)
[2026-07-08 14:00:01] 🎉 备份和清理完成！
[2026-07-08 14:00:01] 💡 下次会话启动时，上下文将更加宽松。
✅ 已记忆到: /root/clawd/memory/2026-07-08.md (类型: general)
[2026-07-09 02:00:02] 开始备份和清理记忆...
[2026-07-09 02:00:02] 步骤 1：记录清理前的上下文占用
[2026-07-09 02:00:02] 清理前上下文占用：
[2026-07-09 02:00:02]   - SOUL.md: 15689 bytes ≈ 3922 tokens
[2026-07-09 02:00:02]   - USER.md: 765 bytes ≈ 191 tokens
[2026-07-09 02:00:02]   - MEMORY.md: 218 bytes ≈ 54 tokens
[2026-07-09 02:00:02]   - Daily memory: 3 files, 24M
[2026-07-09 02:00:02]   - 总计 (不含 daily): 4167 tokens
[2026-07-09 02:00:02] 步骤 2：备份 MEMORY.md
[2026-07-09 02:00:02] ✅ MEMORY.md 备份到 /root/clawd/memory/backups/MEMORY.md.20260709-020001 (218 bytes)
[2026-07-09 02:00:02] 步骤 3：备份 daily memory
[2026-07-09 02:00:02] ⚠️  今天的 daily memory 不存在，跳过备份
[2026-07-09 02:00:02] 步骤 4：清理 MEMORY.md
[2026-07-09 02:00:02] ✅ MEMORY.md 已清理（218 bytes）
[2026-07-09 02:00:02] 步骤 5：清理 old daily memory（保留最近 1 天）
[2026-07-09 02:00:02] ✅ Old daily memory 已清理（保留最近 1 天，删除了 1 个文件）
[2026-07-09 02:00:02] 步骤 6：记录清理后的上下文占用
[2026-07-09 02:00:02] 清理后上下文占用：
[2026-07-09 02:00:02]   - SOUL.md: 15689 bytes ≈ 3922 tokens
[2026-07-09 02:00:02]   - USER.md: 765 bytes ≈ 191 tokens
[2026-07-09 02:00:02]   - MEMORY.md: 218 bytes ≈ 54 tokens
[2026-07-09 02:00:02]   - Daily memory: 2 files, 24M → 24M
[2026-07-09 02:00:02]   - 总计 (不含 daily): 4167 tokens
[2026-07-09 02:00:02]   - Daily memory 文件数: 3 → 2 (删除 1 个)
[2026-07-09 02:00:02] 步骤 7：计算对比
[2026-07-09 02:00:02] 对比结果：
[2026-07-09 02:00:02]   - 节省 tokens: 0 (0%)
[2026-07-09 02:00:02]   - 清理前可用上下文: 126833 tokens
[2026-07-09 02:00:02]   - 清理后可用上下文: 126833 tokens
[2026-07-09 02:00:02]   - 提升可用上下文: 0 tokens (0%)
[2026-07-09 02:00:02] 🎉 备份和清理完成！
[2026-07-09 02:00:02] 💡 下次会话启动时，上下文将更加宽松。
✅ 已记忆到: /root/clawd/memory/2026-07-09.md (类型: general)
[2026-07-09 14:00:01] 开始备份和清理记忆...
[2026-07-09 14:00:01] 步骤 1：记录清理前的上下文占用
[2026-07-09 14:00:01] 清理前上下文占用：
[2026-07-09 14:00:01]   - SOUL.md: 15689 bytes ≈ 3922 tokens
[2026-07-09 14:00:01]   - USER.md: 765 bytes ≈ 191 tokens
[2026-07-09 14:00:01]   - MEMORY.md: 218 bytes ≈ 54 tokens
[2026-07-09 14:00:01]   - Daily memory: 3 files, 24M
[2026-07-09 14:00:01]   - 总计 (不含 daily): 4167 tokens
[2026-07-09 14:00:01] 步骤 2：备份 MEMORY.md
[2026-07-09 14:00:01] ✅ MEMORY.md 备份到 /root/clawd/memory/backups/MEMORY.md.20260709-140001 (218 bytes)
[2026-07-09 14:00:01] 步骤 3：备份 daily memory
[2026-07-09 14:00:01] ✅ Daily memory 备份到 /root/clawd/memory/backups/daily-20260709.md.20260709-140001 (462 bytes)
[2026-07-09 14:00:01] 步骤 4：清理 MEMORY.md
[2026-07-09 14:00:01] ✅ MEMORY.md 已清理（218 bytes）
[2026-07-09 14:00:01] 步骤 5：清理 old daily memory（保留最近 1 天）
[2026-07-09 14:00:01] ✅ Old daily memory 已清理（保留最近 1 天，删除了 0 个文件）
[2026-07-09 14:00:01] 步骤 6：记录清理后的上下文占用
[2026-07-09 14:00:02] 清理后上下文占用：
[2026-07-09 14:00:02]   - SOUL.md: 15689 bytes ≈ 3922 tokens
[2026-07-09 14:00:02]   - USER.md: 765 bytes ≈ 191 tokens
[2026-07-09 14:00:02]   - MEMORY.md: 218 bytes ≈ 54 tokens
[2026-07-09 14:00:02]   - Daily memory: 3 files, 24M → 24M
[2026-07-09 14:00:02]   - 总计 (不含 daily): 4167 tokens
[2026-07-09 14:00:02]   - Daily memory 文件数: 3 → 3 (删除 0 个)
[2026-07-09 14:00:02] 步骤 7：计算对比
[2026-07-09 14:00:02] 对比结果：
[2026-07-09 14:00:02]   - 节省 tokens: 0 (0%)
[2026-07-09 14:00:02]   - 清理前可用上下文: 126833 tokens
[2026-07-09 14:00:02]   - 清理后可用上下文: 126833 tokens
[2026-07-09 14:00:02]   - 提升可用上下文: 0 tokens (0%)
[2026-07-09 14:00:02] 🎉 备份和清理完成！
[2026-07-09 14:00:02] 💡 下次会话启动时，上下文将更加宽松。
✅ 已记忆到: /root/clawd/memory/2026-07-09.md (类型: general)
[2026-07-10 02:00:02] 开始备份和清理记忆...
[2026-07-10 02:00:02] 步骤 1：记录清理前的上下文占用
[2026-07-10 02:00:02] 清理前上下文占用：
[2026-07-10 02:00:02]   - SOUL.md: 15689 bytes ≈ 3922 tokens
[2026-07-10 02:00:02]   - USER.md: 765 bytes ≈ 191 tokens
[2026-07-10 02:00:02]   - MEMORY.md: 218 bytes ≈ 54 tokens
[2026-07-10 02:00:02]   - Daily memory: 3 files, 24M
[2026-07-10 02:00:02]   - 总计 (不含 daily): 4167 tokens
[2026-07-10 02:00:02] 步骤 2：备份 MEMORY.md
[2026-07-10 02:00:02] ✅ MEMORY.md 备份到 /root/clawd/memory/backups/MEMORY.md.20260710-020001 (218 bytes)
[2026-07-10 02:00:02] 步骤 3：备份 daily memory
[2026-07-10 02:00:02] ⚠️  今天的 daily memory 不存在，跳过备份
[2026-07-10 02:00:02] 步骤 4：清理 MEMORY.md
[2026-07-10 02:00:02] ✅ MEMORY.md 已清理（218 bytes）
[2026-07-10 02:00:02] 步骤 5：清理 old daily memory（保留最近 1 天）
[2026-07-10 02:00:02] ✅ Old daily memory 已清理（保留最近 1 天，删除了 1 个文件）
[2026-07-10 02:00:02] 步骤 6：记录清理后的上下文占用
[2026-07-10 02:00:02] 清理后上下文占用：
[2026-07-10 02:00:02]   - SOUL.md: 15689 bytes ≈ 3922 tokens
[2026-07-10 02:00:02]   - USER.md: 765 bytes ≈ 191 tokens
[2026-07-10 02:00:02]   - MEMORY.md: 218 bytes ≈ 54 tokens
[2026-07-10 02:00:02]   - Daily memory: 2 files, 24M → 24M
[2026-07-10 02:00:02]   - 总计 (不含 daily): 4167 tokens
[2026-07-10 02:00:02]   - Daily memory 文件数: 3 → 2 (删除 1 个)
[2026-07-10 02:00:02] 步骤 7：计算对比
[2026-07-10 02:00:02] 对比结果：
[2026-07-10 02:00:02]   - 节省 tokens: 0 (0%)
[2026-07-10 02:00:02]   - 清理前可用上下文: 126833 tokens
[2026-07-10 02:00:02]   - 清理后可用上下文: 126833 tokens
[2026-07-10 02:00:02]   - 提升可用上下文: 0 tokens (0%)
[2026-07-10 02:00:02] 🎉 备份和清理完成！
[2026-07-10 02:00:02] 💡 下次会话启动时，上下文将更加宽松。
✅ 已记忆到: /root/clawd/memory/2026-07-10.md (类型: general)
[2026-07-10 14:00:01] 开始备份和清理记忆...
[2026-07-10 14:00:01] 步骤 1：记录清理前的上下文占用
[2026-07-10 14:00:01] 清理前上下文占用：
[2026-07-10 14:00:01]   - SOUL.md: 15689 bytes ≈ 3922 tokens
[2026-07-10 14:00:01]   - USER.md: 765 bytes ≈ 191 tokens
[2026-07-10 14:00:01]   - MEMORY.md: 218 bytes ≈ 54 tokens
[2026-07-10 14:00:01]   - Daily memory: 3 files, 24M
[2026-07-10 14:00:01]   - 总计 (不含 daily): 4167 tokens
[2026-07-10 14:00:01] 步骤 2：备份 MEMORY.md
[2026-07-10 14:00:01] ✅ MEMORY.md 备份到 /root/clawd/memory/backups/MEMORY.md.20260710-140001 (218 bytes)
[2026-07-10 14:00:01] 步骤 3：备份 daily memory
[2026-07-10 14:00:01] ✅ Daily memory 备份到 /root/clawd/memory/backups/daily-20260710.md.20260710-140001 (231 bytes)
[2026-07-10 14:00:01] 步骤 4：清理 MEMORY.md
[2026-07-10 14:00:01] ✅ MEMORY.md 已清理（218 bytes）
[2026-07-10 14:00:01] 步骤 5：清理 old daily memory（保留最近 1 天）
[2026-07-10 14:00:01] ✅ Old daily memory 已清理（保留最近 1 天，删除了 0 个文件）
[2026-07-10 14:00:01] 步骤 6：记录清理后的上下文占用
[2026-07-10 14:00:01] 清理后上下文占用：
[2026-07-10 14:00:01]   - SOUL.md: 15689 bytes ≈ 3922 tokens
[2026-07-10 14:00:01]   - USER.md: 765 bytes ≈ 191 tokens
[2026-07-10 14:00:01]   - MEMORY.md: 218 bytes ≈ 54 tokens
[2026-07-10 14:00:01]   - Daily memory: 3 files, 24M → 24M
[2026-07-10 14:00:01]   - 总计 (不含 daily): 4167 tokens
[2026-07-10 14:00:01]   - Daily memory 文件数: 3 → 3 (删除 0 个)
[2026-07-10 14:00:01] 步骤 7：计算对比
[2026-07-10 14:00:01] 对比结果：
[2026-07-10 14:00:01]   - 节省 tokens: 0 (0%)
[2026-07-10 14:00:01]   - 清理前可用上下文: 126833 tokens
[2026-07-10 14:00:01]   - 清理后可用上下文: 126833 tokens
[2026-07-10 14:00:01]   - 提升可用上下文: 0 tokens (0%)
[2026-07-10 14:00:01] 🎉 备份和清理完成！
[2026-07-10 14:00:01] 💡 下次会话启动时，上下文将更加宽松。
✅ 已记忆到: /root/clawd/memory/2026-07-10.md (类型: general)
[2026-07-11 02:00:02] 开始备份和清理记忆...
[2026-07-11 02:00:02] 步骤 1：记录清理前的上下文占用
[2026-07-11 02:00:02] 清理前上下文占用：
[2026-07-11 02:00:02]   - SOUL.md: 15689 bytes ≈ 3922 tokens
[2026-07-11 02:00:02]   - USER.md: 765 bytes ≈ 191 tokens
[2026-07-11 02:00:02]   - MEMORY.md: 218 bytes ≈ 54 tokens
[2026-07-11 02:00:02]   - Daily memory: 3 files, 24M
[2026-07-11 02:00:02]   - 总计 (不含 daily): 4167 tokens
[2026-07-11 02:00:02] 步骤 2：备份 MEMORY.md
[2026-07-11 02:00:02] ✅ MEMORY.md 备份到 /root/clawd/memory/backups/MEMORY.md.20260711-020001 (218 bytes)
[2026-07-11 02:00:02] 步骤 3：备份 daily memory
[2026-07-11 02:00:02] ⚠️  今天的 daily memory 不存在，跳过备份
[2026-07-11 02:00:02] 步骤 4：清理 MEMORY.md
[2026-07-11 02:00:02] ✅ MEMORY.md 已清理（218 bytes）
[2026-07-11 02:00:02] 步骤 5：清理 old daily memory（保留最近 1 天）
[2026-07-11 02:00:02] ✅ Old daily memory 已清理（保留最近 1 天，删除了 1 个文件）
[2026-07-11 02:00:02] 步骤 6：记录清理后的上下文占用
[2026-07-11 02:00:02] 清理后上下文占用：
[2026-07-11 02:00:02]   - SOUL.md: 15689 bytes ≈ 3922 tokens
[2026-07-11 02:00:02]   - USER.md: 765 bytes ≈ 191 tokens
[2026-07-11 02:00:02]   - MEMORY.md: 218 bytes ≈ 54 tokens
[2026-07-11 02:00:02]   - Daily memory: 2 files, 24M → 24M
[2026-07-11 02:00:02]   - 总计 (不含 daily): 4167 tokens
[2026-07-11 02:00:02]   - Daily memory 文件数: 3 → 2 (删除 1 个)
[2026-07-11 02:00:02] 步骤 7：计算对比
[2026-07-11 02:00:02] 对比结果：
[2026-07-11 02:00:02]   - 节省 tokens: 0 (0%)
[2026-07-11 02:00:02]   - 清理前可用上下文: 126833 tokens
[2026-07-11 02:00:02]   - 清理后可用上下文: 126833 tokens
[2026-07-11 02:00:02]   - 提升可用上下文: 0 tokens (0%)
[2026-07-11 02:00:02] 🎉 备份和清理完成！
[2026-07-11 02:00:02] 💡 下次会话启动时，上下文将更加宽松。
✅ 已记忆到: /root/clawd/memory/2026-07-11.md (类型: general)
[2026-07-11 14:00:01] 开始备份和清理记忆...
[2026-07-11 14:00:01] 步骤 1：记录清理前的上下文占用
[2026-07-11 14:00:01] 清理前上下文占用：
[2026-07-11 14:00:01]   - SOUL.md: 15689 bytes ≈ 3922 tokens
[2026-07-11 14:00:01]   - USER.md: 765 bytes ≈ 191 tokens
[2026-07-11 14:00:01]   - MEMORY.md: 218 bytes ≈ 54 tokens
[2026-07-11 14:00:01]   - Daily memory: 3 files, 24M
[2026-07-11 14:00:01]   - 总计 (不含 daily): 4167 tokens
[2026-07-11 14:00:01] 步骤 2：备份 MEMORY.md
[2026-07-11 14:00:01] ✅ MEMORY.md 备份到 /root/clawd/memory/backups/MEMORY.md.20260711-140001 (218 bytes)
[2026-07-11 14:00:01] 步骤 3：备份 daily memory
[2026-07-11 14:00:01] ✅ Daily memory 备份到 /root/clawd/memory/backups/daily-20260711.md.20260711-140001 (462 bytes)
[2026-07-11 14:00:01] 步骤 4：清理 MEMORY.md
[2026-07-11 14:00:01] ✅ MEMORY.md 已清理（218 bytes）
[2026-07-11 14:00:01] 步骤 5：清理 old daily memory（保留最近 1 天）
[2026-07-11 14:00:01] ✅ Old daily memory 已清理（保留最近 1 天，删除了 0 个文件）
[2026-07-11 14:00:01] 步骤 6：记录清理后的上下文占用
[2026-07-11 14:00:01] 清理后上下文占用：
[2026-07-11 14:00:01]   - SOUL.md: 15689 bytes ≈ 3922 tokens
[2026-07-11 14:00:01]   - USER.md: 765 bytes ≈ 191 tokens
[2026-07-11 14:00:01]   - MEMORY.md: 218 bytes ≈ 54 tokens
[2026-07-11 14:00:01]   - Daily memory: 3 files, 24M → 24M
[2026-07-11 14:00:01]   - 总计 (不含 daily): 4167 tokens
[2026-07-11 14:00:01]   - Daily memory 文件数: 3 → 3 (删除 0 个)
[2026-07-11 14:00:01] 步骤 7：计算对比
[2026-07-11 14:00:01] 对比结果：
[2026-07-11 14:00:01]   - 节省 tokens: 0 (0%)
[2026-07-11 14:00:01]   - 清理前可用上下文: 126833 tokens
[2026-07-11 14:00:01]   - 清理后可用上下文: 126833 tokens
[2026-07-11 14:00:01]   - 提升可用上下文: 0 tokens (0%)
[2026-07-11 14:00:01] 🎉 备份和清理完成！
[2026-07-11 14:00:01] 💡 下次会话启动时，上下文将更加宽松。
✅ 已记忆到: /root/clawd/memory/2026-07-11.md (类型: general)
[2026-07-12 02:00:01] 开始备份和清理记忆...
[2026-07-12 02:00:01] 步骤 1：记录清理前的上下文占用
[2026-07-12 02:00:01] 清理前上下文占用：
[2026-07-12 02:00:01]   - SOUL.md: 15689 bytes ≈ 3922 tokens
[2026-07-12 02:00:01]   - USER.md: 765 bytes ≈ 191 tokens
[2026-07-12 02:00:01]   - MEMORY.md: 218 bytes ≈ 54 tokens
[2026-07-12 02:00:01]   - Daily memory: 3 files, 24M
[2026-07-12 02:00:01]   - 总计 (不含 daily): 4167 tokens
[2026-07-12 02:00:01] 步骤 2：备份 MEMORY.md
cp: cannot create regular file '/root/clawd/memory/backups/MEMORY.md.20260712-020001': File exists
[2026-07-12 14:00:01] 开始备份和清理记忆...
[2026-07-12 14:00:01] 步骤 1：记录清理前的上下文占用
[2026-07-12 14:00:01] 清理前上下文占用：
[2026-07-12 14:00:01]   - SOUL.md: 15689 bytes ≈ 3922 tokens
[2026-07-12 14:00:01]   - USER.md: 765 bytes ≈ 191 tokens
[2026-07-12 14:00:01]   - MEMORY.md: 218 bytes ≈ 54 tokens
[2026-07-12 14:00:01]   - Daily memory: 3 files, 24M
[2026-07-12 14:00:01]   - 总计 (不含 daily): 4167 tokens
[2026-07-12 14:00:01] 步骤 2：备份 MEMORY.md
[2026-07-12 14:00:01] ✅ MEMORY.md 备份到 /root/clawd/memory/backups/MEMORY.md.20260712-140001 (218 bytes)
[2026-07-12 14:00:01] 步骤 3：备份 daily memory
[2026-07-12 14:00:01] ✅ Daily memory 备份到 /root/clawd/memory/backups/daily-20260712.md.20260712-140001 (0 bytes)
[2026-07-12 14:00:01] 步骤 4：清理 MEMORY.md
[2026-07-12 14:00:01] ✅ MEMORY.md 已清理（218 bytes）
[2026-07-12 14:00:01] 步骤 5：清理 old daily memory（保留最近 1 天）
[2026-07-12 14:00:01] ✅ Old daily memory 已清理（保留最近 1 天，删除了 0 个文件）
[2026-07-12 14:00:01] 步骤 6：记录清理后的上下文占用
[2026-07-12 14:00:01] 清理后上下文占用：
[2026-07-12 14:00:01]   - SOUL.md: 15689 bytes ≈ 3922 tokens
[2026-07-12 14:00:01]   - USER.md: 765 bytes ≈ 191 tokens
[2026-07-12 14:00:01]   - MEMORY.md: 218 bytes ≈ 54 tokens
[2026-07-12 14:00:01]   - Daily memory: 3 files, 24M → 24M
[2026-07-12 14:00:01]   - 总计 (不含 daily): 4167 tokens
[2026-07-12 14:00:01]   - Daily memory 文件数: 3 → 3 (删除 0 个)
[2026-07-12 14:00:01] 步骤 7：计算对比
[2026-07-12 14:00:01] 对比结果：
[2026-07-12 14:00:01]   - 节省 tokens: 0 (0%)
[2026-07-12 14:00:01]   - 清理前可用上下文: 126833 tokens
[2026-07-12 14:00:01]   - 清理后可用上下文: 126833 tokens
[2026-07-12 14:00:01]   - 提升可用上下文: 0 tokens (0%)
[2026-07-12 14:00:01] 🎉 备份和清理完成！
[2026-07-12 14:00:01] 💡 下次会话启动时，上下文将更加宽松。
✅ 已记忆到: /root/clawd/memory/2026-07-12.md (类型: general)
[2026-07-13 02:00:01] 开始备份和清理记忆...
[2026-07-13 02:00:01] 步骤 1：记录清理前的上下文占用
[2026-07-13 02:00:01] 清理前上下文占用：
[2026-07-13 02:00:01]   - SOUL.md: 15689 bytes ≈ 3922 tokens
[2026-07-13 02:00:01]   - USER.md: 765 bytes ≈ 191 tokens
[2026-07-13 02:00:01]   - MEMORY.md: 218 bytes ≈ 54 tokens
[2026-07-13 02:00:01]   - Daily memory: 3 files, 24M
[2026-07-13 02:00:01]   - 总计 (不含 daily): 4167 tokens
[2026-07-13 02:00:01] 步骤 2：备份 MEMORY.md
[2026-07-13 02:00:01] ✅ MEMORY.md 备份到 /root/clawd/memory/backups/MEMORY.md.20260713-020001 (218 bytes)
[2026-07-13 02:00:01] 步骤 3：备份 daily memory
[2026-07-13 02:00:01] ⚠️  今天的 daily memory 不存在，跳过备份
[2026-07-13 02:00:01] 步骤 4：清理 MEMORY.md
[2026-07-13 02:00:01] ✅ MEMORY.md 已清理（218 bytes）
[2026-07-13 02:00:01] 步骤 5：清理 old daily memory（保留最近 1 天）
find: cannot delete ‘/root/clawd/memory/2026-07-10.md’: No such file or directory
[2026-07-13 14:00:01] 开始备份和清理记忆...
[2026-07-13 14:00:01] 步骤 1：记录清理前的上下文占用
[2026-07-13 14:00:01] 清理前上下文占用：
[2026-07-13 14:00:01]   - SOUL.md: 15689 bytes ≈ 3922 tokens
[2026-07-13 14:00:01]   - USER.md: 765 bytes ≈ 191 tokens
[2026-07-13 14:00:01]   - MEMORY.md: 218 bytes ≈ 54 tokens
[2026-07-13 14:00:01]   - Daily memory: 3 files, 24M
[2026-07-13 14:00:01]   - 总计 (不含 daily): 4167 tokens
[2026-07-13 14:00:01] 步骤 2：备份 MEMORY.md
[2026-07-13 14:00:01] ✅ MEMORY.md 备份到 /root/clawd/memory/backups/MEMORY.md.20260713-140001 (218 bytes)
[2026-07-13 14:00:01] 步骤 3：备份 daily memory
[2026-07-13 14:00:01] ✅ Daily memory 备份到 /root/clawd/memory/backups/daily-20260713.md.20260713-140001 (231 bytes)
[2026-07-13 14:00:01] 步骤 4：清理 MEMORY.md
[2026-07-13 14:00:01] ✅ MEMORY.md 已清理（218 bytes）
[2026-07-13 14:00:01] 步骤 5：清理 old daily memory（保留最近 1 天）
[2026-07-13 14:00:01] ✅ Old daily memory 已清理（保留最近 1 天，删除了 0 个文件）
[2026-07-13 14:00:01] 步骤 6：记录清理后的上下文占用
[2026-07-13 14:00:01] 清理后上下文占用：
[2026-07-13 14:00:01]   - SOUL.md: 15689 bytes ≈ 3922 tokens
[2026-07-13 14:00:01]   - USER.md: 765 bytes ≈ 191 tokens
[2026-07-13 14:00:01]   - MEMORY.md: 218 bytes ≈ 54 tokens
[2026-07-13 14:00:01]   - Daily memory: 3 files, 24M → 24M
[2026-07-13 14:00:01]   - 总计 (不含 daily): 4167 tokens
[2026-07-13 14:00:01]   - Daily memory 文件数: 3 → 3 (删除 0 个)
[2026-07-13 14:00:01] 步骤 7：计算对比
[2026-07-13 14:00:01] 对比结果：
[2026-07-13 14:00:01]   - 节省 tokens: 0 (0%)
[2026-07-13 14:00:01]   - 清理前可用上下文: 126833 tokens
[2026-07-13 14:00:01]   - 清理后可用上下文: 126833 tokens
[2026-07-13 14:00:01]   - 提升可用上下文: 0 tokens (0%)
[2026-07-13 14:00:01] 🎉 备份和清理完成！
[2026-07-13 14:00:01] 💡 下次会话启动时，上下文将更加宽松。
✅ 已记忆到: /root/clawd/memory/2026-07-13.md (类型: general)
[2026-07-14 02:00:01] 开始备份和清理记忆...
[2026-07-14 02:00:01] 步骤 1：记录清理前的上下文占用
[2026-07-14 02:00:01] 清理前上下文占用：
[2026-07-14 02:00:01]   - SOUL.md: 15689 bytes ≈ 3922 tokens
[2026-07-14 02:00:01]   - USER.md: 765 bytes ≈ 191 tokens
[2026-07-14 02:00:01]   - MEMORY.md: 218 bytes ≈ 54 tokens
[2026-07-14 02:00:01]   - Daily memory: 3 files, 24M
[2026-07-14 02:00:01]   - 总计 (不含 daily): 4167 tokens
[2026-07-14 02:00:01] 步骤 2：备份 MEMORY.md
[2026-07-14 02:00:01] ✅ MEMORY.md 备份到 /root/clawd/memory/backups/MEMORY.md.20260714-020001 (218 bytes)
[2026-07-14 02:00:01] 步骤 3：备份 daily memory
[2026-07-14 02:00:01] ⚠️  今天的 daily memory 不存在，跳过备份
[2026-07-14 02:00:01] 步骤 4：清理 MEMORY.md
[2026-07-14 02:00:01] ✅ MEMORY.md 已清理（218 bytes）
[2026-07-14 02:00:01] 步骤 5：清理 old daily memory（保留最近 1 天）
find: ‘/root/clawd/memory/2026-07-11.md’: No such file or directory
[2026-07-14 14:00:01] 开始备份和清理记忆...
[2026-07-14 14:00:01] 步骤 1：记录清理前的上下文占用
[2026-07-14 14:00:01] 清理前上下文占用：
[2026-07-14 14:00:01]   - SOUL.md: 15689 bytes ≈ 3922 tokens
[2026-07-14 14:00:01]   - USER.md: 765 bytes ≈ 191 tokens
[2026-07-14 14:00:01]   - MEMORY.md: 218 bytes ≈ 54 tokens
[2026-07-14 14:00:01]   - Daily memory: 3 files, 24M
[2026-07-14 14:00:01]   - 总计 (不含 daily): 4167 tokens
[2026-07-14 14:00:01] 步骤 2：备份 MEMORY.md
[2026-07-14 14:00:01] ✅ MEMORY.md 备份到 /root/clawd/memory/backups/MEMORY.md.20260714-140001 (218 bytes)
[2026-07-14 14:00:01] 步骤 3：备份 daily memory
[2026-07-14 14:00:02] ✅ Daily memory 备份到 /root/clawd/memory/backups/daily-20260714.md.20260714-140001 (231 bytes)
[2026-07-14 14:00:02] 步骤 4：清理 MEMORY.md
[2026-07-14 14:00:02] ✅ MEMORY.md 已清理（218 bytes）
[2026-07-14 14:00:02] 步骤 5：清理 old daily memory（保留最近 1 天）
[2026-07-14 14:00:02] ✅ Old daily memory 已清理（保留最近 1 天，删除了 1 个文件）
[2026-07-14 14:00:02] 步骤 6：记录清理后的上下文占用
[2026-07-14 14:00:02] 清理后上下文占用：
[2026-07-14 14:00:02]   - SOUL.md: 15689 bytes ≈ 3922 tokens
[2026-07-14 14:00:02]   - USER.md: 765 bytes ≈ 191 tokens
[2026-07-14 14:00:02]   - MEMORY.md: 218 bytes ≈ 54 tokens
[2026-07-14 14:00:02]   - Daily memory: 2 files, 24M → 24M
[2026-07-14 14:00:02]   - 总计 (不含 daily): 4167 tokens
[2026-07-14 14:00:02]   - Daily memory 文件数: 3 → 2 (删除 1 个)
[2026-07-14 14:00:02] 步骤 7：计算对比
[2026-07-14 14:00:02] 对比结果：
[2026-07-14 14:00:02]   - 节省 tokens: 0 (0%)
[2026-07-14 14:00:02]   - 清理前可用上下文: 126833 tokens
[2026-07-14 14:00:02]   - 清理后可用上下文: 126833 tokens
[2026-07-14 14:00:02]   - 提升可用上下文: 0 tokens (0%)
[2026-07-14 14:00:02] 🎉 备份和清理完成！
[2026-07-14 14:00:02] 💡 下次会话启动时，上下文将更加宽松。
✅ 已记忆到: /root/clawd/memory/2026-07-14.md (类型: general)
[2026-07-15 02:00:01] 开始备份和清理记忆...
[2026-07-15 02:00:01] 步骤 1：记录清理前的上下文占用
[2026-07-15 02:00:01] 清理前上下文占用：
[2026-07-15 02:00:01]   - SOUL.md: 15689 bytes ≈ 3922 tokens
[2026-07-15 02:00:01]   - USER.md: 765 bytes ≈ 191 tokens
[2026-07-15 02:00:01]   - MEMORY.md: 218 bytes ≈ 54 tokens
[2026-07-15 02:00:01]   - Daily memory: 2 files, 24M
[2026-07-15 02:00:01]   - 总计 (不含 daily): 4167 tokens
[2026-07-15 02:00:01] 步骤 2：备份 MEMORY.md
[2026-07-15 02:00:01] ✅ MEMORY.md 备份到 /root/clawd/memory/backups/MEMORY.md.20260715-020001 (218 bytes)
[2026-07-15 02:00:01] 步骤 3：备份 daily memory
[2026-07-15 02:00:01] ⚠️  今天的 daily memory 不存在，跳过备份
[2026-07-15 02:00:01] 步骤 4：清理 MEMORY.md
[2026-07-15 02:00:01] ✅ MEMORY.md 已清理（218 bytes）
[2026-07-15 02:00:01] 步骤 5：清理 old daily memory（保留最近 1 天）
[2026-07-15 02:00:01] ✅ Old daily memory 已清理（保留最近 1 天，删除了 0 个文件）
[2026-07-15 02:00:01] 步骤 6：记录清理后的上下文占用
[2026-07-15 02:00:01] 清理后上下文占用：
[2026-07-15 02:00:01]   - SOUL.md: 15689 bytes ≈ 3922 tokens
[2026-07-15 02:00:01]   - USER.md: 765 bytes ≈ 191 tokens
[2026-07-15 02:00:01]   - MEMORY.md: 218 bytes ≈ 54 tokens
[2026-07-15 02:00:01]   - Daily memory: 2 files, 24M → 24M
[2026-07-15 02:00:01]   - 总计 (不含 daily): 4167 tokens
[2026-07-15 02:00:01]   - Daily memory 文件数: 2 → 2 (删除 0 个)
[2026-07-15 02:00:01] 步骤 7：计算对比
[2026-07-15 02:00:01] 对比结果：
[2026-07-15 02:00:01]   - 节省 tokens: 0 (0%)
[2026-07-15 02:00:01]   - 清理前可用上下文: 126833 tokens
[2026-07-15 02:00:01]   - 清理后可用上下文: 126833 tokens
[2026-07-15 02:00:01]   - 提升可用上下文: 0 tokens (0%)
[2026-07-15 02:00:01] 🎉 备份和清理完成！
[2026-07-15 02:00:01] 💡 下次会话启动时，上下文将更加宽松。
✅ 已记忆到: /root/clawd/memory/2026-07-15.md (类型: general)
[2026-07-15 14:00:01] 开始备份和清理记忆...
[2026-07-15 14:00:01] 步骤 1：记录清理前的上下文占用
[2026-07-15 14:00:02] 清理前上下文占用：
[2026-07-15 14:00:02]   - SOUL.md: 15689 bytes ≈ 3922 tokens
[2026-07-15 14:00:02]   - USER.md: 765 bytes ≈ 191 tokens
[2026-07-15 14:00:02]   - MEMORY.md: 218 bytes ≈ 54 tokens
[2026-07-15 14:00:02]   - Daily memory: 3 files, 24M
[2026-07-15 14:00:02]   - 总计 (不含 daily): 4167 tokens
[2026-07-15 14:00:02] 步骤 2：备份 MEMORY.md
[2026-07-15 14:00:02] ✅ MEMORY.md 备份到 /root/clawd/memory/backups/MEMORY.md.20260715-140001 (218 bytes)
[2026-07-15 14:00:02] 步骤 3：备份 daily memory
[2026-07-15 14:00:02] ✅ Daily memory 备份到 /root/clawd/memory/backups/daily-20260715.md.20260715-140001 (462 bytes)
[2026-07-15 14:00:02] 步骤 4：清理 MEMORY.md
[2026-07-15 14:00:02] ✅ MEMORY.md 已清理（218 bytes）
[2026-07-15 14:00:02] 步骤 5：清理 old daily memory（保留最近 1 天）
[2026-07-15 14:00:02] ✅ Old daily memory 已清理（保留最近 1 天，删除了 1 个文件）
[2026-07-15 14:00:02] 步骤 6：记录清理后的上下文占用
[2026-07-15 14:00:02] 清理后上下文占用：
[2026-07-15 14:00:02]   - SOUL.md: 15689 bytes ≈ 3922 tokens
[2026-07-15 14:00:02]   - USER.md: 765 bytes ≈ 191 tokens
[2026-07-15 14:00:02]   - MEMORY.md: 218 bytes ≈ 54 tokens
[2026-07-15 14:00:02]   - Daily memory: 2 files, 24M → 24M
[2026-07-15 14:00:02]   - 总计 (不含 daily): 4167 tokens
[2026-07-15 14:00:02]   - Daily memory 文件数: 3 → 2 (删除 1 个)
[2026-07-15 14:00:02] 步骤 7：计算对比
[2026-07-15 14:00:02] 对比结果：
[2026-07-15 14:00:02]   - 节省 tokens: 0 (0%)
[2026-07-15 14:00:02]   - 清理前可用上下文: 126833 tokens
[2026-07-15 14:00:02]   - 清理后可用上下文: 126833 tokens
[2026-07-15 14:00:02]   - 提升可用上下文: 0 tokens (0%)
[2026-07-15 14:00:02] 🎉 备份和清理完成！
[2026-07-15 14:00:02] 💡 下次会话启动时，上下文将更加宽松。
✅ 已记忆到: /root/clawd/memory/2026-07-15.md (类型: general)
[2026-07-16 02:00:01] 开始备份和清理记忆...
[2026-07-16 02:00:01] 步骤 1：记录清理前的上下文占用
[2026-07-16 02:00:01] 清理前上下文占用：
[2026-07-16 02:00:01]   - SOUL.md: 15689 bytes ≈ 3922 tokens
[2026-07-16 02:00:01]   - USER.md: 765 bytes ≈ 191 tokens
[2026-07-16 02:00:01]   - MEMORY.md: 218 bytes ≈ 54 tokens
[2026-07-16 02:00:01]   - Daily memory: 2 files, 24M
[2026-07-16 02:00:01]   - 总计 (不含 daily): 4167 tokens
[2026-07-16 02:00:01] 步骤 2：备份 MEMORY.md
[2026-07-16 02:00:01] ✅ MEMORY.md 备份到 /root/clawd/memory/backups/MEMORY.md.20260716-020001 (218 bytes)
[2026-07-16 02:00:01] 步骤 3：备份 daily memory
[2026-07-16 02:00:01] ⚠️  今天的 daily memory 不存在，跳过备份
[2026-07-16 02:00:01] 步骤 4：清理 MEMORY.md
[2026-07-16 02:00:01] ✅ MEMORY.md 已清理（218 bytes）
[2026-07-16 02:00:01] 步骤 5：清理 old daily memory（保留最近 1 天）
[2026-07-16 02:00:01] ✅ Old daily memory 已清理（保留最近 1 天，删除了 0 个文件）
[2026-07-16 02:00:01] 步骤 6：记录清理后的上下文占用
[2026-07-16 02:00:01] 清理后上下文占用：
[2026-07-16 02:00:01]   - SOUL.md: 15689 bytes ≈ 3922 tokens
[2026-07-16 02:00:01]   - USER.md: 765 bytes ≈ 191 tokens
[2026-07-16 02:00:01]   - MEMORY.md: 218 bytes ≈ 54 tokens
[2026-07-16 02:00:01]   - Daily memory: 2 files, 24M → 24M
[2026-07-16 02:00:01]   - 总计 (不含 daily): 4167 tokens
[2026-07-16 02:00:01]   - Daily memory 文件数: 2 → 2 (删除 0 个)
[2026-07-16 02:00:01] 步骤 7：计算对比
[2026-07-16 02:00:01] 对比结果：
[2026-07-16 02:00:01]   - 节省 tokens: 0 (0%)
[2026-07-16 02:00:01]   - 清理前可用上下文: 126833 tokens
[2026-07-16 02:00:01]   - 清理后可用上下文: 126833 tokens
[2026-07-16 02:00:01]   - 提升可用上下文: 0 tokens (0%)
[2026-07-16 02:00:01] 🎉 备份和清理完成！
[2026-07-16 02:00:01] 💡 下次会话启动时，上下文将更加宽松。
✅ 已记忆到: /root/clawd/memory/2026-07-16.md (类型: general)
[2026-07-16 14:00:01] 开始备份和清理记忆...
[2026-07-16 14:00:01] 步骤 1：记录清理前的上下文占用
[2026-07-16 14:00:01] 清理前上下文占用：
[2026-07-16 14:00:01]   - SOUL.md: 15689 bytes ≈ 3922 tokens
[2026-07-16 14:00:01]   - USER.md: 765 bytes ≈ 191 tokens
[2026-07-16 14:00:01]   - MEMORY.md: 218 bytes ≈ 54 tokens
[2026-07-16 14:00:01]   - Daily memory: 3 files, 24M
[2026-07-16 14:00:01]   - 总计 (不含 daily): 4167 tokens
[2026-07-16 14:00:01] 步骤 2：备份 MEMORY.md
[2026-07-16 14:00:01] ✅ MEMORY.md 备份到 /root/clawd/memory/backups/MEMORY.md.20260716-140001 (218 bytes)
[2026-07-16 14:00:01] 步骤 3：备份 daily memory
[2026-07-16 14:00:01] ✅ Daily memory 备份到 /root/clawd/memory/backups/daily-20260716.md.20260716-140001 (462 bytes)
[2026-07-16 14:00:01] 步骤 4：清理 MEMORY.md
[2026-07-16 14:00:01] ✅ MEMORY.md 已清理（218 bytes）
[2026-07-16 14:00:01] 步骤 5：清理 old daily memory（保留最近 1 天）
[2026-07-16 14:00:01] ✅ Old daily memory 已清理（保留最近 1 天，删除了 0 个文件）
[2026-07-16 14:00:01] 步骤 6：记录清理后的上下文占用
[2026-07-16 14:00:02] 清理后上下文占用：
[2026-07-16 14:00:02]   - SOUL.md: 15689 bytes ≈ 3922 tokens
[2026-07-16 14:00:02]   - USER.md: 765 bytes ≈ 191 tokens
[2026-07-16 14:00:02]   - MEMORY.md: 218 bytes ≈ 54 tokens
[2026-07-16 14:00:02]   - Daily memory: 3 files, 24M → 24M
[2026-07-16 14:00:02]   - 总计 (不含 daily): 4167 tokens
[2026-07-16 14:00:02]   - Daily memory 文件数: 3 → 3 (删除 0 个)
[2026-07-16 14:00:02] 步骤 7：计算对比
[2026-07-16 14:00:02] 对比结果：
[2026-07-16 14:00:02]   - 节省 tokens: 0 (0%)
[2026-07-16 14:00:02]   - 清理前可用上下文: 126833 tokens
[2026-07-16 14:00:02]   - 清理后可用上下文: 126833 tokens
[2026-07-16 14:00:02]   - 提升可用上下文: 0 tokens (0%)
[2026-07-16 14:00:02] 🎉 备份和清理完成！
[2026-07-16 14:00:02] 💡 下次会话启动时，上下文将更加宽松。
✅ 已记忆到: /root/clawd/memory/2026-07-16.md (类型: general)
[2026-07-17 02:00:01] 开始备份和清理记忆...
[2026-07-17 02:00:01] 步骤 1：记录清理前的上下文占用
[2026-07-17 02:00:01] 清理前上下文占用：
[2026-07-17 02:00:01]   - SOUL.md: 15689 bytes ≈ 3922 tokens
[2026-07-17 02:00:01]   - USER.md: 765 bytes ≈ 191 tokens
[2026-07-17 02:00:01]   - MEMORY.md: 218 bytes ≈ 54 tokens
[2026-07-17 02:00:01]   - Daily memory: 3 files, 24M
[2026-07-17 02:00:01]   - 总计 (不含 daily): 4167 tokens
[2026-07-17 02:00:01] 步骤 2：备份 MEMORY.md
[2026-07-17 02:00:01] ✅ MEMORY.md 备份到 /root/clawd/memory/backups/MEMORY.md.20260717-020001 (218 bytes)
[2026-07-17 02:00:01] 步骤 3：备份 daily memory
[2026-07-17 02:00:01] ⚠️  今天的 daily memory 不存在，跳过备份
[2026-07-17 02:00:01] 步骤 4：清理 MEMORY.md
[2026-07-17 02:00:01] ✅ MEMORY.md 已清理（218 bytes）
[2026-07-17 02:00:01] 步骤 5：清理 old daily memory（保留最近 1 天）
[2026-07-17 02:00:01] ✅ Old daily memory 已清理（保留最近 1 天，删除了 1 个文件）
[2026-07-17 02:00:01] 步骤 6：记录清理后的上下文占用
[2026-07-17 02:00:01] 清理后上下文占用：
[2026-07-17 02:00:01]   - SOUL.md: 15689 bytes ≈ 3922 tokens
[2026-07-17 02:00:01]   - USER.md: 765 bytes ≈ 191 tokens
[2026-07-17 02:00:01]   - MEMORY.md: 218 bytes ≈ 54 tokens
[2026-07-17 02:00:01]   - Daily memory: 2 files, 24M → 24M
[2026-07-17 02:00:01]   - 总计 (不含 daily): 4167 tokens
[2026-07-17 02:00:01]   - Daily memory 文件数: 3 → 2 (删除 1 个)
[2026-07-17 02:00:01] 步骤 7：计算对比
[2026-07-17 02:00:01] 对比结果：
[2026-07-17 02:00:01]   - 节省 tokens: 0 (0%)
[2026-07-17 02:00:01]   - 清理前可用上下文: 126833 tokens
[2026-07-17 02:00:01]   - 清理后可用上下文: 126833 tokens
[2026-07-17 02:00:01]   - 提升可用上下文: 0 tokens (0%)
[2026-07-17 02:00:01] 🎉 备份和清理完成！
[2026-07-17 02:00:01] 💡 下次会话启动时，上下文将更加宽松。
✅ 已记忆到: /root/clawd/memory/2026-07-17.md (类型: general)
[2026-07-17 14:00:01] 开始备份和清理记忆...
[2026-07-17 14:00:01] 步骤 1：记录清理前的上下文占用
[2026-07-17 14:00:01] 清理前上下文占用：
[2026-07-17 14:00:01]   - SOUL.md: 15689 bytes ≈ 3922 tokens
[2026-07-17 14:00:01]   - USER.md: 765 bytes ≈ 191 tokens
[2026-07-17 14:00:01]   - MEMORY.md: 218 bytes ≈ 54 tokens
[2026-07-17 14:00:01]   - Daily memory: 3 files, 24M
[2026-07-17 14:00:01]   - 总计 (不含 daily): 4167 tokens
[2026-07-17 14:00:01] 步骤 2：备份 MEMORY.md
[2026-07-17 14:00:01] ✅ MEMORY.md 备份到 /root/clawd/memory/backups/MEMORY.md.20260717-140001 (218 bytes)
[2026-07-17 14:00:01] 步骤 3：备份 daily memory
[2026-07-17 14:00:01] ✅ Daily memory 备份到 /root/clawd/memory/backups/daily-20260717.md.20260717-140001 (231 bytes)
[2026-07-17 14:00:01] 步骤 4：清理 MEMORY.md
[2026-07-17 14:00:01] ✅ MEMORY.md 已清理（218 bytes）
[2026-07-17 14:00:01] 步骤 5：清理 old daily memory（保留最近 1 天）
[2026-07-17 14:00:01] ✅ Old daily memory 已清理（保留最近 1 天，删除了 0 个文件）
[2026-07-17 14:00:01] 步骤 6：记录清理后的上下文占用
[2026-07-17 14:00:01] 清理后上下文占用：
[2026-07-17 14:00:01]   - SOUL.md: 15689 bytes ≈ 3922 tokens
[2026-07-17 14:00:01]   - USER.md: 765 bytes ≈ 191 tokens
[2026-07-17 14:00:01]   - MEMORY.md: 218 bytes ≈ 54 tokens
[2026-07-17 14:00:01]   - Daily memory: 3 files, 24M → 24M
[2026-07-17 14:00:01]   - 总计 (不含 daily): 4167 tokens
[2026-07-17 14:00:01]   - Daily memory 文件数: 3 → 3 (删除 0 个)
[2026-07-17 14:00:01] 步骤 7：计算对比
[2026-07-17 14:00:01] 对比结果：
[2026-07-17 14:00:01]   - 节省 tokens: 0 (0%)
[2026-07-17 14:00:01]   - 清理前可用上下文: 126833 tokens
[2026-07-17 14:00:01]   - 清理后可用上下文: 126833 tokens
[2026-07-17 14:00:01]   - 提升可用上下文: 0 tokens (0%)
[2026-07-17 14:00:01] 🎉 备份和清理完成！
[2026-07-17 14:00:01] 💡 下次会话启动时，上下文将更加宽松。
✅ 已记忆到: /root/clawd/memory/2026-07-17.md (类型: general)
[2026-07-18 02:00:01] 开始备份和清理记忆...
[2026-07-18 02:00:01] 步骤 1：记录清理前的上下文占用
[2026-07-18 02:00:02] 清理前上下文占用：
[2026-07-18 02:00:02]   - SOUL.md: 15689 bytes ≈ 3922 tokens
[2026-07-18 02:00:02]   - USER.md: 765 bytes ≈ 191 tokens
[2026-07-18 02:00:02]   - MEMORY.md: 218 bytes ≈ 54 tokens
[2026-07-18 02:00:02]   - Daily memory: 3 files, 24M
[2026-07-18 02:00:02]   - 总计 (不含 daily): 4167 tokens
[2026-07-18 02:00:02] 步骤 2：备份 MEMORY.md
[2026-07-18 02:00:02] ✅ MEMORY.md 备份到 /root/clawd/memory/backups/MEMORY.md.20260718-020001 (218 bytes)
[2026-07-18 02:00:02] 步骤 3：备份 daily memory
[2026-07-18 02:00:02] ⚠️  今天的 daily memory 不存在，跳过备份
[2026-07-18 02:00:02] 步骤 4：清理 MEMORY.md
[2026-07-18 02:00:02] ✅ MEMORY.md 已清理（218 bytes）
[2026-07-18 02:00:02] 步骤 5：清理 old daily memory（保留最近 1 天）
[2026-07-18 02:00:02] ✅ Old daily memory 已清理（保留最近 1 天，删除了 1 个文件）
[2026-07-18 02:00:02] 步骤 6：记录清理后的上下文占用
[2026-07-18 02:00:02] 清理后上下文占用：
[2026-07-18 02:00:02]   - SOUL.md: 15689 bytes ≈ 3922 tokens
[2026-07-18 02:00:02]   - USER.md: 765 bytes ≈ 191 tokens
[2026-07-18 02:00:02]   - MEMORY.md: 218 bytes ≈ 54 tokens
[2026-07-18 02:00:02]   - Daily memory: 2 files, 24M → 24M
[2026-07-18 02:00:02]   - 总计 (不含 daily): 4167 tokens
[2026-07-18 02:00:02]   - Daily memory 文件数: 3 → 2 (删除 1 个)
[2026-07-18 02:00:02] 步骤 7：计算对比
[2026-07-18 02:00:02] 对比结果：
[2026-07-18 02:00:02]   - 节省 tokens: 0 (0%)
[2026-07-18 02:00:02]   - 清理前可用上下文: 126833 tokens
[2026-07-18 02:00:02]   - 清理后可用上下文: 126833 tokens
[2026-07-18 02:00:02]   - 提升可用上下文: 0 tokens (0%)
[2026-07-18 02:00:02] 🎉 备份和清理完成！
[2026-07-18 02:00:02] 💡 下次会话启动时，上下文将更加宽松。
✅ 已记忆到: /root/clawd/memory/2026-07-18.md (类型: general)
[2026-07-18 14:00:01] 开始备份和清理记忆...
[2026-07-18 14:00:01] 步骤 1：记录清理前的上下文占用
[2026-07-18 14:00:01] 清理前上下文占用：
[2026-07-18 14:00:01]   - SOUL.md: 15689 bytes ≈ 3922 tokens
[2026-07-18 14:00:01]   - USER.md: 765 bytes ≈ 191 tokens
[2026-07-18 14:00:01]   - MEMORY.md: 218 bytes ≈ 54 tokens
[2026-07-18 14:00:01]   - Daily memory: 3 files, 24M
[2026-07-18 14:00:01]   - 总计 (不含 daily): 4167 tokens
[2026-07-18 14:00:01] 步骤 2：备份 MEMORY.md
[2026-07-18 14:00:01] ✅ MEMORY.md 备份到 /root/clawd/memory/backups/MEMORY.md.20260718-140001 (218 bytes)
[2026-07-18 14:00:01] 步骤 3：备份 daily memory
[2026-07-18 14:00:01] ✅ Daily memory 备份到 /root/clawd/memory/backups/daily-20260718.md.20260718-140001 (462 bytes)
[2026-07-18 14:00:01] 步骤 4：清理 MEMORY.md
[2026-07-18 14:00:01] ✅ MEMORY.md 已清理（0 bytes）
[2026-07-18 14:00:01] 步骤 5：清理 old daily memory（保留最近 1 天）
[2026-07-18 14:00:01] ✅ Old daily memory 已清理（保留最近 1 天，删除了 0 个文件）
[2026-07-18 14:00:01] 步骤 6：记录清理后的上下文占用
[2026-07-18 14:00:01] 清理后上下文占用：
[2026-07-18 14:00:01]   - SOUL.md: 15689 bytes ≈ 3922 tokens
[2026-07-18 14:00:01]   - USER.md: 765 bytes ≈ 191 tokens
[2026-07-18 14:00:01]   - MEMORY.md: 218 bytes ≈ 54 tokens
[2026-07-18 14:00:01]   - Daily memory: 3 files, 24M → 24M
[2026-07-18 14:00:01]   - 总计 (不含 daily): 4167 tokens
[2026-07-18 14:00:01]   - Daily memory 文件数: 3 → 3 (删除 0 个)
[2026-07-18 14:00:01] 步骤 7：计算对比
[2026-07-18 14:00:01] 对比结果：
[2026-07-18 14:00:01]   - 节省 tokens: 0 (0%)
[2026-07-18 14:00:01]   - 清理前可用上下文: 126833 tokens
[2026-07-18 14:00:01]   - 清理后可用上下文: 126833 tokens
[2026-07-18 14:00:01]   - 提升可用上下文: 0 tokens (0%)
[2026-07-18 14:00:01] 🎉 备份和清理完成！
[2026-07-18 14:00:01] 💡 下次会话启动时，上下文将更加宽松。
✅ 已记忆到: /root/clawd/memory/2026-07-18.md (类型: general)
[2026-07-19 02:00:01] 开始备份和清理记忆...
[2026-07-19 02:00:01] 步骤 1：记录清理前的上下文占用
[2026-07-19 02:00:01] 清理前上下文占用：
[2026-07-19 02:00:01]   - SOUL.md: 15689 bytes ≈ 3922 tokens
[2026-07-19 02:00:01]   - USER.md: 765 bytes ≈ 191 tokens
[2026-07-19 02:00:01]   - MEMORY.md: 218 bytes ≈ 54 tokens
[2026-07-19 02:00:01]   - Daily memory: 3 files, 24M
[2026-07-19 02:00:01]   - 总计 (不含 daily): 4167 tokens
[2026-07-19 02:00:01] 步骤 2：备份 MEMORY.md
[2026-07-19 02:00:01] ✅ MEMORY.md 备份到 /root/clawd/memory/backups/MEMORY.md.20260719-020001 (218 bytes)
[2026-07-19 02:00:01] 步骤 3：备份 daily memory
[2026-07-19 02:00:01] ⚠️  今天的 daily memory 不存在，跳过备份
[2026-07-19 02:00:01] 步骤 4：清理 MEMORY.md
[2026-07-19 02:00:01] ✅ MEMORY.md 已清理（218 bytes）
[2026-07-19 02:00:01] 步骤 5：清理 old daily memory（保留最近 1 天）
[2026-07-19 02:00:01] ✅ Old daily memory 已清理（保留最近 1 天，删除了 1 个文件）
[2026-07-19 02:00:01] 步骤 6：记录清理后的上下文占用
[2026-07-19 02:00:01] 清理后上下文占用：
[2026-07-19 02:00:01]   - SOUL.md: 15689 bytes ≈ 3922 tokens
[2026-07-19 02:00:01]   - USER.md: 765 bytes ≈ 191 tokens
[2026-07-19 02:00:01]   - MEMORY.md: 218 bytes ≈ 54 tokens
[2026-07-19 02:00:01]   - Daily memory: 2 files, 24M → 24M
[2026-07-19 02:00:01]   - 总计 (不含 daily): 4167 tokens
[2026-07-19 02:00:02]   - Daily memory 文件数: 3 → 2 (删除 1 个)
[2026-07-19 02:00:02] 步骤 7：计算对比
[2026-07-19 02:00:02] 对比结果：
[2026-07-19 02:00:02]   - 节省 tokens: 0 (0%)
[2026-07-19 02:00:02]   - 清理前可用上下文: 126833 tokens
[2026-07-19 02:00:02]   - 清理后可用上下文: 126833 tokens
[2026-07-19 02:00:02]   - 提升可用上下文: 0 tokens (0%)
[2026-07-19 02:00:02] 🎉 备份和清理完成！
[2026-07-19 02:00:02] 💡 下次会话启动时，上下文将更加宽松。
✅ 已记忆到: /root/clawd/memory/2026-07-19.md (类型: general)
[2026-07-19 14:00:01] 开始备份和清理记忆...
[2026-07-19 14:00:01] 步骤 1：记录清理前的上下文占用
[2026-07-19 14:00:01] 清理前上下文占用：
[2026-07-19 14:00:01]   - SOUL.md: 15689 bytes ≈ 3922 tokens
[2026-07-19 14:00:01]   - USER.md: 765 bytes ≈ 191 tokens
[2026-07-19 14:00:01]   - MEMORY.md: 218 bytes ≈ 54 tokens
[2026-07-19 14:00:01]   - Daily memory: 3 files, 24M
[2026-07-19 14:00:01]   - 总计 (不含 daily): 4167 tokens
[2026-07-19 14:00:01] 步骤 2：备份 MEMORY.md
[2026-07-19 14:00:01] ✅ MEMORY.md 备份到 /root/clawd/memory/backups/MEMORY.md.20260719-140001 (218 bytes)
[2026-07-19 14:00:01] 步骤 3：备份 daily memory
[2026-07-19 14:00:01] ✅ Daily memory 备份到 /root/clawd/memory/backups/daily-20260719.md.20260719-140001 (462 bytes)
[2026-07-19 14:00:01] 步骤 4：清理 MEMORY.md
[2026-07-19 14:00:01] ✅ MEMORY.md 已清理（218 bytes）
[2026-07-19 14:00:01] 步骤 5：清理 old daily memory（保留最近 1 天）
[2026-07-19 14:00:01] ✅ Old daily memory 已清理（保留最近 1 天，删除了 0 个文件）
[2026-07-19 14:00:01] 步骤 6：记录清理后的上下文占用
[2026-07-19 14:00:01] 清理后上下文占用：
[2026-07-19 14:00:01]   - SOUL.md: 15689 bytes ≈ 3922 tokens
[2026-07-19 14:00:01]   - USER.md: 765 bytes ≈ 191 tokens
[2026-07-19 14:00:01]   - MEMORY.md: 218 bytes ≈ 54 tokens
[2026-07-19 14:00:01]   - Daily memory: 3 files, 24M → 24M
[2026-07-19 14:00:01]   - 总计 (不含 daily): 4167 tokens
[2026-07-19 14:00:01]   - Daily memory 文件数: 3 → 3 (删除 0 个)
[2026-07-19 14:00:01] 步骤 7：计算对比
[2026-07-19 14:00:01] 对比结果：
[2026-07-19 14:00:01]   - 节省 tokens: 0 (0%)
[2026-07-19 14:00:01]   - 清理前可用上下文: 126833 tokens
[2026-07-19 14:00:01]   - 清理后可用上下文: 126833 tokens
[2026-07-19 14:00:01]   - 提升可用上下文: 0 tokens (0%)
[2026-07-19 14:00:01] 🎉 备份和清理完成！
[2026-07-19 14:00:01] 💡 下次会话启动时，上下文将更加宽松。
✅ 已记忆到: /root/clawd/memory/2026-07-19.md (类型: general)
