[2026-02-05 11:09:36] 检查上下文使用率: 0% (阈值: 50%)
[2026-02-05 11:09:36] ✅ 上下文使用率正常 (0% <= 50%)，无需清理
[2026-02-05 11:12:12] 估算上下文使用率: 11% (阈值: 50%)
[2026-02-05 11:12:12] ✅ 上下文使用率正常
[2026-02-05 11:14:46] 估算上下文使用率: 11% (阈值: 50%)
[2026-02-05 11:14:46] ✅ 上下文使用率正常
[2026-02-05 11:15:52] 估算上下文使用率: 11% (阈值: 50%)
[2026-02-05 11:15:52] ✅ 上下文使用率正常
[2026-02-05 11:34:55] 估算上下文使用率: 12% (阈值: 50%)
[2026-02-05 11:34:55] ✅ 上下文使用率正常
[2026-02-05 12:04:32] 估算上下文使用率: 12% (阈值: 50%)
[2026-02-05 12:04:32] ✅ 上下文使用率正常
[2026-02-05 12:34:35] 估算上下文使用率: 13% (阈值: 50%)
[2026-02-05 12:34:35] ✅ 上下文使用率正常
[2026-02-05 12:49:15] 估算上下文使用率: 15% (阈值: 50%)
[2026-02-05 12:49:15] ✅ 上下文使用率正常
[2026-02-05 13:16:02] 估算上下文使用率: 19% (阈值: 50%)
[2026-02-05 13:16:02] ✅ 上下文使用率正常
[2026-02-05 13:38:42] 估算上下文使用率: 22% (阈值: 50%)
[2026-02-05 13:38:42] ✅ 上下文使用率正常
[2026-02-05 13:43:44] 估算上下文使用率: 22% (阈值: 50%)
[2026-02-05 13:43:44] ✅ 上下文使用率正常
[2026-02-05 13:48:19] 估算上下文使用率: 22% (阈值: 50%)
[2026-02-05 13:48:19] ✅ 上下文使用率正常
[2026-02-05 14:07:40] 估算上下文使用率: 22% (阈值: 50%)
[2026-02-05 14:07:40] ✅ 上下文使用率正常
[2026-02-05 14:45:36] 估算上下文使用率: 22% (阈值: 50%)
[2026-02-05 14:45:36] ✅ 上下文使用率正常
[2026-02-05 14:50:06] 估算上下文使用率: 22% (阈值: 50%)
[2026-02-05 14:50:06] ✅ 上下文使用率正常
[2026-02-05 14:58:57] 估算上下文使用率: 23% (阈值: 50%)
[2026-02-05 14:58:57] ✅ 上下文使用率正常
[2026-02-05 15:00:41] 估算上下文使用率: 23% (阈值: 50%)
[2026-02-05 15:00:41] ✅ 上下文使用率正常
[2026-02-05 15:30:28] 估算上下文使用率: 23% (阈值: 50%)
[2026-02-05 15:30:28] ✅ 上下文使用率正常
[2026-02-05 16:00:26] 估算上下文使用率: 23% (阈值: 50%)
[2026-02-05 16:00:26] ✅ 上下文使用率正常
[2026-02-05 16:30:32] 估算上下文使用率: 23% (阈值: 50%)
[2026-02-05 16:30:32] ✅ 上下文使用率正常
[2026-02-05 16:58:56] 估算上下文使用率: 23% (阈值: 50%)
[2026-02-05 16:58:56] ✅ 上下文使用率正常
[2026-02-05 17:00:22] 估算上下文使用率: 23% (阈值: 50%)
[2026-02-05 17:00:22] ✅ 上下文使用率正常
[2026-02-05 17:13:57] 估算上下文使用率: 24% (阈值: 50%)
[2026-02-05 17:13:57] ✅ 上下文使用率正常
[2026-02-05 17:44:05] 估算上下文使用率: 24% (阈值: 50%)
[2026-02-05 17:44:05] ✅ 上下文使用率正常
[2026-02-05 18:14:32] 估算上下文使用率: 25% (阈值: 50%)
[2026-02-05 18:14:32] ✅ 上下文使用率正常
[2026-02-05 18:45:42] 估算上下文使用率: 26% (阈值: 50%)
[2026-02-05 18:45:42] ✅ 上下文使用率正常
[2026-02-05 19:15:54] 估算上下文使用率: 26% (阈值: 50%)
[2026-02-05 19:15:54] ✅ 上下文使用率正常
[2026-02-05 19:45:43] 估算上下文使用率: 26% (阈值: 50%)
[2026-02-05 19:45:43] ✅ 上下文使用率正常
[2026-02-05 20:15:55] 估算上下文使用率: 26% (阈值: 50%)
[2026-02-05 20:15:55] ✅ 上下文使用率正常
[2026-02-05 20:34:15] 估算上下文使用率: 27% (阈值: 50%)
[2026-02-05 20:34:15] ✅ 上下文使用率正常
[2026-02-05 20:56:55] 估算上下文使用率: 27% (阈值: 50%)
[2026-02-05 20:56:55] ✅ 上下文使用率正常
[2026-02-05 21:21:52] 估算上下文使用率: 27% (阈值: 50%)
[2026-02-05 21:21:52] ✅ 上下文使用率正常
[2026-02-05 21:53:25] 估算上下文使用率: 2% (阈值: 50%)
[2026-02-05 21:53:25] ✅ 上下文使用率正常
[2026-02-05 22:00:12] 估算上下文使用率: 2% (阈值: 50%)
[2026-02-05 22:00:12] ✅ 上下文使用率正常
[2026-02-05 22:06:46] 估算上下文使用率: 2% (阈值: 50%)
[2026-02-05 22:06:46] ✅ 上下文使用率正常
[2026-02-05 22:40:24] 估算上下文使用率: 2% (阈值: 50%)
[2026-02-05 22:40:24] ✅ 上下文使用率正常
[2026-02-05 23:10:35] 估算上下文使用率: 2% (阈值: 50%)
[2026-02-05 23:10:35] ✅ 上下文使用率正常
[2026-02-06 00:00:30] 估算上下文使用率: 2% (阈值: 50%)
[2026-02-06 00:00:30] ✅ 上下文使用率正常
[2026-02-06 00:30:41] 估算上下文使用率: 2% (阈值: 50%)
[2026-02-06 00:30:41] ✅ 上下文使用率正常
[2026-02-06 01:00:33] 估算上下文使用率: 2% (阈值: 50%)
[2026-02-06 01:00:33] ✅ 上下文使用率正常
[2026-02-06 01:30:14] 估算上下文使用率: 2% (阈值: 50%)
[2026-02-06 01:30:14] ✅ 上下文使用率正常
[2026-02-06 02:00:24] 估算上下文使用率: 2% (阈值: 50%)
[2026-02-06 02:00:24] ✅ 上下文使用率正常
[2026-02-06 02:30:21] 估算上下文使用率: 2% (阈值: 50%)
[2026-02-06 02:30:21] ✅ 上下文使用率正常
[2026-02-06 03:00:33] 估算上下文使用率: 2% (阈值: 50%)
[2026-02-06 03:00:33] ✅ 上下文使用率正常
[2026-02-06 03:30:17] 估算上下文使用率: 2% (阈值: 50%)
[2026-02-06 03:30:17] ✅ 上下文使用率正常
[2026-02-06 04:00:25] 估算上下文使用率: 2% (阈值: 50%)
[2026-02-06 04:00:25] ✅ 上下文使用率正常
[2026-02-06 04:04:10] 估算上下文使用率: 2% (阈值: 50%)
[2026-02-06 04:04:10] ✅ 上下文使用率正常
[2026-02-06 04:34:24] 估算上下文使用率: 2% (阈值: 50%)
[2026-02-06 04:34:24] ✅ 上下文使用率正常
[2026-02-06 05:04:10] 估算上下文使用率: 2% (阈值: 50%)
[2026-02-06 05:04:10] ✅ 上下文使用率正常
[2026-02-06 05:34:09] 估算上下文使用率: 2% (阈值: 50%)
[2026-02-06 05:34:09] ✅ 上下文使用率正常
[2026-02-06 06:04:09] 估算上下文使用率: 2% (阈值: 50%)
[2026-02-06 06:04:09] ✅ 上下文使用率正常
[2026-02-06 06:34:23] 估算上下文使用率: 2% (阈值: 50%)
[2026-02-06 06:34:23] ✅ 上下文使用率正常
[2026-02-06 07:04:25] 估算上下文使用率: 2% (阈值: 50%)
[2026-02-06 07:04:25] ✅ 上下文使用率正常
[2026-02-06 07:22:11] 估算上下文使用率: 2% (阈值: 50%)
[2026-02-06 07:22:11] ✅ 上下文使用率正常
[2026-02-06 07:35:18] 估算上下文使用率: 2% (阈值: 50%)
[2026-02-06 07:35:18] ✅ 上下文使用率正常
[2026-02-06 07:44:52] 估算上下文使用率: 2% (阈值: 50%)
[2026-02-06 07:44:52] ✅ 上下文使用率正常
[2026-02-06 08:14:58] 估算上下文使用率: 2% (阈值: 50%)
[2026-02-06 08:14:58] ✅ 上下文使用率正常
[2026-02-06 08:45:02] 估算上下文使用率: 2% (阈值: 50%)
[2026-02-06 08:45:02] ✅ 上下文使用率正常
[2026-02-06 08:57:45] 估算上下文使用率: 2% (阈值: 50%)
[2026-02-06 08:57:45] ✅ 上下文使用率正常
[2026-02-06 09:00:40] 估算上下文使用率: 2% (阈值: 50%)
[2026-02-06 09:00:40] ✅ 上下文使用率正常
[2026-02-06 09:03:37] 估算上下文使用率: 2% (阈值: 50%)
[2026-02-06 09:03:37] ✅ 上下文使用率正常
[2026-02-06 09:26:55] 估算上下文使用率: 2% (阈值: 50%)
[2026-02-06 09:26:55] ✅ 上下文使用率正常
[2026-02-06 09:56:58] 估算上下文使用率: 2% (阈值: 50%)
[2026-02-06 09:56:58] ✅ 上下文使用率正常
[2026-02-06 10:03:16] 估算上下文使用率: 2% (阈值: 50%)
[2026-02-06 10:03:16] ✅ 上下文使用率正常
[2026-02-06 10:33:24] 估算上下文使用率: 2% (阈值: 50%)
[2026-02-06 10:33:24] ✅ 上下文使用率正常
[2026-02-06 11:03:23] 估算上下文使用率: 2% (阈值: 50%)
[2026-02-06 11:03:23] ✅ 上下文使用率正常
[2026-02-06 11:33:16] 估算上下文使用率: 2% (阈值: 50%)
[2026-02-06 11:33:16] ✅ 上下文使用率正常
[2026-02-06 12:03:28] 估算上下文使用率: 2% (阈值: 50%)
[2026-02-06 12:03:28] ✅ 上下文使用率正常
[2026-02-06 12:05:51] 估算上下文使用率: 2% (阈值: 50%)
[2026-02-06 12:05:51] ✅ 上下文使用率正常
[2026-02-06 12:35:49] 估算上下文使用率: 2% (阈值: 50%)
[2026-02-06 12:35:49] ✅ 上下文使用率正常
[2026-02-06 13:05:53] 估算上下文使用率: 2% (阈值: 50%)
[2026-02-06 13:05:53] ✅ 上下文使用率正常
[2026-02-06 13:35:52] 估算上下文使用率: 2% (阈值: 50%)
[2026-02-06 13:35:52] ✅ 上下文使用率正常
[2026-02-06 13:56:12] 估算上下文使用率: 2% (阈值: 50%)
[2026-02-06 13:56:12] ✅ 上下文使用率正常
[2026-02-06 14:23:22] 估算上下文使用率: 2% (阈值: 50%)
[2026-02-06 14:23:22] ✅ 上下文使用率正常
[2026-02-06 14:27:15] 估算上下文使用率: 2% (阈值: 50%)
[2026-02-06 14:27:15] ✅ 上下文使用率正常
[2026-02-06 15:05:53] 估算上下文使用率: 2% (阈值: 50%)
[2026-02-06 15:05:53] ✅ 上下文使用率正常
[2026-02-06 15:35:52] 估算上下文使用率: 2% (阈值: 50%)
[2026-02-06 15:35:52] ✅ 上下文使用率正常
[2026-02-06 16:00:16] 估算上下文使用率: 2% (阈值: 50%)
[2026-02-06 16:00:16] ✅ 上下文使用率正常
[2026-02-06 16:02:53] 估算上下文使用率: 2% (阈值: 50%)
[2026-02-06 16:02:53] ✅ 上下文使用率正常
[2026-02-06 16:32:47] 估算上下文使用率: 2% (阈值: 50%)
[2026-02-06 16:32:47] ✅ 上下文使用率正常
[2026-02-06 17:02:47] 估算上下文使用率: 2% (阈值: 50%)
[2026-02-06 17:02:47] ✅ 上下文使用率正常
[2026-02-06 17:32:47] 估算上下文使用率: 2% (阈值: 50%)
[2026-02-06 17:32:47] ✅ 上下文使用率正常
[2026-02-06 18:03:23] 估算上下文使用率: 2% (阈值: 50%)
[2026-02-06 18:03:23] ✅ 上下文使用率正常
[2026-02-06 18:04:30] 估算上下文使用率: 2% (阈值: 50%)
[2026-02-06 18:04:30] ✅ 上下文使用率正常
[2026-02-06 18:34:29] 估算上下文使用率: 2% (阈值: 50%)
[2026-02-06 18:34:29] ✅ 上下文使用率正常
[2026-02-06 19:04:27] 估算上下文使用率: 2% (阈值: 50%)
[2026-02-06 19:04:27] ✅ 上下文使用率正常
[2026-02-06 19:34:30] 估算上下文使用率: 2% (阈值: 50%)
[2026-02-06 19:34:30] ✅ 上下文使用率正常
[2026-02-06 20:04:28] 估算上下文使用率: 2% (阈值: 50%)
[2026-02-06 20:04:28] ✅ 上下文使用率正常
[2026-02-06 20:34:31] 估算上下文使用率: 2% (阈值: 50%)
[2026-02-06 20:34:31] ✅ 上下文使用率正常
[2026-02-06 21:05:37] 估算上下文使用率: 2% (阈值: 50%)
[2026-02-06 21:05:37] ✅ 上下文使用率正常
[2026-02-06 21:11:15] 估算上下文使用率: 2% (阈值: 50%)
[2026-02-06 21:11:15] ✅ 上下文使用率正常
[2026-02-06 21:35:42] 估算上下文使用率: 2% (阈值: 50%)
[2026-02-06 21:35:42] ✅ 上下文使用率正常
[2026-02-06 22:00:29] 估算上下文使用率: 2% (阈值: 50%)
[2026-02-06 22:00:29] ✅ 上下文使用率正常
[2026-02-06 22:30:22] 估算上下文使用率: 2% (阈值: 50%)
[2026-02-06 22:30:22] ✅ 上下文使用率正常
[2026-02-06 22:32:28] 估算上下文使用率: 2% (阈值: 50%)
[2026-02-06 22:32:28] ✅ 上下文使用率正常
[2026-02-06 23:02:09] 估算上下文使用率: 2% (阈值: 50%)
[2026-02-06 23:02:09] ✅ 上下文使用率正常
[2026-02-06 23:30:17] 估算上下文使用率: 2% (阈值: 50%)
[2026-02-06 23:30:17] ✅ 上下文使用率正常
[2026-02-07 00:00:24] 估算上下文使用率: 2% (阈值: 50%)
[2026-02-07 00:00:24] ✅ 上下文使用率正常
[2026-02-07 00:30:46] 估算上下文使用率: 2% (阈值: 50%)
[2026-02-07 00:30:46] ✅ 上下文使用率正常
[2026-02-07 01:00:27] 估算上下文使用率: 2% (阈值: 50%)
[2026-02-07 01:00:27] ✅ 上下文使用率正常
[2026-02-07 01:30:30] 估算上下文使用率: 2% (阈值: 50%)
[2026-02-07 01:30:30] ✅ 上下文使用率正常
[2026-02-07 02:01:17] 估算上下文使用率: 2% (阈值: 50%)
[2026-02-07 02:01:17] ✅ 上下文使用率正常
[2026-02-07 02:30:15] 估算上下文使用率: 2% (阈值: 50%)
[2026-02-07 02:30:15] ✅ 上下文使用率正常
[2026-02-07 03:00:14] 估算上下文使用率: 2% (阈值: 50%)
[2026-02-07 03:00:14] ✅ 上下文使用率正常
[2026-02-07 03:30:42] 估算上下文使用率: 2% (阈值: 50%)
[2026-02-07 03:30:42] ✅ 上下文使用率正常
[2026-02-07 04:01:11] 估算上下文使用率: 2% (阈值: 50%)
[2026-02-07 04:01:11] ✅ 上下文使用率正常
[2026-02-07 04:04:38] 估算上下文使用率: 2% (阈值: 50%)
[2026-02-07 04:04:38] ✅ 上下文使用率正常
[2026-02-07 04:34:40] 估算上下文使用率: 2% (阈值: 50%)
[2026-02-07 04:34:40] ✅ 上下文使用率正常
[2026-02-07 05:04:36] 估算上下文使用率: 2% (阈值: 50%)
[2026-02-07 05:04:36] ✅ 上下文使用率正常
[2026-02-07 05:34:43] 估算上下文使用率: 2% (阈值: 50%)
[2026-02-07 05:34:43] ✅ 上下文使用率正常
[2026-02-07 06:04:39] 估算上下文使用率: 2% (阈值: 50%)
[2026-02-07 06:04:39] ✅ 上下文使用率正常
[2026-02-07 06:34:37] 估算上下文使用率: 2% (阈值: 50%)
[2026-02-07 06:34:37] ✅ 上下文使用率正常
[2026-02-07 07:05:03] 估算上下文使用率: 2% (阈值: 50%)
[2026-02-07 07:05:03] ✅ 上下文使用率正常
[2026-02-07 07:34:44] 估算上下文使用率: 2% (阈值: 50%)
[2026-02-07 07:34:44] ✅ 上下文使用率正常
[2026-02-07 07:35:39] 估算上下文使用率: 2% (阈值: 50%)
[2026-02-07 07:35:39] ✅ 上下文使用率正常
[2026-02-07 08:05:48] 估算上下文使用率: 2% (阈值: 50%)
[2026-02-07 08:05:48] ✅ 上下文使用率正常
[2026-02-07 08:35:41] 估算上下文使用率: 2% (阈值: 50%)
[2026-02-07 08:35:41] ✅ 上下文使用率正常
[2026-02-07 09:00:10] 估算上下文使用率: 2% (阈值: 50%)
[2026-02-07 09:00:10] ✅ 上下文使用率正常
[2026-02-07 09:03:07] 估算上下文使用率: 2% (阈值: 50%)
[2026-02-07 09:03:07] ✅ 上下文使用率正常
[2026-02-07 09:09:09] 估算上下文使用率: 2% (阈值: 50%)
[2026-02-07 09:09:09] ✅ 上下文使用率正常
[2026-02-07 09:38:56] 估算上下文使用率: 2% (阈值: 50%)
[2026-02-07 09:38:56] ✅ 上下文使用率正常
[2026-02-07 10:00:19] 估算上下文使用率: 2% (阈值: 50%)
[2026-02-07 10:00:19] ✅ 上下文使用率正常
[2026-02-07 10:31:00] 估算上下文使用率: 2% (阈值: 50%)
[2026-02-07 10:31:00] ✅ 上下文使用率正常
[2026-02-07 11:00:16] 估算上下文使用率: 2% (阈值: 50%)
[2026-02-07 11:00:16] ✅ 上下文使用率正常
[2026-02-07 11:30:34] 估算上下文使用率: 2% (阈值: 50%)
[2026-02-07 11:30:34] ✅ 上下文使用率正常
[2026-02-07 12:07:31] 估算上下文使用率: 2% (阈值: 50%)
[2026-02-07 12:07:31] ✅ 上下文使用率正常
[2026-02-07 12:10:48] 估算上下文使用率: 2% (阈值: 50%)
[2026-02-07 12:10:48] ✅ 上下文使用率正常
[2026-02-07 12:36:16] 估算上下文使用率: 2% (阈值: 50%)
[2026-02-07 12:36:16] ✅ 上下文使用率正常
[2026-02-07 13:07:03] 估算上下文使用率: 2% (阈值: 50%)
[2026-02-07 13:07:03] ✅ 上下文使用率正常
[2026-02-07 13:36:57] 估算上下文使用率: 2% (阈值: 50%)
[2026-02-07 13:36:57] ✅ 上下文使用率正常
[2026-02-07 14:06:50] 估算上下文使用率: 2% (阈值: 50%)
[2026-02-07 14:06:50] ✅ 上下文使用率正常
[2026-02-07 14:37:06] 估算上下文使用率: 2% (阈值: 50%)
[2026-02-07 14:37:06] ✅ 上下文使用率正常
[2026-02-07 15:34:11] 估算上下文使用率: 2% (阈值: 50%)
[2026-02-07 15:34:11] ✅ 上下文使用率正常
[2026-02-07 16:00:50] 估算上下文使用率: 2% (阈值: 50%)
[2026-02-07 16:00:50] ✅ 上下文使用率正常
[2026-02-07 16:30:33] 估算上下文使用率: 2% (阈值: 50%)
[2026-02-07 16:30:33] ✅ 上下文使用率正常
[2026-02-07 17:00:38] 估算上下文使用率: 2% (阈值: 50%)
[2026-02-07 17:00:38] ✅ 上下文使用率正常
[2026-02-07 17:33:45] 估算上下文使用率: 2% (阈值: 50%)
[2026-02-07 17:33:45] ✅ 上下文使用率正常
[2026-02-07 18:03:32] 估算上下文使用率: 2% (阈值: 50%)
[2026-02-07 18:03:32] ✅ 上下文使用率正常
[2026-02-07 18:33:22] 估算上下文使用率: 2% (阈值: 50%)
[2026-02-07 18:33:22] ✅ 上下文使用率正常
[2026-02-07 19:08:23] 估算上下文使用率: 2% (阈值: 50%)
[2026-02-07 19:08:23] ✅ 上下文使用率正常
[2026-02-07 19:40:08] 估算上下文使用率: 2% (阈值: 50%)
[2026-02-07 19:40:08] ✅ 上下文使用率正常
[2026-02-07 20:09:49] 估算上下文使用率: 2% (阈值: 50%)
[2026-02-07 20:09:49] ✅ 上下文使用率正常
[2026-02-07 20:11:40] 估算上下文使用率: 2% (阈值: 50%)
[2026-02-07 20:11:40] ✅ 上下文使用率正常
[2026-02-07 20:41:29] 估算上下文使用率: 2% (阈值: 50%)
[2026-02-07 20:41:29] ✅ 上下文使用率正常
[2026-02-07 21:11:26] 估算上下文使用率: 2% (阈值: 50%)
[2026-02-07 21:11:26] ✅ 上下文使用率正常
[2026-02-07 21:45:13] 估算上下文使用率: 2% (阈值: 50%)
[2026-02-07 21:45:13] ✅ 上下文使用率正常
[2026-02-07 22:00:29] 估算上下文使用率: 2% (阈值: 50%)
[2026-02-07 22:00:29] ✅ 上下文使用率正常
[2026-02-07 22:30:44] 估算上下文使用率: 2% (阈值: 50%)
[2026-02-07 22:30:44] ✅ 上下文使用率正常
[2026-02-07 23:01:25] 估算上下文使用率: 2% (阈值: 50%)
[2026-02-07 23:01:25] ✅ 上下文使用率正常
[2026-02-07 23:30:27] 估算上下文使用率: 2% (阈值: 50%)
[2026-02-07 23:30:27] ✅ 上下文使用率正常
[2026-02-08 00:00:09] 估算上下文使用率: 2% (阈值: 50%)
[2026-02-08 00:00:09] ✅ 上下文使用率正常
[2026-02-08 00:30:18] 估算上下文使用率: 2% (阈值: 50%)
[2026-02-08 00:30:18] ✅ 上下文使用率正常
[2026-02-08 01:01:21] 估算上下文使用率: 2% (阈值: 50%)
[2026-02-08 01:01:21] ✅ 上下文使用率正常
[2026-02-08 01:30:37] 估算上下文使用率: 2% (阈值: 50%)
[2026-02-08 01:30:37] ✅ 上下文使用率正常
[2026-02-08 02:00:12] 估算上下文使用率: 2% (阈值: 50%)
[2026-02-08 02:00:12] ✅ 上下文使用率正常
[2026-02-08 02:30:26] 估算上下文使用率: 2% (阈值: 50%)
[2026-02-08 02:30:26] ✅ 上下文使用率正常
[2026-02-08 03:00:20] 估算上下文使用率: 2% (阈值: 50%)
[2026-02-08 03:00:20] ✅ 上下文使用率正常
[2026-02-08 03:30:36] 估算上下文使用率: 2% (阈值: 50%)
[2026-02-08 03:30:36] ✅ 上下文使用率正常
[2026-02-08 04:00:53] 估算上下文使用率: 2% (阈值: 50%)
[2026-02-08 04:00:53] ✅ 上下文使用率正常
[2026-02-08 05:02:52] 估算上下文使用率: 2% (阈值: 50%)
[2026-02-08 05:02:52] ✅ 上下文使用率正常
[2026-02-08 05:32:52] 估算上下文使用率: 2% (阈值: 50%)
[2026-02-08 05:32:52] ✅ 上下文使用率正常
[2026-02-08 06:03:06] 估算上下文使用率: 2% (阈值: 50%)
[2026-02-08 06:03:06] ✅ 上下文使用率正常
[2026-02-08 06:33:00] 估算上下文使用率: 2% (阈值: 50%)
[2026-02-08 06:33:00] ✅ 上下文使用率正常
[2026-02-08 07:03:41] 估算上下文使用率: 2% (阈值: 50%)
[2026-02-08 07:03:41] ✅ 上下文使用率正常
[2026-02-08 07:33:15] 估算上下文使用率: 2% (阈值: 50%)
[2026-02-08 07:33:15] ✅ 上下文使用率正常
[2026-02-08 08:02:54] 估算上下文使用率: 2% (阈值: 50%)
[2026-02-08 08:02:54] ✅ 上下文使用率正常
[2026-02-08 08:34:48] 估算上下文使用率: 2% (阈值: 50%)
[2026-02-08 08:34:48] ✅ 上下文使用率正常
[2026-02-08 09:00:24] 估算上下文使用率: 2% (阈值: 50%)
[2026-02-08 09:00:24] ✅ 上下文使用率正常
[2026-02-08 09:32:31] 估算上下文使用率: 2% (阈值: 50%)
[2026-02-08 09:32:31] ✅ 上下文使用率正常
[2026-02-08 10:14:24] 估算上下文使用率: 1% (阈值: 50%)
[2026-02-08 10:14:24] ✅ 上下文使用率正常
[2026-02-08 10:55:11] 估算上下文使用率: 1% (阈值: 50%)
[2026-02-08 10:55:11] ✅ 上下文使用率正常
[2026-02-08 10:57:19] 估算上下文使用率: 1% (阈值: 50%)
[2026-02-08 10:57:19] ✅ 上下文使用率正常
[2026-02-08 11:27:21] 估算上下文使用率: 1% (阈值: 50%)
[2026-02-08 11:27:21] ✅ 上下文使用率正常
[2026-02-08 11:57:57] 估算上下文使用率: 1% (阈值: 50%)
[2026-02-08 11:57:57] ✅ 上下文使用率正常
[2026-02-08 12:27:22] 估算上下文使用率: 1% (阈值: 50%)
[2026-02-08 12:27:22] ✅ 上下文使用率正常
[2026-02-08 12:49:51] 估算上下文使用率: 1% (阈值: 50%)
[2026-02-08 12:49:51] ✅ 上下文使用率正常
[2026-02-08 12:51:50] 估算上下文使用率: 1% (阈值: 50%)
[2026-02-08 12:51:50] ✅ 上下文使用率正常
[2026-02-08 13:21:24] 估算上下文使用率: 1% (阈值: 50%)
[2026-02-08 13:21:24] ✅ 上下文使用率正常
[2026-02-08 13:51:20] 估算上下文使用率: 1% (阈值: 50%)
[2026-02-08 13:51:20] ✅ 上下文使用率正常
[2026-02-08 14:19:27] 估算上下文使用率: 1% (阈值: 50%)
[2026-02-08 14:19:27] ✅ 上下文使用率正常
[2026-02-08 14:21:20] 估算上下文使用率: 1% (阈值: 50%)
[2026-02-08 14:21:20] ✅ 上下文使用率正常
[2026-02-08 14:30:53] 估算上下文使用率: 1% (阈值: 50%)
[2026-02-08 14:30:53] ✅ 上下文使用率正常
[2026-02-08 14:31:54] 估算上下文使用率: 1% (阈值: 50%)
[2026-02-08 14:31:54] ✅ 上下文使用率正常
[2026-02-08 14:33:23] 估算上下文使用率: 1% (阈值: 50%)
[2026-02-08 14:33:23] ✅ 上下文使用率正常
[2026-02-08 14:41:21] 估算上下文使用率: 1% (阈值: 50%)
[2026-02-08 14:41:21] ✅ 上下文使用率正常
[2026-02-08 14:42:36] 估算上下文使用率: 1% (阈值: 50%)
[2026-02-08 14:42:36] ✅ 上下文使用率正常
[2026-02-08 14:45:15] 估算上下文使用率: 1% (阈值: 50%)
[2026-02-08 14:45:15] ✅ 上下文使用率正常
[2026-02-08 15:15:15] 估算上下文使用率: 1% (阈值: 50%)
[2026-02-08 15:15:15] ✅ 上下文使用率正常
[2026-02-08 15:45:20] 估算上下文使用率: 1% (阈值: 50%)
[2026-02-08 15:45:20] ✅ 上下文使用率正常
[2026-02-08 16:00:28] 估算上下文使用率: 1% (阈值: 50%)
[2026-02-08 16:00:28] ✅ 上下文使用率正常
[2026-02-08 16:19:23] 估算上下文使用率: 1% (阈值: 50%)
[2026-02-08 16:19:23] ✅ 上下文使用率正常
[2026-02-08 16:20:49] 估算上下文使用率: 1% (阈值: 50%)
[2026-02-08 16:20:49] ✅ 上下文使用率正常
[2026-02-08 16:33:02] 估算上下文使用率: 1% (阈值: 50%)
[2026-02-08 16:33:02] ✅ 上下文使用率正常
[2026-02-08 16:46:34] 估算上下文使用率: 1% (阈值: 50%)
[2026-02-08 16:46:34] ✅ 上下文使用率正常
[2026-02-08 17:08:30] 估算上下文使用率: 1% (阈值: 50%)
[2026-02-08 17:08:30] ✅ 上下文使用率正常
[2026-02-08 17:38:43] 估算上下文使用率: 1% (阈值: 50%)
[2026-02-08 17:38:43] ✅ 上下文使用率正常
[2026-02-08 18:24:20] 估算上下文使用率: 1% (阈值: 50%)
[2026-02-08 18:24:20] ✅ 上下文使用率正常
[2026-02-08 18:48:58] 估算上下文使用率: 1% (阈值: 50%)
[2026-02-08 18:48:58] ✅ 上下文使用率正常
[2026-02-08 19:19:02] 估算上下文使用率: 1% (阈值: 50%)
[2026-02-08 19:19:02] ✅ 上下文使用率正常
[2026-02-08 19:36:07] 估算上下文使用率: 1% (阈值: 50%)
[2026-02-08 19:36:07] ✅ 上下文使用率正常
[2026-02-08 20:06:12] 估算上下文使用率: 1% (阈值: 50%)
[2026-02-08 20:06:12] ✅ 上下文使用率正常
[2026-02-08 21:15:42] 估算上下文使用率: 1% (阈值: 50%)
[2026-02-08 21:15:42] ✅ 上下文使用率正常
[2026-02-08 21:21:51] 估算上下文使用率: 1% (阈值: 50%)
[2026-02-08 21:21:51] ✅ 上下文使用率正常
[2026-02-08 21:51:50] 估算上下文使用率: 1% (阈值: 50%)
[2026-02-08 21:51:50] ✅ 上下文使用率正常
[2026-02-08 21:59:52] 估算上下文使用率: 1% (阈值: 50%)
[2026-02-08 21:59:52] ✅ 上下文使用率正常
[2026-02-08 22:01:30] 估算上下文使用率: 1% (阈值: 50%)
[2026-02-08 22:01:30] ✅ 上下文使用率正常
[2026-02-08 23:30:26] 估算上下文使用率: 1% (阈值: 50%)
[2026-02-08 23:30:26] ✅ 上下文使用率正常
[2026-02-09 00:00:24] 估算上下文使用率: 1% (阈值: 50%)
[2026-02-09 00:00:24] ✅ 上下文使用率正常
[2026-02-09 01:00:32] 估算上下文使用率: 1% (阈值: 50%)
[2026-02-09 01:00:32] ✅ 上下文使用率正常
[2026-02-09 01:30:51] 估算上下文使用率: 1% (阈值: 50%)
[2026-02-09 01:30:51] ✅ 上下文使用率正常
[2026-02-09 02:00:18] 估算上下文使用率: 1% (阈值: 50%)
[2026-02-09 02:00:18] ✅ 上下文使用率正常
[2026-02-09 02:30:44] 估算上下文使用率: 1% (阈值: 50%)
[2026-02-09 02:30:44] ✅ 上下文使用率正常
[2026-02-09 03:00:39] 估算上下文使用率: 1% (阈值: 50%)
[2026-02-09 03:00:39] ✅ 上下文使用率正常
[2026-02-09 03:30:25] 估算上下文使用率: 1% (阈值: 50%)
[2026-02-09 03:30:25] ✅ 上下文使用率正常
[2026-02-09 04:00:39] 估算上下文使用率: 1% (阈值: 50%)
[2026-02-09 04:00:39] ✅ 上下文使用率正常
[2026-02-09 04:01:54] 估算上下文使用率: 1% (阈值: 50%)
[2026-02-09 04:01:54] ✅ 上下文使用率正常
[2026-02-09 05:02:13] 估算上下文使用率: 1% (阈值: 50%)
[2026-02-09 05:02:13] ✅ 上下文使用率正常
[2026-02-09 06:02:03] 估算上下文使用率: 1% (阈值: 50%)
[2026-02-09 06:02:03] ✅ 上下文使用率正常
[2026-02-09 07:02:02] 估算上下文使用率: 1% (阈值: 50%)
[2026-02-09 07:02:02] ✅ 上下文使用率正常
[2026-02-09 07:06:56] 估算上下文使用率: 1% (阈值: 50%)
[2026-02-09 07:06:56] ✅ 上下文使用率正常
[2026-02-09 07:37:19] 估算上下文使用率: 1% (阈值: 50%)
[2026-02-09 07:37:19] ✅ 上下文使用率正常
[2026-02-09 08:07:17] 估算上下文使用率: 1% (阈值: 50%)
[2026-02-09 08:07:17] ✅ 上下文使用率正常
[2026-02-09 08:37:21] 估算上下文使用率: 1% (阈值: 50%)
[2026-02-09 08:37:21] ✅ 上下文使用率正常
[2026-02-09 09:00:38] 估算上下文使用率: 1% (阈值: 50%)
[2026-02-09 09:00:38] ✅ 上下文使用率正常
[2026-02-09 09:02:51] 估算上下文使用率: 1% (阈值: 50%)
[2026-02-09 09:02:51] ✅ 上下文使用率正常
[2026-02-09 09:33:21] 估算上下文使用率: 1% (阈值: 50%)
[2026-02-09 09:33:21] ✅ 上下文使用率正常
[2026-02-09 10:00:21] 估算上下文使用率: 1% (阈值: 50%)
[2026-02-09 10:00:21] ✅ 上下文使用率正常
[2026-02-09 10:01:43] 估算上下文使用率: 1% (阈值: 50%)
[2026-02-09 10:01:43] ✅ 上下文使用率正常
[2026-02-09 10:31:38] 估算上下文使用率: 1% (阈值: 50%)
[2026-02-09 10:31:38] ✅ 上下文使用率正常
[2026-02-09 10:32:45] 估算上下文使用率: 1% (阈值: 50%)
[2026-02-09 10:32:45] ✅ 上下文使用率正常
[2026-02-09 11:02:50] 估算上下文使用率: 1% (阈值: 50%)
[2026-02-09 11:02:50] ✅ 上下文使用率正常
[2026-02-09 11:32:47] 估算上下文使用率: 1% (阈值: 50%)
[2026-02-09 11:32:47] ✅ 上下文使用率正常
[2026-02-09 12:02:45] 估算上下文使用率: 1% (阈值: 50%)
[2026-02-09 12:02:45] ✅ 上下文使用率正常
[2026-02-09 12:32:46] 估算上下文使用率: 1% (阈值: 50%)
[2026-02-09 12:32:46] ✅ 上下文使用率正常
[2026-02-09 13:02:53] 估算上下文使用率: 1% (阈值: 50%)
[2026-02-09 13:02:53] ✅ 上下文使用率正常
[2026-02-09 13:32:55] 估算上下文使用率: 1% (阈值: 50%)
[2026-02-09 13:32:55] ✅ 上下文使用率正常
[2026-02-09 14:02:54] 估算上下文使用率: 1% (阈值: 50%)
[2026-02-09 14:02:54] ✅ 上下文使用率正常
[2026-02-09 14:04:15] 估算上下文使用率: 1% (阈值: 50%)
[2026-02-09 14:04:15] ✅ 上下文使用率正常
[2026-02-09 14:35:04] 估算上下文使用率: 1% (阈值: 50%)
[2026-02-09 14:35:04] ✅ 上下文使用率正常
[2026-02-09 15:04:29] 估算上下文使用率: 1% (阈值: 50%)
[2026-02-09 15:04:29] ✅ 上下文使用率正常
[2026-02-09 15:34:29] 估算上下文使用率: 1% (阈值: 50%)
[2026-02-09 15:34:29] ✅ 上下文使用率正常
[2026-02-09 16:36:57] 估算上下文使用率: 1% (阈值: 50%)
[2026-02-09 16:36:57] ✅ 上下文使用率正常
[2026-02-09 16:39:27] 估算上下文使用率: 1% (阈值: 50%)
[2026-02-09 16:39:27] ✅ 上下文使用率正常
[2026-02-09 17:10:10] 估算上下文使用率: 1% (阈值: 50%)
[2026-02-09 17:10:10] ✅ 上下文使用率正常
[2026-02-09 17:40:06] 估算上下文使用率: 1% (阈值: 50%)
[2026-02-09 17:40:06] ✅ 上下文使用率正常
[2026-02-09 18:11:11] 估算上下文使用率: 1% (阈值: 50%)
[2026-02-09 18:11:11] ✅ 上下文使用率正常
[2026-02-09 18:41:03] 估算上下文使用率: 1% (阈值: 50%)
[2026-02-09 18:41:03] ✅ 上下文使用率正常
[2026-02-09 18:56:42] 估算上下文使用率: 1% (阈值: 50%)
[2026-02-09 18:56:42] ✅ 上下文使用率正常
[2026-02-09 18:59:19] 估算上下文使用率: 1% (阈值: 50%)
[2026-02-09 18:59:19] ✅ 上下文使用率正常
[2026-02-09 19:04:54] 估算上下文使用率: 1% (阈值: 50%)
[2026-02-09 19:04:54] ✅ 上下文使用率正常
[2026-02-09 19:35:29] 估算上下文使用率: 1% (阈值: 50%)
[2026-02-09 19:35:29] ✅ 上下文使用率正常
[2026-02-09 19:48:00] 估算上下文使用率: 1% (阈值: 50%)
[2026-02-09 19:48:00] ✅ 上下文使用率正常
[2026-02-09 20:21:11] 估算上下文使用率: 1% (阈值: 50%)
[2026-02-09 20:21:11] ✅ 上下文使用率正常
[2026-02-09 21:07:55] 估算上下文使用率: 1% (阈值: 50%)
[2026-02-09 21:07:55] ✅ 上下文使用率正常
[2026-02-09 21:22:22] 估算上下文使用率: 1% (阈值: 50%)
[2026-02-09 21:22:22] ✅ 上下文使用率正常
[2026-02-09 21:56:09] 估算上下文使用率: 1% (阈值: 50%)
[2026-02-09 21:56:09] ✅ 上下文使用率正常
[2026-02-09 22:02:51] 估算上下文使用率: 1% (阈值: 50%)
[2026-02-09 22:02:51] ✅ 上下文使用率正常
[2026-02-09 22:09:32] 估算上下文使用率: 1% (阈值: 50%)
[2026-02-09 22:09:32] ✅ 上下文使用率正常
[2026-02-09 22:39:21] 估算上下文使用率: 1% (阈值: 50%)
[2026-02-09 22:39:21] ✅ 上下文使用率正常
[2026-02-09 23:09:18] 估算上下文使用率: 1% (阈值: 50%)
[2026-02-09 23:09:18] ✅ 上下文使用率正常
[2026-02-10 00:00:19] 估算上下文使用率: 1% (阈值: 50%)
[2026-02-10 00:00:19] ✅ 上下文使用率正常
[2026-02-10 00:30:21] 估算上下文使用率: 1% (阈值: 50%)
[2026-02-10 00:30:21] ✅ 上下文使用率正常
[2026-02-10 01:01:00] 估算上下文使用率: 1% (阈值: 50%)
[2026-02-10 01:01:00] ✅ 上下文使用率正常
[2026-02-10 01:30:18] 估算上下文使用率: 1% (阈值: 50%)
[2026-02-10 01:30:18] ✅ 上下文使用率正常
[2026-02-10 02:00:16] 估算上下文使用率: 1% (阈值: 50%)
[2026-02-10 02:00:16] ✅ 上下文使用率正常
[2026-02-10 02:01:32] 估算上下文使用率: 1% (阈值: 50%)
[2026-02-10 02:01:32] ✅ 上下文使用率正常
[2026-02-10 02:32:00] 估算上下文使用率: 1% (阈值: 50%)
[2026-02-10 02:32:00] ✅ 上下文使用率正常
[2026-02-10 03:01:45] 估算上下文使用率: 1% (阈值: 50%)
[2026-02-10 03:01:45] ✅ 上下文使用率正常
[2026-02-10 03:02:59] 估算上下文使用率: 1% (阈值: 50%)
[2026-02-10 03:02:59] ✅ 上下文使用率正常
[2026-02-10 03:32:57] 估算上下文使用率: 1% (阈值: 50%)
[2026-02-10 03:32:57] ✅ 上下文使用率正常
[2026-02-10 04:00:35] 估算上下文使用率: 1% (阈值: 50%)
[2026-02-10 04:00:35] ✅ 上下文使用率正常
[2026-02-10 04:02:28] 估算上下文使用率: 1% (阈值: 50%)
[2026-02-10 04:02:28] ✅ 上下文使用率正常
[2026-02-10 04:32:31] 估算上下文使用率: 1% (阈值: 50%)
[2026-02-10 04:32:31] ✅ 上下文使用率正常
[2026-02-10 05:02:32] 估算上下文使用率: 1% (阈值: 50%)
[2026-02-10 05:02:32] ✅ 上下文使用率正常
[2026-02-10 05:32:28] 估算上下文使用率: 1% (阈值: 50%)
[2026-02-10 05:32:28] ✅ 上下文使用率正常
[2026-02-10 06:02:30] 估算上下文使用率: 1% (阈值: 50%)
[2026-02-10 06:02:30] ✅ 上下文使用率正常
[2026-02-10 06:32:42] 估算上下文使用率: 1% (阈值: 50%)
[2026-02-10 06:32:42] ✅ 上下文使用率正常
[2026-02-10 07:02:30] 估算上下文使用率: 1% (阈值: 50%)
[2026-02-10 07:02:30] ✅ 上下文使用率正常
[2026-02-10 07:28:40] 估算上下文使用率: 1% (阈值: 50%)
[2026-02-10 07:28:40] ✅ 上下文使用率正常
[2026-02-10 07:29:44] 估算上下文使用率: 1% (阈值: 50%)
[2026-02-10 07:29:44] ✅ 上下文使用率正常
[2026-02-10 07:41:50] 估算上下文使用率: 1% (阈值: 50%)
[2026-02-10 07:41:50] ✅ 上下文使用率正常
[2026-02-10 07:53:14] 估算上下文使用率: 1% (阈值: 50%)
[2026-02-10 07:53:14] ✅ 上下文使用率正常
[2026-02-10 08:09:18] 估算上下文使用率: 1% (阈值: 50%)
[2026-02-10 08:09:18] ✅ 上下文使用率正常
[2026-02-10 08:39:31] 估算上下文使用率: 1% (阈值: 50%)
[2026-02-10 08:39:31] ✅ 上下文使用率正常
[2026-02-10 09:00:21] 估算上下文使用率: 1% (阈值: 50%)
[2026-02-10 09:00:21] ✅ 上下文使用率正常
[2026-02-10 09:05:35] 估算上下文使用率: 1% (阈值: 50%)
[2026-02-10 09:05:35] ✅ 上下文使用率正常
[2026-02-10 09:13:16] 估算上下文使用率: 1% (阈值: 50%)
[2026-02-10 09:13:16] ✅ 上下文使用率正常
[2026-02-10 09:44:12] 估算上下文使用率: 1% (阈值: 50%)
[2026-02-10 09:44:12] ✅ 上下文使用率正常
[2026-02-10 10:47:17] 估算上下文使用率: 1% (阈值: 50%)
[2026-02-10 10:47:17] ✅ 上下文使用率正常
[2026-02-10 11:17:30] 估算上下文使用率: 1% (阈值: 50%)
[2026-02-10 11:17:30] ✅ 上下文使用率正常
[2026-02-10 11:18:54] 估算上下文使用率: 1% (阈值: 50%)
[2026-02-10 11:18:54] ✅ 上下文使用率正常
[2026-02-10 12:24:01] 估算上下文使用率: 1% (阈值: 50%)
[2026-02-10 12:24:01] ✅ 上下文使用率正常
[2026-02-10 12:53:57] 估算上下文使用率: 1% (阈值: 50%)
[2026-02-10 12:53:57] ✅ 上下文使用率正常
[2026-02-10 13:24:07] 估算上下文使用率: 1% (阈值: 50%)
[2026-02-10 13:24:07] ✅ 上下文使用率正常
[2026-02-10 13:54:20] 估算上下文使用率: 1% (阈值: 50%)
[2026-02-10 13:54:20] ✅ 上下文使用率正常
[2026-02-10 14:23:57] 估算上下文使用率: 1% (阈值: 50%)
[2026-02-10 14:23:57] ✅ 上下文使用率正常
[2026-02-10 14:54:01] 估算上下文使用率: 1% (阈值: 50%)
[2026-02-10 14:54:01] ✅ 上下文使用率正常
[2026-02-10 15:29:45] 估算上下文使用率: 1% (阈值: 50%)
[2026-02-10 15:29:45] ✅ 上下文使用率正常
[2026-02-10 15:31:57] 估算上下文使用率: 1% (阈值: 50%)
[2026-02-10 15:31:57] ✅ 上下文使用率正常
[2026-02-10 16:00:15] 估算上下文使用率: 1% (阈值: 50%)
[2026-02-10 16:00:15] ✅ 上下文使用率正常
[2026-02-10 16:30:22] 估算上下文使用率: 1% (阈值: 50%)
[2026-02-10 16:30:22] ✅ 上下文使用率正常
[2026-02-10 17:00:34] 估算上下文使用率: 1% (阈值: 50%)
[2026-02-10 17:00:34] ✅ 上下文使用率正常
[2026-02-10 17:03:11] 估算上下文使用率: 1% (阈值: 50%)
[2026-02-10 17:03:11] ✅ 上下文使用率正常
[2026-02-10 17:21:14] 估算上下文使用率: 1% (阈值: 50%)
[2026-02-10 17:21:14] ✅ 上下文使用率正常
[2026-02-10 17:50:51] 估算上下文使用率: 1% (阈值: 50%)
[2026-02-10 17:50:51] ✅ 上下文使用率正常
[2026-02-10 18:21:00] 估算上下文使用率: 1% (阈值: 50%)
[2026-02-10 18:21:00] ✅ 上下文使用率正常
[2026-02-10 18:50:30] 估算上下文使用率: 1% (阈值: 50%)
[2026-02-10 18:50:30] ✅ 上下文使用率正常
[2026-02-10 19:20:54] 估算上下文使用率: 1% (阈值: 50%)
[2026-02-10 19:20:54] ✅ 上下文使用率正常
[2026-02-10 19:50:36] 估算上下文使用率: 1% (阈值: 50%)
[2026-02-10 19:50:36] ✅ 上下文使用率正常
[2026-02-10 20:20:31] 估算上下文使用率: 1% (阈值: 50%)
[2026-02-10 20:20:31] ✅ 上下文使用率正常
[2026-02-10 20:50:32] 估算上下文使用率: 1% (阈值: 50%)
[2026-02-10 20:50:32] ✅ 上下文使用率正常
[2026-02-10 21:20:30] 估算上下文使用率: 1% (阈值: 50%)
[2026-02-10 21:20:30] ✅ 上下文使用率正常
[2026-02-10 21:21:52] 估算上下文使用率: 1% (阈值: 50%)
[2026-02-10 21:21:52] ✅ 上下文使用率正常
[2026-02-10 22:05:22] 估算上下文使用率: 1% (阈值: 50%)
[2026-02-10 22:05:22] ✅ 上下文使用率正常
[2026-02-10 22:17:30] 估算上下文使用率: 1% (阈值: 50%)
[2026-02-10 22:17:30] ✅ 上下文使用率正常
[2026-02-10 22:44:57] 估算上下文使用率: 1% (阈值: 50%)
[2026-02-10 22:44:57] ✅ 上下文使用率正常
[2026-02-10 22:50:03] 估算上下文使用率: 1% (阈值: 50%)
[2026-02-10 22:50:03] ✅ 上下文使用率正常
[2026-02-10 23:16:02] 估算上下文使用率: 1% (阈值: 50%)
[2026-02-10 23:16:02] ✅ 上下文使用率正常
[2026-02-10 23:30:36] 估算上下文使用率: 1% (阈值: 50%)
[2026-02-10 23:30:36] ✅ 上下文使用率正常
[2026-02-11 00:00:19] 估算上下文使用率: 1% (阈值: 50%)
[2026-02-11 00:00:19] ✅ 上下文使用率正常
[2026-02-11 00:30:45] 估算上下文使用率: 1% (阈值: 50%)
[2026-02-11 00:30:45] ✅ 上下文使用率正常
[2026-02-11 01:00:24] 估算上下文使用率: 1% (阈值: 50%)
[2026-02-11 01:00:24] ✅ 上下文使用率正常
[2026-02-11 01:30:30] 估算上下文使用率: 1% (阈值: 50%)
[2026-02-11 01:30:30] ✅ 上下文使用率正常
[2026-02-11 02:00:36] 估算上下文使用率: 1% (阈值: 50%)
[2026-02-11 02:00:36] ✅ 上下文使用率正常
[2026-02-11 02:30:30] 估算上下文使用率: 1% (阈值: 50%)
[2026-02-11 02:30:30] ✅ 上下文使用率正常
[2026-02-11 03:00:31] 估算上下文使用率: 1% (阈值: 50%)
[2026-02-11 03:00:31] ✅ 上下文使用率正常
[2026-02-11 03:30:35] 估算上下文使用率: 1% (阈值: 50%)
[2026-02-11 03:30:35] ✅ 上下文使用率正常
[2026-02-11 03:34:25] 估算上下文使用率: 1% (阈值: 50%)
[2026-02-11 03:34:25] ✅ 上下文使用率正常
[2026-02-11 04:00:27] 估算上下文使用率: 1% (阈值: 50%)
[2026-02-11 04:00:27] ✅ 上下文使用率正常
[2026-02-11 05:01:47] 估算上下文使用率: 1% (阈值: 50%)
[2026-02-11 05:01:47] ✅ 上下文使用率正常
[2026-02-11 05:31:47] 估算上下文使用率: 1% (阈值: 50%)
[2026-02-11 05:31:47] ✅ 上下文使用率正常
[2026-02-11 06:01:51] 估算上下文使用率: 1% (阈值: 50%)
[2026-02-11 06:01:51] ✅ 上下文使用率正常
[2026-02-11 06:32:08] 估算上下文使用率: 1% (阈值: 50%)
[2026-02-11 06:32:08] ✅ 上下文使用率正常
[2026-02-11 07:01:58] 估算上下文使用率: 1% (阈值: 50%)
[2026-02-11 07:01:58] ✅ 上下文使用率正常
[2026-02-11 07:33:23] 估算上下文使用率: 1% (阈值: 50%)
[2026-02-11 07:33:23] ✅ 上下文使用率正常
[2026-02-11 07:36:19] 估算上下文使用率: 1% (阈值: 50%)
[2026-02-11 07:36:19] ✅ 上下文使用率正常
[2026-02-11 08:06:21] 估算上下文使用率: 1% (阈值: 50%)
[2026-02-11 08:06:21] ✅ 上下文使用率正常
[2026-02-11 08:36:21] 估算上下文使用率: 1% (阈值: 50%)
[2026-02-11 08:36:21] ✅ 上下文使用率正常
[2026-02-11 09:01:15] 估算上下文使用率: 1% (阈值: 50%)
[2026-02-11 09:01:15] ✅ 上下文使用率正常
[2026-02-11 09:43:49] 估算上下文使用率: 1% (阈值: 50%)
[2026-02-11 09:43:49] ✅ 上下文使用率正常
[2026-02-11 10:00:47] 估算上下文使用率: 1% (阈值: 50%)
[2026-02-11 10:00:47] ✅ 上下文使用率正常
[2026-02-11 10:30:34] 估算上下文使用率: 1% (阈值: 50%)
[2026-02-11 10:30:34] ✅ 上下文使用率正常
[2026-02-11 11:00:10] 估算上下文使用率: 1% (阈值: 50%)
[2026-02-11 11:00:10] ✅ 上下文使用率正常
[2026-02-11 11:30:27] 估算上下文使用率: 1% (阈值: 50%)
[2026-02-11 11:30:27] ✅ 上下文使用率正常
[2026-02-11 12:00:12] 估算上下文使用率: 1% (阈值: 50%)
[2026-02-11 12:00:12] ✅ 上下文使用率正常
[2026-02-11 12:30:33] 估算上下文使用率: 1% (阈值: 50%)
[2026-02-11 12:30:33] ✅ 上下文使用率正常
[2026-02-11 13:00:18] 估算上下文使用率: 1% (阈值: 50%)
[2026-02-11 13:00:18] ✅ 上下文使用率正常
[2026-02-11 13:30:50] 估算上下文使用率: 1% (阈值: 50%)
[2026-02-11 13:30:50] ✅ 上下文使用率正常
[2026-02-11 14:00:15] 估算上下文使用率: 1% (阈值: 50%)
[2026-02-11 14:00:15] ✅ 上下文使用率正常
[2026-02-11 14:30:20] 估算上下文使用率: 1% (阈值: 50%)
[2026-02-11 14:30:20] ✅ 上下文使用率正常
[2026-02-11 15:00:24] 估算上下文使用率: 1% (阈值: 50%)
[2026-02-11 15:00:24] ✅ 上下文使用率正常
[2026-02-11 15:30:59] 估算上下文使用率: 1% (阈值: 50%)
[2026-02-11 15:30:59] ✅ 上下文使用率正常
[2026-02-11 16:00:20] 估算上下文使用率: 1% (阈值: 50%)
[2026-02-11 16:00:20] ✅ 上下文使用率正常
[2026-02-11 16:30:13] 估算上下文使用率: 1% (阈值: 50%)
[2026-02-11 16:30:13] ✅ 上下文使用率正常
[2026-02-11 17:00:27] 估算上下文使用率: 1% (阈值: 50%)
[2026-02-11 17:00:27] ✅ 上下文使用率正常
[2026-02-11 17:30:22] 估算上下文使用率: 1% (阈值: 50%)
[2026-02-11 17:30:22] ✅ 上下文使用率正常
[2026-02-11 18:00:13] 估算上下文使用率: 1% (阈值: 50%)
[2026-02-11 18:00:13] ✅ 上下文使用率正常
[2026-02-11 18:04:28] 估算上下文使用率: 1% (阈值: 50%)
[2026-02-11 18:04:28] ✅ 上下文使用率正常
[2026-02-11 18:34:38] 估算上下文使用率: 1% (阈值: 50%)
[2026-02-11 18:34:38] ✅ 上下文使用率正常
[2026-02-11 19:04:42] 估算上下文使用率: 1% (阈值: 50%)
[2026-02-11 19:04:42] ✅ 上下文使用率正常
[2026-02-11 19:34:30] 估算上下文使用率: 1% (阈值: 50%)
[2026-02-11 19:34:30] ✅ 上下文使用率正常
[2026-02-11 20:04:28] 估算上下文使用率: 1% (阈值: 50%)
[2026-02-11 20:04:28] ✅ 上下文使用率正常
[2026-02-11 20:34:36] 估算上下文使用率: 1% (阈值: 50%)
[2026-02-11 20:34:36] ✅ 上下文使用率正常
[2026-02-11 21:04:36] 估算上下文使用率: 1% (阈值: 50%)
[2026-02-11 21:04:36] ✅ 上下文使用率正常
[2026-02-11 21:34:30] 估算上下文使用率: 1% (阈值: 50%)
[2026-02-11 21:34:30] ✅ 上下文使用率正常
[2026-02-11 22:00:52] 估算上下文使用率: 1% (阈值: 50%)
[2026-02-11 22:00:52] ✅ 上下文使用率正常
[2026-02-11 22:30:19] 估算上下文使用率: 1% (阈值: 50%)
[2026-02-11 22:30:19] ✅ 上下文使用率正常
[2026-02-11 23:00:23] 估算上下文使用率: 1% (阈值: 50%)
[2026-02-11 23:00:23] ✅ 上下文使用率正常
[2026-02-11 23:30:15] 估算上下文使用率: 1% (阈值: 50%)
[2026-02-11 23:30:15] ✅ 上下文使用率正常
[2026-02-12 00:00:21] 估算上下文使用率: 1% (阈值: 50%)
[2026-02-12 00:00:21] ✅ 上下文使用率正常
[2026-02-12 00:31:03] 估算上下文使用率: 1% (阈值: 50%)
[2026-02-12 00:31:03] ✅ 上下文使用率正常
[2026-02-12 01:00:14] 估算上下文使用率: 1% (阈值: 50%)
[2026-02-12 01:00:14] ✅ 上下文使用率正常
[2026-02-12 01:30:23] 估算上下文使用率: 1% (阈值: 50%)
[2026-02-12 01:30:23] ✅ 上下文使用率正常
[2026-02-12 02:00:21] 估算上下文使用率: 1% (阈值: 50%)
[2026-02-12 02:00:21] ✅ 上下文使用率正常
[2026-02-12 02:30:20] 估算上下文使用率: 1% (阈值: 50%)
[2026-02-12 02:30:20] ✅ 上下文使用率正常
[2026-02-12 03:00:29] 估算上下文使用率: 1% (阈值: 50%)
[2026-02-12 03:00:29] ✅ 上下文使用率正常
[2026-02-12 03:30:15] 估算上下文使用率: 1% (阈值: 50%)
[2026-02-12 03:30:15] ✅ 上下文使用率正常
[2026-02-12 04:00:38] 估算上下文使用率: 1% (阈值: 50%)
[2026-02-12 04:00:38] ✅ 上下文使用率正常
[2026-02-12 04:02:37] 估算上下文使用率: 1% (阈值: 50%)
[2026-02-12 04:02:37] ✅ 上下文使用率正常
[2026-02-12 04:32:40] 估算上下文使用率: 1% (阈值: 50%)
[2026-02-12 04:32:40] ✅ 上下文使用率正常
[2026-02-12 05:02:39] 估算上下文使用率: 1% (阈值: 50%)
[2026-02-12 05:02:39] ✅ 上下文使用率正常
[2026-02-12 05:32:39] 估算上下文使用率: 1% (阈值: 50%)
[2026-02-12 05:32:39] ✅ 上下文使用率正常
[2026-02-12 06:02:38] 估算上下文使用率: 1% (阈值: 50%)
[2026-02-12 06:02:38] ✅ 上下文使用率正常
[2026-02-12 06:32:50] 估算上下文使用率: 1% (阈值: 50%)
[2026-02-12 06:32:50] ✅ 上下文使用率正常
[2026-02-12 07:02:52] 估算上下文使用率: 1% (阈值: 50%)
[2026-02-12 07:02:52] ✅ 上下文使用率正常
[2026-02-12 07:04:06] 估算上下文使用率: 1% (阈值: 50%)
[2026-02-12 07:04:06] ✅ 上下文使用率正常
[2026-02-12 07:34:07] 估算上下文使用率: 1% (阈值: 50%)
[2026-02-12 07:34:07] ✅ 上下文使用率正常
[2026-02-12 08:04:07] 估算上下文使用率: 1% (阈值: 50%)
[2026-02-12 08:04:07] ✅ 上下文使用率正常
[2026-02-12 08:34:07] 估算上下文使用率: 1% (阈值: 50%)
[2026-02-12 08:34:07] ✅ 上下文使用率正常
[2026-02-12 09:00:10] 估算上下文使用率: 1% (阈值: 50%)
[2026-02-12 09:00:10] ✅ 上下文使用率正常
[2026-02-12 09:02:29] 估算上下文使用率: 1% (阈值: 50%)
[2026-02-12 09:02:29] ✅ 上下文使用率正常
[2026-02-12 09:32:23] 估算上下文使用率: 1% (阈值: 50%)
[2026-02-12 09:32:23] ✅ 上下文使用率正常
[2026-02-12 09:33:32] 估算上下文使用率: 1% (阈值: 50%)
[2026-02-12 09:33:32] ✅ 上下文使用率正常
[2026-02-12 10:00:08] 估算上下文使用率: 1% (阈值: 50%)
[2026-02-12 10:00:08] ✅ 上下文使用率正常
[2026-02-12 10:30:14] 估算上下文使用率: 1% (阈值: 50%)
[2026-02-12 10:30:14] ✅ 上下文使用率正常
[2026-02-12 11:00:12] 估算上下文使用率: 1% (阈值: 50%)
[2026-02-12 11:00:12] ✅ 上下文使用率正常
[2026-02-12 11:30:29] 估算上下文使用率: 1% (阈值: 50%)
[2026-02-12 11:30:29] ✅ 上下文使用率正常
[2026-02-12 11:31:11] 估算上下文使用率: 1% (阈值: 50%)
[2026-02-12 11:31:11] ✅ 上下文使用率正常
[2026-02-12 12:01:08] 估算上下文使用率: 1% (阈值: 50%)
[2026-02-12 12:01:08] ✅ 上下文使用率正常
[2026-02-12 12:31:12] 估算上下文使用率: 1% (阈值: 50%)
[2026-02-12 12:31:12] ✅ 上下文使用率正常
[2026-02-12 13:01:09] 估算上下文使用率: 1% (阈值: 50%)
[2026-02-12 13:01:09] ✅ 上下文使用率正常
[2026-02-12 13:31:19] 估算上下文使用率: 1% (阈值: 50%)
[2026-02-12 13:31:19] ✅ 上下文使用率正常
[2026-02-12 14:01:25] 估算上下文使用率: 1% (阈值: 50%)
[2026-02-12 14:01:25] ✅ 上下文使用率正常
[2026-02-12 14:02:06] 估算上下文使用率: 1% (阈值: 50%)
[2026-02-12 14:02:06] ✅ 上下文使用率正常
[2026-02-12 14:32:11] 估算上下文使用率: 1% (阈值: 50%)
[2026-02-12 14:32:11] ✅ 上下文使用率正常
[2026-02-12 15:02:23] 估算上下文使用率: 1% (阈值: 50%)
[2026-02-12 15:02:23] ✅ 上下文使用率正常
[2026-02-12 15:32:15] 估算上下文使用率: 1% (阈值: 50%)
[2026-02-12 15:32:15] ✅ 上下文使用率正常
[2026-02-12 16:00:16] 估算上下文使用率: 1% (阈值: 50%)
[2026-02-12 16:00:16] ✅ 上下文使用率正常
[2026-02-12 16:30:26] 估算上下文使用率: 1% (阈值: 50%)
[2026-02-12 16:30:26] ✅ 上下文使用率正常
[2026-02-12 17:00:13] 估算上下文使用率: 1% (阈值: 50%)
[2026-02-12 17:00:13] ✅ 上下文使用率正常
[2026-02-12 17:30:26] 估算上下文使用率: 1% (阈值: 50%)
[2026-02-12 17:30:26] ✅ 上下文使用率正常
[2026-02-12 17:57:13] 估算上下文使用率: 1% (阈值: 50%)
[2026-02-12 17:57:13] ✅ 上下文使用率正常
[2026-02-12 18:12:45] 估算上下文使用率: 1% (阈值: 50%)
[2026-02-12 18:12:45] ✅ 上下文使用率正常
[2026-02-12 18:13:27] 估算上下文使用率: 1% (阈值: 50%)
[2026-02-12 18:13:27] ✅ 上下文使用率正常
[2026-02-12 18:28:36] 估算上下文使用率: 1% (阈值: 50%)
[2026-02-12 18:28:36] ✅ 上下文使用率正常
[2026-02-12 18:44:35] 估算上下文使用率: 1% (阈值: 50%)
[2026-02-12 18:44:35] ✅ 上下文使用率正常
[2026-02-12 20:32:04] 估算上下文使用率: 1% (阈值: 50%)
[2026-02-12 20:32:04] ✅ 上下文使用率正常
[2026-02-12 20:36:35] 估算上下文使用率: 1% (阈值: 50%)
[2026-02-12 20:36:35] ✅ 上下文使用率正常
[2026-02-12 20:51:21] 估算上下文使用率: 1% (阈值: 50%)
[2026-02-12 20:51:21] ✅ 上下文使用率正常
[2026-02-12 21:28:12] 估算上下文使用率: 1% (阈值: 50%)
[2026-02-12 21:28:12] ✅ 上下文使用率正常
[2026-02-12 21:58:04] 估算上下文使用率: 1% (阈值: 50%)
[2026-02-12 21:58:04] ✅ 上下文使用率正常
[2026-02-12 22:00:24] 估算上下文使用率: 1% (阈值: 50%)
[2026-02-12 22:00:24] ✅ 上下文使用率正常
[2026-02-12 23:01:45] 估算上下文使用率: 1% (阈值: 50%)
[2026-02-12 23:01:45] ✅ 上下文使用率正常
[2026-02-12 23:19:19] 估算上下文使用率: 1% (阈值: 50%)
[2026-02-12 23:19:19] ✅ 上下文使用率正常
[2026-02-12 23:30:48] 估算上下文使用率: 1% (阈值: 50%)
[2026-02-12 23:30:48] ✅ 上下文使用率正常
[2026-02-13 00:01:42] 估算上下文使用率: 1% (阈值: 50%)
[2026-02-13 00:01:42] ✅ 上下文使用率正常
[2026-02-13 00:31:43] 估算上下文使用率: 1% (阈值: 50%)
[2026-02-13 00:31:43] ✅ 上下文使用率正常
[2026-02-13 01:02:15] 估算上下文使用率: 1% (阈值: 50%)
[2026-02-13 01:02:15] ✅ 上下文使用率正常
[2026-02-13 01:32:06] 估算上下文使用率: 1% (阈值: 50%)
[2026-02-13 01:32:06] ✅ 上下文使用率正常
[2026-02-13 02:00:39] 估算上下文使用率: 1% (阈值: 50%)
[2026-02-13 02:00:39] ✅ 上下文使用率正常
[2026-02-13 02:30:20] 估算上下文使用率: 1% (阈值: 50%)
[2026-02-13 02:30:20] ✅ 上下文使用率正常
[2026-02-13 03:00:28] 估算上下文使用率: 1% (阈值: 50%)
[2026-02-13 03:00:28] ✅ 上下文使用率正常
[2026-02-13 03:30:24] 估算上下文使用率: 1% (阈值: 50%)
[2026-02-13 03:30:24] ✅ 上下文使用率正常
[2026-02-13 04:00:37] 估算上下文使用率: 1% (阈值: 50%)
[2026-02-13 04:00:37] ✅ 上下文使用率正常
[2026-02-13 04:32:34] 估算上下文使用率: 1% (阈值: 50%)
[2026-02-13 04:32:34] ✅ 上下文使用率正常
[2026-02-13 05:02:36] 估算上下文使用率: 1% (阈值: 50%)
[2026-02-13 05:02:36] ✅ 上下文使用率正常
[2026-02-13 05:32:35] 估算上下文使用率: 1% (阈值: 50%)
[2026-02-13 05:32:35] ✅ 上下文使用率正常
[2026-02-13 06:02:54] 估算上下文使用率: 1% (阈值: 50%)
[2026-02-13 06:02:54] ✅ 上下文使用率正常
[2026-02-13 06:32:47] 估算上下文使用率: 1% (阈值: 50%)
[2026-02-13 06:32:47] ✅ 上下文使用率正常
[2026-02-13 07:02:43] 估算上下文使用率: 1% (阈值: 50%)
[2026-02-13 07:02:43] ✅ 上下文使用率正常
[2026-02-13 07:14:21] 估算上下文使用率: 1% (阈值: 50%)
[2026-02-13 07:14:21] ✅ 上下文使用率正常
[2026-02-13 07:18:18] 估算上下文使用率: 1% (阈值: 50%)
[2026-02-13 07:18:18] ✅ 上下文使用率正常
[2026-02-13 07:48:20] 估算上下文使用率: 1% (阈值: 50%)
[2026-02-13 07:48:20] ✅ 上下文使用率正常
[2026-02-13 08:18:19] 估算上下文使用率: 1% (阈值: 50%)
[2026-02-13 08:18:19] ✅ 上下文使用率正常
[2026-02-13 08:48:20] 估算上下文使用率: 1% (阈值: 50%)
[2026-02-13 08:48:20] ✅ 上下文使用率正常
[2026-02-13 08:48:54] 估算上下文使用率: 1% (阈值: 50%)
[2026-02-13 08:48:54] ✅ 上下文使用率正常
[2026-02-13 09:07:00] 估算上下文使用率: 1% (阈值: 50%)
[2026-02-13 09:07:00] ✅ 上下文使用率正常
[2026-02-13 09:37:00] 估算上下文使用率: 1% (阈值: 50%)
[2026-02-13 09:37:00] ✅ 上下文使用率正常
[2026-02-13 10:01:04] 估算上下文使用率: 1% (阈值: 50%)
[2026-02-13 10:01:04] ✅ 上下文使用率正常
[2026-02-13 10:31:14] 估算上下文使用率: 1% (阈值: 50%)
[2026-02-13 10:31:14] ✅ 上下文使用率正常
[2026-02-13 11:01:06] 估算上下文使用率: 1% (阈值: 50%)
[2026-02-13 11:01:06] ✅ 上下文使用率正常
[2026-02-13 11:31:17] 估算上下文使用率: 1% (阈值: 50%)
[2026-02-13 11:31:17] ✅ 上下文使用率正常
[2026-02-13 11:32:02] 估算上下文使用率: 1% (阈值: 50%)
[2026-02-13 11:32:02] ✅ 上下文使用率正常
[2026-02-13 12:02:23] 估算上下文使用率: 1% (阈值: 50%)
[2026-02-13 12:02:23] ✅ 上下文使用率正常
[2026-02-13 12:32:20] 估算上下文使用率: 1% (阈值: 50%)
[2026-02-13 12:32:20] ✅ 上下文使用率正常
[2026-02-13 12:33:04] 估算上下文使用率: 1% (阈值: 50%)
[2026-02-13 12:33:04] ✅ 上下文使用率正常
[2026-02-13 13:03:50] 估算上下文使用率: 1% (阈值: 50%)
[2026-02-13 13:03:50] ✅ 上下文使用率正常
[2026-02-13 13:33:12] 估算上下文使用率: 1% (阈值: 50%)
[2026-02-13 13:33:12] ✅ 上下文使用率正常
[2026-02-13 14:03:12] 估算上下文使用率: 1% (阈值: 50%)
[2026-02-13 14:03:12] ✅ 上下文使用率正常
[2026-02-13 14:04:23] 估算上下文使用率: 1% (阈值: 50%)
[2026-02-13 14:04:23] ✅ 上下文使用率正常
[2026-02-13 14:35:05] 估算上下文使用率: 1% (阈值: 50%)
[2026-02-13 14:35:05] ✅ 上下文使用率正常
[2026-02-13 15:04:30] 估算上下文使用率: 1% (阈值: 50%)
[2026-02-13 15:04:30] ✅ 上下文使用率正常
[2026-02-13 15:34:30] 估算上下文使用率: 1% (阈值: 50%)
[2026-02-13 15:34:30] ✅ 上下文使用率正常
[2026-02-13 16:01:00] 估算上下文使用率: 1% (阈值: 50%)
[2026-02-13 16:01:00] ✅ 上下文使用率正常
[2026-02-13 16:30:56] 估算上下文使用率: 1% (阈值: 50%)
[2026-02-13 16:30:56] ✅ 上下文使用率正常
[2026-02-13 17:00:52] 估算上下文使用率: 1% (阈值: 50%)
[2026-02-13 17:00:52] ✅ 上下文使用率正常
[2026-02-13 17:30:59] 估算上下文使用率: 1% (阈值: 50%)
[2026-02-13 17:30:59] ✅ 上下文使用率正常
[2026-02-13 18:00:59] 估算上下文使用率: 1% (阈值: 50%)
[2026-02-13 18:00:59] ✅ 上下文使用率正常
[2026-02-13 18:30:54] 估算上下文使用率: 1% (阈值: 50%)
[2026-02-13 18:30:54] ✅ 上下文使用率正常
[2026-02-13 18:31:33] 估算上下文使用率: 1% (阈值: 50%)
[2026-02-13 18:31:33] ✅ 上下文使用率正常
[2026-02-13 19:01:49] 估算上下文使用率: 1% (阈值: 50%)
[2026-02-13 19:01:49] ✅ 上下文使用率正常
[2026-02-13 19:02:48] 估算上下文使用率: 1% (阈值: 50%)
[2026-02-13 19:02:48] ✅ 上下文使用率正常
[2026-02-13 19:32:58] 估算上下文使用率: 1% (阈值: 50%)
[2026-02-13 19:32:58] ✅ 上下文使用率正常
[2026-02-13 19:34:03] 估算上下文使用率: 1% (阈值: 50%)
[2026-02-13 19:34:03] ✅ 上下文使用率正常
[2026-02-13 20:05:35] 估算上下文使用率: 1% (阈值: 50%)
[2026-02-13 20:05:35] ✅ 上下文使用率正常
[2026-02-13 20:35:17] 估算上下文使用率: 1% (阈值: 50%)
[2026-02-13 20:35:17] ✅ 上下文使用率正常
[2026-02-13 21:05:18] 估算上下文使用率: 1% (阈值: 50%)
[2026-02-13 21:05:18] ✅ 上下文使用率正常
[2026-02-13 21:35:32] 估算上下文使用率: 1% (阈值: 50%)
[2026-02-13 21:35:32] ✅ 上下文使用率正常
[2026-02-13 21:37:09] 估算上下文使用率: 1% (阈值: 50%)
[2026-02-13 21:37:09] ✅ 上下文使用率正常
[2026-02-13 22:31:29] 估算上下文使用率: 1% (阈值: 50%)
[2026-02-13 22:31:29] ✅ 上下文使用率正常
[2026-02-13 23:01:51] 估算上下文使用率: 1% (阈值: 50%)
[2026-02-13 23:01:51] ✅ 上下文使用率正常
[2026-02-14 00:01:33] 估算上下文使用率: 1% (阈值: 50%)
[2026-02-14 00:01:33] ✅ 上下文使用率正常
[2026-02-14 00:31:58] 估算上下文使用率: 1% (阈值: 50%)
[2026-02-14 00:31:58] ✅ 上下文使用率正常
[2026-02-14 01:01:19] 估算上下文使用率: 1% (阈值: 50%)
[2026-02-14 01:01:19] ✅ 上下文使用率正常
[2026-02-14 01:31:32] 估算上下文使用率: 1% (阈值: 50%)
[2026-02-14 01:31:32] ✅ 上下文使用率正常
[2026-02-14 02:30:28] 估算上下文使用率: 1% (阈值: 50%)
[2026-02-14 02:30:28] ✅ 上下文使用率正常
[2026-02-14 03:00:43] 估算上下文使用率: 1% (阈值: 50%)
[2026-02-14 03:00:43] ✅ 上下文使用率正常
[2026-02-14 03:30:40] 估算上下文使用率: 1% (阈值: 50%)
[2026-02-14 03:30:40] ✅ 上下文使用率正常
[2026-02-14 04:04:06] 估算上下文使用率: 1% (阈值: 50%)
[2026-02-14 04:04:06] ✅ 上下文使用率正常
[2026-02-14 05:04:07] 估算上下文使用率: 1% (阈值: 50%)
[2026-02-14 05:04:07] ✅ 上下文使用率正常
[2026-02-14 05:34:08] 估算上下文使用率: 1% (阈值: 50%)
[2026-02-14 05:34:08] ✅ 上下文使用率正常
[2026-02-14 06:04:08] 估算上下文使用率: 1% (阈值: 50%)
[2026-02-14 06:04:08] ✅ 上下文使用率正常
[2026-02-14 06:34:10] 估算上下文使用率: 1% (阈值: 50%)
[2026-02-14 06:34:10] ✅ 上下文使用率正常
[2026-02-14 07:04:46] 估算上下文使用率: 1% (阈值: 50%)
[2026-02-14 07:04:46] ✅ 上下文使用率正常
[2026-02-14 07:34:08] 估算上下文使用率: 1% (阈值: 50%)
[2026-02-14 07:34:08] ✅ 上下文使用率正常
[2026-02-14 08:04:08] 估算上下文使用率: 1% (阈值: 50%)
[2026-02-14 08:04:08] ✅ 上下文使用率正常
[2026-02-14 08:36:21] 估算上下文使用率: 1% (阈值: 50%)
[2026-02-14 08:36:21] ✅ 上下文使用率正常
[2026-02-14 09:00:55] 估算上下文使用率: 1% (阈值: 50%)
[2026-02-14 09:00:55] ✅ 上下文使用率正常
[2026-02-14 09:03:58] 估算上下文使用率: 1% (阈值: 50%)
[2026-02-14 09:03:58] ✅ 上下文使用率正常
[2026-02-14 09:05:11] 估算上下文使用率: 1% (阈值: 50%)
[2026-02-14 09:05:11] ✅ 上下文使用率正常
[2026-02-14 09:17:24] 估算上下文使用率: 1% (阈值: 50%)
[2026-02-14 09:17:24] ✅ 上下文使用率正常
[2026-02-14 09:47:18] 估算上下文使用率: 1% (阈值: 50%)
[2026-02-14 09:47:18] ✅ 上下文使用率正常
[2026-02-14 10:00:27] 估算上下文使用率: 1% (阈值: 50%)
[2026-02-14 10:00:27] ✅ 上下文使用率正常
[2026-02-14 10:02:02] 估算上下文使用率: 1% (阈值: 50%)
[2026-02-14 10:02:02] ✅ 上下文使用率正常
[2026-02-14 10:32:15] 估算上下文使用率: 1% (阈值: 50%)
[2026-02-14 10:32:15] ✅ 上下文使用率正常
[2026-02-14 11:02:02] 估算上下文使用率: 1% (阈值: 50%)
[2026-02-14 11:02:02] ✅ 上下文使用率正常
[2026-02-14 11:32:24] 估算上下文使用率: 1% (阈值: 50%)
[2026-02-14 11:32:24] ✅ 上下文使用率正常
[2026-02-14 12:02:03] 估算上下文使用率: 1% (阈值: 50%)
[2026-02-14 12:02:03] ✅ 上下文使用率正常
[2026-02-14 12:31:54] 估算上下文使用率: 1% (阈值: 50%)
[2026-02-14 12:31:54] ✅ 上下文使用率正常
[2026-02-14 13:02:02] 估算上下文使用率: 1% (阈值: 50%)
[2026-02-14 13:02:02] ✅ 上下文使用率正常
[2026-02-14 13:03:54] 估算上下文使用率: 1% (阈值: 50%)
[2026-02-14 13:03:54] ✅ 上下文使用率正常
[2026-02-14 13:28:12] 估算上下文使用率: 1% (阈值: 50%)
[2026-02-14 13:28:12] ✅ 上下文使用率正常
[2026-02-14 13:36:31] 估算上下文使用率: 1% (阈值: 50%)
[2026-02-14 13:36:31] ✅ 上下文使用率正常
[2026-02-14 14:12:13] 估算上下文使用率: 1% (阈值: 50%)
[2026-02-14 14:12:13] ✅ 上下文使用率正常
[2026-02-14 14:57:47] 估算上下文使用率: 1% (阈值: 50%)
[2026-02-14 14:57:47] ✅ 上下文使用率正常
[2026-02-14 15:27:37] 估算上下文使用率: 1% (阈值: 50%)
[2026-02-14 15:27:37] ✅ 上下文使用率正常
[2026-02-14 15:29:25] 估算上下文使用率: 1% (阈值: 50%)
[2026-02-14 15:29:25] ✅ 上下文使用率正常
[2026-02-14 15:59:26] 估算上下文使用率: 1% (阈值: 50%)
[2026-02-14 15:59:26] ✅ 上下文使用率正常
[2026-02-14 16:00:44] 估算上下文使用率: 1% (阈值: 50%)
[2026-02-14 16:00:44] ✅ 上下文使用率正常
[2026-02-14 16:30:57] 估算上下文使用率: 1% (阈值: 50%)
[2026-02-14 16:30:57] ✅ 上下文使用率正常
[2026-02-14 17:00:40] 估算上下文使用率: 1% (阈值: 50%)
[2026-02-14 17:00:40] ✅ 上下文使用率正常
[2026-02-14 17:30:31] 估算上下文使用率: 1% (阈值: 50%)
[2026-02-14 17:30:31] ✅ 上下文使用率正常
[2026-02-14 17:32:01] 估算上下文使用率: 1% (阈值: 50%)
[2026-02-14 17:32:01] ✅ 上下文使用率正常
[2026-02-14 18:02:15] 估算上下文使用率: 1% (阈值: 50%)
[2026-02-14 18:02:15] ✅ 上下文使用率正常
[2026-02-14 18:32:38] 估算上下文使用率: 1% (阈值: 50%)
[2026-02-14 18:32:38] ✅ 上下文使用率正常
[2026-02-14 19:02:26] 估算上下文使用率: 1% (阈值: 50%)
[2026-02-14 19:02:26] ✅ 上下文使用率正常
[2026-02-14 19:32:20] 估算上下文使用率: 1% (阈值: 50%)
[2026-02-14 19:32:20] ✅ 上下文使用率正常
[2026-02-14 20:02:13] 估算上下文使用率: 1% (阈值: 50%)
[2026-02-14 20:02:13] ✅ 上下文使用率正常
[2026-02-14 20:32:38] 估算上下文使用率: 1% (阈值: 50%)
[2026-02-14 20:32:38] ✅ 上下文使用率正常
[2026-02-14 20:45:00] 估算上下文使用率: 1% (阈值: 50%)
[2026-02-14 20:45:00] ✅ 上下文使用率正常
[2026-02-14 20:47:55] 估算上下文使用率: 1% (阈值: 50%)
[2026-02-14 20:47:55] ✅ 上下文使用率正常
[2026-02-14 20:49:21] 估算上下文使用率: 1% (阈值: 50%)
[2026-02-14 20:49:21] ✅ 上下文使用率正常
[2026-02-14 20:55:23] 估算上下文使用率: 1% (阈值: 50%)
[2026-02-14 20:55:23] ✅ 上下文使用率正常
[2026-02-14 20:57:36] 估算上下文使用率: 1% (阈值: 50%)
[2026-02-14 20:57:36] ✅ 上下文使用率正常
[2026-02-14 21:14:52] 估算上下文使用率: 1% (阈值: 50%)
[2026-02-14 21:14:52] ✅ 上下文使用率正常
[2026-02-14 21:16:00] 估算上下文使用率: 1% (阈值: 50%)
[2026-02-14 21:16:00] ✅ 上下文使用率正常
[2026-02-14 21:18:18] 估算上下文使用率: 1% (阈值: 50%)
[2026-02-14 21:18:18] ✅ 上下文使用率正常
[2026-02-14 21:50:15] 估算上下文使用率: 1% (阈值: 50%)
[2026-02-14 21:50:15] ✅ 上下文使用率正常
[2026-02-14 22:00:32] 估算上下文使用率: 1% (阈值: 50%)
[2026-02-14 22:00:32] ✅ 上下文使用率正常
[2026-02-14 23:25:02] 估算上下文使用率: 1% (阈值: 50%)
[2026-02-14 23:25:02] ✅ 上下文使用率正常
[2026-02-14 23:30:20] 估算上下文使用率: 1% (阈值: 50%)
[2026-02-14 23:30:20] ✅ 上下文使用率正常
[2026-02-15 00:00:55] 估算上下文使用率: 1% (阈值: 50%)
[2026-02-15 00:00:55] ✅ 上下文使用率正常
[2026-02-15 00:31:18] 估算上下文使用率: 1% (阈值: 50%)
[2026-02-15 00:31:18] ✅ 上下文使用率正常
[2026-02-15 01:01:13] 估算上下文使用率: 1% (阈值: 50%)
[2026-02-15 01:01:13] ✅ 上下文使用率正常
[2026-02-15 01:31:16] 估算上下文使用率: 1% (阈值: 50%)
[2026-02-15 01:31:16] ✅ 上下文使用率正常
[2026-02-15 02:00:29] 估算上下文使用率: 1% (阈值: 50%)
[2026-02-15 02:00:29] ✅ 上下文使用率正常
[2026-02-15 02:30:25] 估算上下文使用率: 1% (阈值: 50%)
[2026-02-15 02:30:25] ✅ 上下文使用率正常
[2026-02-15 03:00:52] 估算上下文使用率: 1% (阈值: 50%)
[2026-02-15 03:00:52] ✅ 上下文使用率正常
[2026-02-15 03:30:22] 估算上下文使用率: 1% (阈值: 50%)
[2026-02-15 03:30:22] ✅ 上下文使用率正常
[2026-02-15 04:00:24] 估算上下文使用率: 1% (阈值: 50%)
[2026-02-15 04:00:24] ✅ 上下文使用率正常
[2026-02-15 04:07:28] 估算上下文使用率: 1% (阈值: 50%)
[2026-02-15 04:07:28] ✅ 上下文使用率正常
[2026-02-15 05:37:30] 估算上下文使用率: 1% (阈值: 50%)
[2026-02-15 05:37:30] ✅ 上下文使用率正常
[2026-02-15 06:37:32] 估算上下文使用率: 1% (阈值: 50%)
[2026-02-15 06:37:32] ✅ 上下文使用率正常
[2026-02-15 07:08:11] 估算上下文使用率: 1% (阈值: 50%)
[2026-02-15 07:08:11] ✅ 上下文使用率正常
[2026-02-15 07:14:01] 估算上下文使用率: 1% (阈值: 50%)
[2026-02-15 07:14:01] ✅ 上下文使用率正常
[2026-02-15 07:43:58] 估算上下文使用率: 1% (阈值: 50%)
[2026-02-15 07:43:58] ✅ 上下文使用率正常
[2026-02-15 08:13:52] 估算上下文使用率: 1% (阈值: 50%)
[2026-02-15 08:13:52] ✅ 上下文使用率正常
[2026-02-15 08:43:30] 估算上下文使用率: 1% (阈值: 50%)
[2026-02-15 08:43:30] ✅ 上下文使用率正常
[2026-02-15 09:01:14] 估算上下文使用率: 1% (阈值: 50%)
[2026-02-15 09:01:14] ✅ 上下文使用率正常
[2026-02-15 09:31:58] 估算上下文使用率: 1% (阈值: 50%)
[2026-02-15 09:31:58] ✅ 上下文使用率正常
[2026-02-15 10:00:41] 估算上下文使用率: 1% (阈值: 50%)
[2026-02-15 10:00:41] ✅ 上下文使用率正常
[2026-02-15 10:31:23] 估算上下文使用率: 1% (阈值: 50%)
[2026-02-15 10:31:23] ✅ 上下文使用率正常
[2026-02-15 11:06:32] 估算上下文使用率: 1% (阈值: 50%)
[2026-02-15 11:06:32] ✅ 上下文使用率正常
[2026-02-15 11:36:23] 估算上下文使用率: 1% (阈值: 50%)
[2026-02-15 11:36:23] ✅ 上下文使用率正常
[2026-02-15 12:08:08] 估算上下文使用率: 1% (阈值: 50%)
[2026-02-15 12:08:08] ✅ 上下文使用率正常
[2026-02-15 12:38:33] 估算上下文使用率: 1% (阈值: 50%)
[2026-02-15 12:38:33] ✅ 上下文使用率正常
[2026-02-15 13:09:00] 估算上下文使用率: 1% (阈值: 50%)
[2026-02-15 13:09:00] ✅ 上下文使用率正常
[2026-02-15 13:38:31] 估算上下文使用率: 1% (阈值: 50%)
[2026-02-15 13:38:31] ✅ 上下文使用率正常
[2026-02-15 14:08:27] 估算上下文使用率: 1% (阈值: 50%)
[2026-02-15 14:08:27] ✅ 上下文使用率正常
[2026-02-15 14:38:17] 估算上下文使用率: 1% (阈值: 50%)
[2026-02-15 14:38:17] ✅ 上下文使用率正常
[2026-02-15 14:39:49] 估算上下文使用率: 1% (阈值: 50%)
[2026-02-15 14:39:49] ✅ 上下文使用率正常
[2026-02-15 15:09:55] 估算上下文使用率: 1% (阈值: 50%)
[2026-02-15 15:09:55] ✅ 上下文使用率正常
[2026-02-15 15:39:54] 估算上下文使用率: 1% (阈值: 50%)
[2026-02-15 15:39:55] ✅ 上下文使用率正常
[2026-02-15 16:02:09] 估算上下文使用率: 1% (阈值: 50%)
[2026-02-15 16:02:09] ✅ 上下文使用率正常
[2026-02-15 16:32:20] 估算上下文使用率: 1% (阈值: 50%)
[2026-02-15 16:32:20] ✅ 上下文使用率正常
[2026-02-15 17:05:26] 估算上下文使用率: 1% (阈值: 50%)
[2026-02-15 17:05:26] ✅ 上下文使用率正常
[2026-02-15 17:35:24] 估算上下文使用率: 1% (阈值: 50%)
[2026-02-15 17:35:24] ✅ 上下文使用率正常
[2026-02-15 18:05:28] 估算上下文使用率: 1% (阈值: 50%)
[2026-02-15 18:05:28] ✅ 上下文使用率正常
[2026-02-15 18:35:25] 估算上下文使用率: 1% (阈值: 50%)
[2026-02-15 18:35:25] ✅ 上下文使用率正常
[2026-02-15 19:05:25] 估算上下文使用率: 1% (阈值: 50%)
[2026-02-15 19:05:25] ✅ 上下文使用率正常
[2026-02-15 19:35:24] 估算上下文使用率: 1% (阈值: 50%)
[2026-02-15 19:35:24] ✅ 上下文使用率正常
[2026-02-15 20:05:26] 估算上下文使用率: 1% (阈值: 50%)
[2026-02-15 20:05:26] ✅ 上下文使用率正常
[2026-02-15 20:06:36] 估算上下文使用率: 1% (阈值: 50%)
[2026-02-15 20:06:36] ✅ 上下文使用率正常
[2026-02-15 20:36:56] 估算上下文使用率: 1% (阈值: 50%)
[2026-02-15 20:36:56] ✅ 上下文使用率正常
[2026-02-15 21:07:01] 估算上下文使用率: 1% (阈值: 50%)
[2026-02-15 21:07:01] ✅ 上下文使用率正常
[2026-02-15 21:36:54] 估算上下文使用率: 1% (阈值: 50%)
[2026-02-15 21:36:54] ✅ 上下文使用率正常
[2026-02-15 22:01:08] 估算上下文使用率: 1% (阈值: 50%)
[2026-02-15 22:01:08] ✅ 上下文使用率正常
[2026-02-15 22:02:05] 估算上下文使用率: 1% (阈值: 50%)
[2026-02-15 22:02:05] ✅ 上下文使用率正常
[2026-02-15 22:32:05] 估算上下文使用率: 1% (阈值: 50%)
[2026-02-15 22:32:05] ✅ 上下文使用率正常
[2026-02-15 22:33:10] 估算上下文使用率: 1% (阈值: 50%)
[2026-02-15 22:33:10] ✅ 上下文使用率正常
[2026-02-15 23:03:42] 估算上下文使用率: 1% (阈值: 50%)
[2026-02-15 23:03:42] ✅ 上下文使用率正常
[2026-02-15 23:30:52] 估算上下文使用率: 1% (阈值: 50%)
[2026-02-15 23:30:52] ✅ 上下文使用率正常
[2026-02-15 23:32:20] 估算上下文使用率: 1% (阈值: 50%)
[2026-02-15 23:32:20] ✅ 上下文使用率正常
[2026-02-16 00:02:25] 估算上下文使用率: 1% (阈值: 50%)
[2026-02-16 00:02:25] ✅ 上下文使用率正常
[2026-02-16 00:32:25] 估算上下文使用率: 1% (阈值: 50%)
[2026-02-16 00:32:25] ✅ 上下文使用率正常
[2026-02-16 01:02:17] 估算上下文使用率: 1% (阈值: 50%)
[2026-02-16 01:02:17] ✅ 上下文使用率正常
[2026-02-16 01:32:18] 估算上下文使用率: 1% (阈值: 50%)
[2026-02-16 01:32:18] ✅ 上下文使用率正常
[2026-02-16 02:01:02] 估算上下文使用率: 1% (阈值: 50%)
[2026-02-16 02:01:02] ✅ 上下文使用率正常
[2026-02-16 02:31:00] 估算上下文使用率: 1% (阈值: 50%)
[2026-02-16 02:31:00] ✅ 上下文使用率正常
[2026-02-16 03:00:32] 估算上下文使用率: 1% (阈值: 50%)
[2026-02-16 03:00:32] ✅ 上下文使用率正常
[2026-02-16 03:31:39] 估算上下文使用率: 1% (阈值: 50%)
[2026-02-16 03:31:39] ✅ 上下文使用率正常
[2026-02-16 04:00:58] 估算上下文使用率: 1% (阈值: 50%)
[2026-02-16 04:00:58] ✅ 上下文使用率正常
[2026-02-16 04:03:25] 估算上下文使用率: 1% (阈值: 50%)
[2026-02-16 04:03:25] ✅ 上下文使用率正常
[2026-02-16 04:33:23] 估算上下文使用率: 1% (阈值: 50%)
[2026-02-16 04:33:23] ✅ 上下文使用率正常
[2026-02-16 05:03:25] 估算上下文使用率: 1% (阈值: 50%)
[2026-02-16 05:03:25] ✅ 上下文使用率正常
[2026-02-16 05:33:27] 估算上下文使用率: 1% (阈值: 50%)
[2026-02-16 05:33:27] ✅ 上下文使用率正常
[2026-02-16 06:03:24] 估算上下文使用率: 1% (阈值: 50%)
[2026-02-16 06:03:24] ✅ 上下文使用率正常
[2026-02-16 06:33:28] 估算上下文使用率: 1% (阈值: 50%)
[2026-02-16 06:33:28] ✅ 上下文使用率正常
[2026-02-16 07:03:23] 估算上下文使用率: 1% (阈值: 50%)
[2026-02-16 07:03:23] ✅ 上下文使用率正常
[2026-02-16 07:33:38] 估算上下文使用率: 1% (阈值: 50%)
[2026-02-16 07:33:38] ✅ 上下文使用率正常
[2026-02-16 07:35:41] 估算上下文使用率: 1% (阈值: 50%)
[2026-02-16 07:35:41] ✅ 上下文使用率正常
[2026-02-16 08:05:45] 估算上下文使用率: 1% (阈值: 50%)
[2026-02-16 08:05:45] ✅ 上下文使用率正常
[2026-02-16 08:35:46] 估算上下文使用率: 1% (阈值: 50%)
[2026-02-16 08:35:46] ✅ 上下文使用率正常
[2026-02-16 09:00:26] 估算上下文使用率: 1% (阈值: 50%)
[2026-02-16 09:00:26] ✅ 上下文使用率正常
[2026-02-16 09:13:01] 估算上下文使用率: 1% (阈值: 50%)
[2026-02-16 09:13:01] ✅ 上下文使用率正常
[2026-02-16 09:47:29] 估算上下文使用率: 1% (阈值: 50%)
[2026-02-16 09:47:29] ✅ 上下文使用率正常
[2026-02-16 10:00:29] 估算上下文使用率: 1% (阈值: 50%)
[2026-02-16 10:00:29] ✅ 上下文使用率正常
[2026-02-16 10:03:08] 估算上下文使用率: 1% (阈值: 50%)
[2026-02-16 10:03:08] ✅ 上下文使用率正常
[2026-02-16 10:33:11] 估算上下文使用率: 1% (阈值: 50%)
[2026-02-16 10:33:11] ✅ 上下文使用率正常
[2026-02-16 11:03:16] 估算上下文使用率: 1% (阈值: 50%)
[2026-02-16 11:03:16] ✅ 上下文使用率正常
[2026-02-16 11:34:07] 估算上下文使用率: 1% (阈值: 50%)
[2026-02-16 11:34:07] ✅ 上下文使用率正常
[2026-02-16 12:04:34] 估算上下文使用率: 1% (阈值: 50%)
[2026-02-16 12:04:34] ✅ 上下文使用率正常
[2026-02-16 12:35:09] 估算上下文使用率: 1% (阈值: 50%)
[2026-02-16 12:35:09] ✅ 上下文使用率正常
[2026-02-16 13:04:55] 估算上下文使用率: 1% (阈值: 50%)
[2026-02-16 13:04:55] ✅ 上下文使用率正常
[2026-02-16 13:34:51] 估算上下文使用率: 1% (阈值: 50%)
[2026-02-16 13:34:51] ✅ 上下文使用率正常
[2026-02-16 14:04:59] 估算上下文使用率: 1% (阈值: 50%)
[2026-02-16 14:04:59] ✅ 上下文使用率正常
[2026-02-16 14:34:56] 估算上下文使用率: 1% (阈值: 50%)
[2026-02-16 14:34:56] ✅ 上下文使用率正常
[2026-02-16 15:04:57] 估算上下文使用率: 1% (阈值: 50%)
[2026-02-16 15:04:57] ✅ 上下文使用率正常
[2026-02-16 15:34:58] 估算上下文使用率: 1% (阈值: 50%)
[2026-02-16 15:34:58] ✅ 上下文使用率正常
[2026-02-16 15:35:29] 估算上下文使用率: 1% (阈值: 50%)
[2026-02-16 15:35:29] ✅ 上下文使用率正常
[2026-02-16 16:07:19] 估算上下文使用率: 1% (阈值: 50%)
[2026-02-16 16:07:19] ✅ 上下文使用率正常
[2026-02-16 16:29:38] 估算上下文使用率: 1% (阈值: 50%)
[2026-02-16 16:29:38] ✅ 上下文使用率正常
[2026-02-16 16:59:33] 估算上下文使用率: 1% (阈值: 50%)
[2026-02-16 16:59:33] ✅ 上下文使用率正常
[2026-02-16 17:29:33] 估算上下文使用率: 1% (阈值: 50%)
[2026-02-16 17:29:33] ✅ 上下文使用率正常
[2026-02-16 17:59:46] 估算上下文使用率: 1% (阈值: 50%)
[2026-02-16 17:59:46] ✅ 上下文使用率正常
[2026-02-16 18:30:12] 估算上下文使用率: 1% (阈值: 50%)
[2026-02-16 18:30:12] ✅ 上下文使用率正常
[2026-02-16 18:41:53] 估算上下文使用率: 1% (阈值: 50%)
[2026-02-16 18:41:53] ✅ 上下文使用率正常
[2026-02-16 18:42:22] 估算上下文使用率: 1% (阈值: 50%)
[2026-02-16 18:42:22] ✅ 上下文使用率正常
[2026-02-16 18:43:00] 估算上下文使用率: 1% (阈值: 50%)
[2026-02-16 18:43:00] ✅ 上下文使用率正常
[2026-02-16 18:43:26] 估算上下文使用率: 1% (阈值: 50%)
[2026-02-16 18:43:26] ✅ 上下文使用率正常
[2026-02-16 18:44:06] 估算上下文使用率: 1% (阈值: 50%)
[2026-02-16 18:44:06] ✅ 上下文使用率正常
[2026-02-16 18:44:46] 估算上下文使用率: 1% (阈值: 50%)
[2026-02-16 18:44:46] ✅ 上下文使用率正常
[2026-02-16 18:45:23] 估算上下文使用率: 1% (阈值: 50%)
[2026-02-16 18:45:23] ✅ 上下文使用率正常
[2026-02-16 18:45:39] 估算上下文使用率: 1% (阈值: 50%)
[2026-02-16 18:45:39] ✅ 上下文使用率正常
[2026-02-16 18:46:05] 估算上下文使用率: 1% (阈值: 50%)
[2026-02-16 18:46:05] ✅ 上下文使用率正常
[2026-02-16 18:46:36] 估算上下文使用率: 1% (阈值: 50%)
[2026-02-16 18:46:36] ✅ 上下文使用率正常
[2026-02-16 18:46:59] 估算上下文使用率: 1% (阈值: 50%)
[2026-02-16 18:46:59] ✅ 上下文使用率正常
[2026-02-16 18:47:18] 估算上下文使用率: 1% (阈值: 50%)
[2026-02-16 18:47:18] ✅ 上下文使用率正常
[2026-02-16 18:47:39] 估算上下文使用率: 1% (阈值: 50%)
[2026-02-16 18:47:39] ✅ 上下文使用率正常
[2026-02-16 18:47:56] 估算上下文使用率: 1% (阈值: 50%)
[2026-02-16 18:47:56] ✅ 上下文使用率正常
[2026-02-16 18:48:12] 估算上下文使用率: 1% (阈值: 50%)
[2026-02-16 18:48:12] ✅ 上下文使用率正常
[2026-02-16 18:48:42] 估算上下文使用率: 1% (阈值: 50%)
[2026-02-16 18:48:42] ✅ 上下文使用率正常
[2026-02-16 18:49:00] 估算上下文使用率: 1% (阈值: 50%)
[2026-02-16 18:49:00] ✅ 上下文使用率正常
[2026-02-16 18:49:15] 估算上下文使用率: 1% (阈值: 50%)
[2026-02-16 18:49:15] ✅ 上下文使用率正常
[2026-02-16 18:49:26] 估算上下文使用率: 1% (阈值: 50%)
[2026-02-16 18:49:26] ✅ 上下文使用率正常
[2026-02-16 18:49:38] 估算上下文使用率: 1% (阈值: 50%)
[2026-02-16 18:49:38] ✅ 上下文使用率正常
[2026-02-16 18:49:55] 估算上下文使用率: 1% (阈值: 50%)
[2026-02-16 18:49:55] ✅ 上下文使用率正常
[2026-02-16 18:50:18] 估算上下文使用率: 1% (阈值: 50%)
[2026-02-16 18:50:18] ✅ 上下文使用率正常
[2026-02-16 18:50:36] 估算上下文使用率: 1% (阈值: 50%)
[2026-02-16 18:50:36] ✅ 上下文使用率正常
[2026-02-16 18:59:17] 估算上下文使用率: 1% (阈值: 50%)
[2026-02-16 18:59:17] ✅ 上下文使用率正常
[2026-02-16 19:07:11] 估算上下文使用率: 1% (阈值: 50%)
[2026-02-16 19:07:11] ✅ 上下文使用率正常
[2026-02-16 19:09:05] 估算上下文使用率: 1% (阈值: 50%)
[2026-02-16 19:09:05] ✅ 上下文使用率正常
[2026-02-16 19:38:47] 估算上下文使用率: 1% (阈值: 50%)
[2026-02-16 19:38:47] ✅ 上下文使用率正常
[2026-02-16 19:39:53] 估算上下文使用率: 1% (阈值: 50%)
[2026-02-16 19:39:53] ✅ 上下文使用率正常
[2026-02-16 20:08:03] 估算上下文使用率: 1% (阈值: 50%)
[2026-02-16 20:08:03] ✅ 上下文使用率正常
[2026-02-16 20:38:18] 估算上下文使用率: 1% (阈值: 50%)
[2026-02-16 20:38:18] ✅ 上下文使用率正常
[2026-02-16 21:08:02] 估算上下文使用率: 1% (阈值: 50%)
[2026-02-16 21:08:02] ✅ 上下文使用率正常
[2026-02-16 21:38:02] 估算上下文使用率: 1% (阈值: 50%)
[2026-02-16 21:38:02] ✅ 上下文使用率正常
[2026-02-16 22:33:02] 估算上下文使用率: 1% (阈值: 50%)
[2026-02-16 22:33:02] ✅ 上下文使用率正常
[2026-02-16 23:22:58] 估算上下文使用率: 1% (阈值: 50%)
[2026-02-16 23:22:58] ✅ 上下文使用率正常
[2026-02-16 23:24:27] 估算上下文使用率: 1% (阈值: 50%)
[2026-02-16 23:24:27] ✅ 上下文使用率正常
[2026-02-16 23:25:15] 估算上下文使用率: 1% (阈值: 50%)
[2026-02-16 23:25:15] ✅ 上下文使用率正常
[2026-02-17 00:00:51] 估算上下文使用率: 1% (阈值: 50%)
[2026-02-17 00:00:51] ✅ 上下文使用率正常
[2026-02-17 00:30:51] 估算上下文使用率: 1% (阈值: 50%)
[2026-02-17 00:30:51] ✅ 上下文使用率正常
[2026-02-17 01:00:50] 估算上下文使用率: 1% (阈值: 50%)
[2026-02-17 01:00:50] ✅ 上下文使用率正常
[2026-02-17 01:30:55] 估算上下文使用率: 1% (阈值: 50%)
[2026-02-17 01:30:55] ✅ 上下文使用率正常
[2026-02-17 02:30:36] 估算上下文使用率: 1% (阈值: 50%)
[2026-02-17 02:30:36] ✅ 上下文使用率正常
[2026-02-17 03:00:58] 估算上下文使用率: 1% (阈值: 50%)
[2026-02-17 03:00:58] ✅ 上下文使用率正常
[2026-02-17 03:30:18] 估算上下文使用率: 1% (阈值: 50%)
[2026-02-17 03:30:18] ✅ 上下文使用率正常
[2026-02-17 04:02:46] 估算上下文使用率: 1% (阈值: 50%)
[2026-02-17 04:02:46] ✅ 上下文使用率正常
[2026-02-17 04:32:58] 估算上下文使用率: 1% (阈值: 50%)
[2026-02-17 04:32:58] ✅ 上下文使用率正常
[2026-02-17 05:02:50] 估算上下文使用率: 1% (阈值: 50%)
[2026-02-17 05:02:50] ✅ 上下文使用率正常
[2026-02-17 05:32:46] 估算上下文使用率: 1% (阈值: 50%)
[2026-02-17 05:32:46] ✅ 上下文使用率正常
[2026-02-17 06:03:00] 估算上下文使用率: 1% (阈值: 50%)
[2026-02-17 06:03:00] ✅ 上下文使用率正常
[2026-02-17 06:32:46] 估算上下文使用率: 1% (阈值: 50%)
[2026-02-17 06:32:46] ✅ 上下文使用率正常
[2026-02-17 07:02:48] 估算上下文使用率: 1% (阈值: 50%)
[2026-02-17 07:02:48] ✅ 上下文使用率正常
[2026-02-17 07:32:57] 估算上下文使用率: 1% (阈值: 50%)
[2026-02-17 07:32:57] ✅ 上下文使用率正常
[2026-02-17 08:02:48] 估算上下文使用率: 1% (阈值: 50%)
[2026-02-17 08:02:48] ✅ 上下文使用率正常
[2026-02-17 08:32:47] 估算上下文使用率: 1% (阈值: 50%)
[2026-02-17 08:32:47] ✅ 上下文使用率正常
[2026-02-17 08:33:31] 估算上下文使用率: 1% (阈值: 50%)
[2026-02-17 08:33:31] ✅ 上下文使用率正常
[2026-02-17 09:12:46] 估算上下文使用率: 1% (阈值: 50%)
[2026-02-17 09:12:46] ✅ 上下文使用率正常
[2026-02-17 09:42:46] 估算上下文使用率: 1% (阈值: 50%)
[2026-02-17 09:42:46] ✅ 上下文使用率正常
[2026-02-17 10:31:36] 估算上下文使用率: 1% (阈值: 50%)
[2026-02-17 10:31:36] ✅ 上下文使用率正常
[2026-02-17 11:01:36] 估算上下文使用率: 1% (阈值: 50%)
[2026-02-17 11:01:36] ✅ 上下文使用率正常
[2026-02-17 11:31:24] 估算上下文使用率: 1% (阈值: 50%)
[2026-02-17 11:31:24] ✅ 上下文使用率正常
[2026-02-17 12:01:27] 估算上下文使用率: 1% (阈值: 50%)
[2026-02-17 12:01:27] ✅ 上下文使用率正常
[2026-02-17 12:31:43] 估算上下文使用率: 1% (阈值: 50%)
[2026-02-17 12:31:43] ✅ 上下文使用率正常
[2026-02-17 13:01:39] 估算上下文使用率: 1% (阈值: 50%)
[2026-02-17 13:01:39] ✅ 上下文使用率正常
[2026-02-17 13:34:23] 估算上下文使用率: 1% (阈值: 50%)
[2026-02-17 13:34:23] ✅ 上下文使用率正常
[2026-02-17 14:04:23] 估算上下文使用率: 1% (阈值: 50%)
[2026-02-17 14:04:23] ✅ 上下文使用率正常
[2026-02-17 14:53:50] 估算上下文使用率: 1% (阈值: 50%)
[2026-02-17 14:53:50] ✅ 上下文使用率正常
[2026-02-17 15:18:27] 估算上下文使用率: 1% (阈值: 50%)
[2026-02-17 15:18:27] ✅ 上下文使用率正常
[2026-02-17 15:23:27] 估算上下文使用率: 1% (阈值: 50%)
[2026-02-17 15:23:27] ✅ 上下文使用率正常
[2026-02-17 15:36:54] 估算上下文使用率: 1% (阈值: 50%)
[2026-02-17 15:36:54] ✅ 上下文使用率正常
[2026-02-17 15:39:30] 估算上下文使用率: 1% (阈值: 50%)
[2026-02-17 15:39:30] ✅ 上下文使用率正常
[2026-02-17 15:43:06] 估算上下文使用率: 1% (阈值: 50%)
[2026-02-17 15:43:06] ✅ 上下文使用率正常
[2026-02-17 15:45:00] 估算上下文使用率: 1% (阈值: 50%)
[2026-02-17 15:45:00] ✅ 上下文使用率正常
[2026-02-17 15:47:03] 估算上下文使用率: 1% (阈值: 50%)
[2026-02-17 15:47:03] ✅ 上下文使用率正常
[2026-02-17 15:49:28] 估算上下文使用率: 1% (阈值: 50%)
[2026-02-17 15:49:28] ✅ 上下文使用率正常
[2026-02-17 15:54:30] 估算上下文使用率: 1% (阈值: 50%)
[2026-02-17 15:54:30] ✅ 上下文使用率正常
[2026-02-17 15:56:09] 估算上下文使用率: 1% (阈值: 50%)
[2026-02-17 15:56:09] ✅ 上下文使用率正常
[2026-02-17 16:01:16] 估算上下文使用率: 1% (阈值: 50%)
[2026-02-17 16:01:16] ✅ 上下文使用率正常
[2026-02-17 16:12:46] 估算上下文使用率: 1% (阈值: 50%)
[2026-02-17 16:12:46] ✅ 上下文使用率正常
[2026-02-17 16:13:44] 估算上下文使用率: 1% (阈值: 50%)
[2026-02-17 16:13:44] ✅ 上下文使用率正常
[2026-02-17 16:17:43] 估算上下文使用率: 1% (阈值: 50%)
[2026-02-17 16:17:43] ✅ 上下文使用率正常
[2026-02-17 16:21:03] 估算上下文使用率: 1% (阈值: 50%)
[2026-02-17 16:21:03] ✅ 上下文使用率正常
[2026-02-17 16:23:28] 估算上下文使用率: 1% (阈值: 50%)
[2026-02-17 16:23:28] ✅ 上下文使用率正常
[2026-02-17 16:26:54] 估算上下文使用率: 1% (阈值: 50%)
[2026-02-17 16:26:54] ✅ 上下文使用率正常
[2026-02-17 16:32:04] 估算上下文使用率: 1% (阈值: 50%)
[2026-02-17 16:32:04] ✅ 上下文使用率正常
[2026-02-17 16:35:51] 估算上下文使用率: 1% (阈值: 50%)
[2026-02-17 16:35:51] ✅ 上下文使用率正常
[2026-02-17 16:39:11] 估算上下文使用率: 1% (阈值: 50%)
[2026-02-17 16:39:11] ✅ 上下文使用率正常
[2026-02-17 16:41:02] 估算上下文使用率: 1% (阈值: 50%)
[2026-02-17 16:41:02] ✅ 上下文使用率正常
[2026-02-17 16:46:22] 估算上下文使用率: 1% (阈值: 50%)
[2026-02-17 16:46:22] ✅ 上下文使用率正常
[2026-02-17 17:02:16] 估算上下文使用率: 1% (阈值: 50%)
[2026-02-17 17:02:16] ✅ 上下文使用率正常
[2026-02-17 17:31:47] 估算上下文使用率: 1% (阈值: 50%)
[2026-02-17 17:31:47] ✅ 上下文使用率正常
[2026-02-17 18:01:58] 估算上下文使用率: 1% (阈值: 50%)
[2026-02-17 18:01:58] ✅ 上下文使用率正常
[2026-02-17 18:02:49] 估算上下文使用率: 1% (阈值: 50%)
[2026-02-17 18:02:49] ✅ 上下文使用率正常
[2026-02-17 18:32:56] 估算上下文使用率: 1% (阈值: 50%)
[2026-02-17 18:32:56] ✅ 上下文使用率正常
[2026-02-17 19:02:56] 估算上下文使用率: 1% (阈值: 50%)
[2026-02-17 19:02:56] ✅ 上下文使用率正常
[2026-02-17 19:33:11] 估算上下文使用率: 1% (阈值: 50%)
[2026-02-17 19:33:11] ✅ 上下文使用率正常
[2026-02-17 20:00:50] 估算上下文使用率: 1% (阈值: 50%)
[2026-02-17 20:00:50] ✅ 上下文使用率正常
[2026-02-17 20:02:57] 估算上下文使用率: 1% (阈值: 50%)
[2026-02-17 20:02:57] ✅ 上下文使用率正常
[2026-02-17 20:04:02] 估算上下文使用率: 1% (阈值: 50%)
[2026-02-17 20:04:02] ✅ 上下文使用率正常
[2026-02-17 20:10:33] 估算上下文使用率: 1% (阈值: 50%)
[2026-02-17 20:10:33] ✅ 上下文使用率正常
[2026-02-17 20:17:43] 估算上下文使用率: 1% (阈值: 50%)
[2026-02-17 20:17:43] ✅ 上下文使用率正常
[2026-02-17 22:05:54] 估算上下文使用率: 1% (阈值: 50%)
[2026-02-17 22:05:54] ✅ 上下文使用率正常
[2026-02-17 22:15:02] 估算上下文使用率: 1% (阈值: 50%)
[2026-02-17 22:15:02] ✅ 上下文使用率正常
[2026-02-17 22:45:20] 估算上下文使用率: 1% (阈值: 50%)
[2026-02-17 22:45:20] ✅ 上下文使用率正常
[2026-02-17 23:15:07] 估算上下文使用率: 1% (阈值: 50%)
[2026-02-17 23:15:07] ✅ 上下文使用率正常
[2026-02-17 23:32:05] 估算上下文使用率: 1% (阈值: 50%)
[2026-02-17 23:32:05] ✅ 上下文使用率正常
[2026-02-18 00:01:57] 估算上下文使用率: 1% (阈值: 50%)
[2026-02-18 00:01:57] ✅ 上下文使用率正常
[2026-02-18 00:31:55] 估算上下文使用率: 1% (阈值: 50%)
[2026-02-18 00:31:55] ✅ 上下文使用率正常
[2026-02-18 01:01:54] 估算上下文使用率: 1% (阈值: 50%)
[2026-02-18 01:01:54] ✅ 上下文使用率正常
[2026-02-18 01:31:44] 估算上下文使用率: 1% (阈值: 50%)
[2026-02-18 01:31:44] ✅ 上下文使用率正常
[2026-02-18 02:00:58] 估算上下文使用率: 1% (阈值: 50%)
[2026-02-18 02:00:58] ✅ 上下文使用率正常
[2026-02-18 02:31:20] 估算上下文使用率: 1% (阈值: 50%)
[2026-02-18 02:31:20] ✅ 上下文使用率正常
[2026-02-18 03:01:13] 估算上下文使用率: 1% (阈值: 50%)
[2026-02-18 03:01:13] ✅ 上下文使用率正常
[2026-02-18 03:30:59] 估算上下文使用率: 1% (阈值: 50%)
[2026-02-18 03:30:59] ✅ 上下文使用率正常
[2026-02-18 04:04:46] 估算上下文使用率: 1% (阈值: 50%)
[2026-02-18 04:04:46] ✅ 上下文使用率正常
[2026-02-18 04:34:45] 估算上下文使用率: 1% (阈值: 50%)
[2026-02-18 04:34:45] ✅ 上下文使用率正常
[2026-02-18 05:04:53] 估算上下文使用率: 1% (阈值: 50%)
[2026-02-18 05:04:53] ✅ 上下文使用率正常
[2026-02-18 05:34:45] 估算上下文使用率: 1% (阈值: 50%)
[2026-02-18 05:34:45] ✅ 上下文使用率正常
[2026-02-18 06:04:45] 估算上下文使用率: 1% (阈值: 50%)
[2026-02-18 06:04:45] ✅ 上下文使用率正常
[2026-02-18 06:34:45] 估算上下文使用率: 1% (阈值: 50%)
[2026-02-18 06:34:45] ✅ 上下文使用率正常
[2026-02-18 07:04:45] 估算上下文使用率: 1% (阈值: 50%)
[2026-02-18 07:04:45] ✅ 上下文使用率正常
[2026-02-18 07:05:31] 估算上下文使用率: 1% (阈值: 50%)
[2026-02-18 07:05:31] ✅ 上下文使用率正常
[2026-02-18 07:35:35] 估算上下文使用率: 1% (阈值: 50%)
[2026-02-18 07:35:35] ✅ 上下文使用率正常
[2026-02-18 08:05:35] 估算上下文使用率: 1% (阈值: 50%)
[2026-02-18 08:05:35] ✅ 上下文使用率正常
[2026-02-18 08:35:38] 估算上下文使用率: 1% (阈值: 50%)
[2026-02-18 08:35:38] ✅ 上下文使用率正常
[2026-02-18 09:03:48] 估算上下文使用率: 1% (阈值: 50%)
[2026-02-18 09:03:48] ✅ 上下文使用率正常
[2026-02-18 09:33:45] 估算上下文使用率: 1% (阈值: 50%)
[2026-02-18 09:33:45] ✅ 上下文使用率正常
[2026-02-18 10:32:42] 估算上下文使用率: 1% (阈值: 50%)
[2026-02-18 10:32:42] ✅ 上下文使用率正常
[2026-02-18 11:02:41] 估算上下文使用率: 1% (阈值: 50%)
[2026-02-18 11:02:41] ✅ 上下文使用率正常
[2026-02-18 11:32:41] 估算上下文使用率: 1% (阈值: 50%)
[2026-02-18 11:32:41] ✅ 上下文使用率正常
[2026-02-18 12:02:46] 估算上下文使用率: 1% (阈值: 50%)
[2026-02-18 12:02:46] ✅ 上下文使用率正常
[2026-02-18 12:03:28] 估算上下文使用率: 1% (阈值: 50%)
[2026-02-18 12:03:28] ✅ 上下文使用率正常
[2026-02-18 12:33:33] 估算上下文使用率: 1% (阈值: 50%)
[2026-02-18 12:33:33] ✅ 上下文使用率正常
[2026-02-18 13:03:44] 估算上下文使用率: 1% (阈值: 50%)
[2026-02-18 13:03:44] ✅ 上下文使用率正常
[2026-02-18 13:33:32] 估算上下文使用率: 1% (阈值: 50%)
[2026-02-18 13:33:32] ✅ 上下文使用率正常
[2026-02-18 14:03:43] 估算上下文使用率: 1% (阈值: 50%)
[2026-02-18 14:03:43] ✅ 上下文使用率正常
[2026-02-18 14:34:02] 估算上下文使用率: 1% (阈值: 50%)
[2026-02-18 14:34:02] ✅ 上下文使用率正常
[2026-02-18 15:03:33] 估算上下文使用率: 1% (阈值: 50%)
[2026-02-18 15:03:33] ✅ 上下文使用率正常
[2026-02-18 15:33:33] 估算上下文使用率: 1% (阈值: 50%)
[2026-02-18 15:33:33] ✅ 上下文使用率正常
[2026-02-18 16:31:30] 估算上下文使用率: 1% (阈值: 50%)
[2026-02-18 16:31:30] ✅ 上下文使用率正常
[2026-02-18 17:01:18] 估算上下文使用率: 1% (阈值: 50%)
[2026-02-18 17:01:18] ✅ 上下文使用率正常
[2026-02-18 17:01:55] 估算上下文使用率: 1% (阈值: 50%)
[2026-02-18 17:01:55] ✅ 上下文使用率正常
[2026-02-18 17:32:03] 估算上下文使用率: 1% (阈值: 50%)
[2026-02-18 17:32:03] ✅ 上下文使用率正常
[2026-02-18 18:02:00] 估算上下文使用率: 1% (阈值: 50%)
[2026-02-18 18:02:00] ✅ 上下文使用率正常
[2026-02-18 18:32:13] 估算上下文使用率: 1% (阈值: 50%)
[2026-02-18 18:32:13] ✅ 上下文使用率正常
[2026-02-18 19:02:03] 估算上下文使用率: 1% (阈值: 50%)
[2026-02-18 19:02:03] ✅ 上下文使用率正常
[2026-02-18 19:31:58] 估算上下文使用率: 1% (阈值: 50%)
[2026-02-18 19:31:58] ✅ 上下文使用率正常
[2026-02-18 20:02:00] 估算上下文使用率: 1% (阈值: 50%)
[2026-02-18 20:02:00] ✅ 上下文使用率正常
[2026-02-18 20:32:07] 估算上下文使用率: 1% (阈值: 50%)
[2026-02-18 20:32:07] ✅ 上下文使用率正常
[2026-02-18 21:02:04] 估算上下文使用率: 1% (阈值: 50%)
[2026-02-18 21:02:04] ✅ 上下文使用率正常
[2026-02-18 21:32:10] 估算上下文使用率: 1% (阈值: 50%)
[2026-02-18 21:32:10] ✅ 上下文使用率正常
[2026-02-18 22:30:57] 估算上下文使用率: 1% (阈值: 50%)
[2026-02-18 22:30:57] ✅ 上下文使用率正常
[2026-02-18 23:01:07] 估算上下文使用率: 1% (阈值: 50%)
[2026-02-18 23:01:07] ✅ 上下文使用率正常
[2026-02-19 00:00:43] 估算上下文使用率: 1% (阈值: 50%)
[2026-02-19 00:00:43] ✅ 上下文使用率正常
[2026-02-19 00:30:39] 估算上下文使用率: 1% (阈值: 50%)
[2026-02-19 00:30:39] ✅ 上下文使用率正常
[2026-02-19 01:00:37] 估算上下文使用率: 1% (阈值: 50%)
[2026-02-19 01:00:37] ✅ 上下文使用率正常
[2026-02-19 01:30:38] 估算上下文使用率: 1% (阈值: 50%)
[2026-02-19 01:30:38] ✅ 上下文使用率正常
[2026-02-19 02:30:30] 估算上下文使用率: 1% (阈值: 50%)
[2026-02-19 02:30:30] ✅ 上下文使用率正常
[2026-02-19 03:00:26] 估算上下文使用率: 1% (阈值: 50%)
[2026-02-19 03:00:26] ✅ 上下文使用率正常
[2026-02-19 03:30:37] 估算上下文使用率: 1% (阈值: 50%)
[2026-02-19 03:30:37] ✅ 上下文使用率正常
[2026-02-19 04:00:31] 估算上下文使用率: 1% (阈值: 50%)
[2026-02-19 04:00:31] ✅ 上下文使用率正常
[2026-02-19 04:02:50] 估算上下文使用率: 1% (阈值: 50%)
[2026-02-19 04:02:50] ✅ 上下文使用率正常
[2026-02-19 04:03:24] 估算上下文使用率: 1% (阈值: 50%)
[2026-02-19 04:03:24] ✅ 上下文使用率正常
[2026-02-19 04:33:43] 估算上下文使用率: 1% (阈值: 50%)
[2026-02-19 04:33:43] ✅ 上下文使用率正常
[2026-02-19 05:03:42] 估算上下文使用率: 1% (阈值: 50%)
[2026-02-19 05:03:42] ✅ 上下文使用率正常
[2026-02-19 05:33:28] 估算上下文使用率: 1% (阈值: 50%)
[2026-02-19 05:33:28] ✅ 上下文使用率正常
[2026-02-19 06:03:44] 估算上下文使用率: 1% (阈值: 50%)
[2026-02-19 06:03:44] ✅ 上下文使用率正常
[2026-02-19 06:33:28] 估算上下文使用率: 1% (阈值: 50%)
[2026-02-19 06:33:28] ✅ 上下文使用率正常
[2026-02-19 07:03:38] 估算上下文使用率: 1% (阈值: 50%)
[2026-02-19 07:03:38] ✅ 上下文使用率正常
[2026-02-19 07:33:35] 估算上下文使用率: 1% (阈值: 50%)
[2026-02-19 07:33:35] ✅ 上下文使用率正常
[2026-02-19 07:34:30] 估算上下文使用率: 1% (阈值: 50%)
[2026-02-19 07:34:30] ✅ 上下文使用率正常
[2026-02-19 08:04:32] 估算上下文使用率: 1% (阈值: 50%)
[2026-02-19 08:04:32] ✅ 上下文使用率正常
[2026-02-19 08:34:33] 估算上下文使用率: 1% (阈值: 50%)
[2026-02-19 08:34:33] ✅ 上下文使用率正常
[2026-02-19 09:04:17] 估算上下文使用率: 1% (阈值: 50%)
[2026-02-19 09:04:17] ✅ 上下文使用率正常
[2026-02-19 09:12:59] 估算上下文使用率: 1% (阈值: 50%)
[2026-02-19 09:12:59] ✅ 上下文使用率正常
[2026-02-19 09:14:35] 估算上下文使用率: 1% (阈值: 50%)
[2026-02-19 09:14:35] ✅ 上下文使用率正常
[2026-02-19 09:44:39] 估算上下文使用率: 1% (阈值: 50%)
[2026-02-19 09:44:39] ✅ 上下文使用率正常
[2026-02-19 10:37:14] 估算上下文使用率: 1% (阈值: 50%)
[2026-02-19 10:37:14] ✅ 上下文使用率正常
[2026-02-19 10:38:11] 估算上下文使用率: 1% (阈值: 50%)
[2026-02-19 10:38:11] ✅ 上下文使用率正常
[2026-02-19 11:08:20] 估算上下文使用率: 1% (阈值: 50%)
[2026-02-19 11:08:20] ✅ 上下文使用率正常
[2026-02-19 11:38:34] 估算上下文使用率: 1% (阈值: 50%)
[2026-02-19 11:38:34] ✅ 上下文使用率正常
[2026-02-19 12:08:36] 估算上下文使用率: 1% (阈值: 50%)
[2026-02-19 12:08:36] ✅ 上下文使用率正常
[2026-02-19 12:38:21] 估算上下文使用率: 1% (阈值: 50%)
[2026-02-19 12:38:21] ✅ 上下文使用率正常
[2026-02-19 13:08:19] 估算上下文使用率: 1% (阈值: 50%)
[2026-02-19 13:08:19] ✅ 上下文使用率正常
[2026-02-19 13:38:35] 估算上下文使用率: 1% (阈值: 50%)
[2026-02-19 13:38:35] ✅ 上下文使用率正常
[2026-02-19 14:08:40] 估算上下文使用率: 1% (阈值: 50%)
[2026-02-19 14:08:40] ✅ 上下文使用率正常
[2026-02-19 14:09:49] 估算上下文使用率: 1% (阈值: 50%)
[2026-02-19 14:09:49] ✅ 上下文使用率正常
[2026-02-19 14:39:56] 估算上下文使用率: 1% (阈值: 50%)
[2026-02-19 14:39:56] ✅ 上下文使用率正常
[2026-02-19 15:21:14] 估算上下文使用率: 1% (阈值: 50%)
[2026-02-19 15:21:14] ✅ 上下文使用率正常
[2026-02-19 15:51:13] 估算上下文使用率: 1% (阈值: 50%)
[2026-02-19 15:51:13] ✅ 上下文使用率正常
[2026-02-19 16:31:37] 估算上下文使用率: 1% (阈值: 50%)
[2026-02-19 16:31:37] ✅ 上下文使用率正常
[2026-02-19 17:01:29] 估算上下文使用率: 1% (阈值: 50%)
[2026-02-19 17:01:29] ✅ 上下文使用率正常
[2026-02-19 17:31:27] 估算上下文使用率: 1% (阈值: 50%)
[2026-02-19 17:31:27] ✅ 上下文使用率正常
[2026-02-19 18:02:37] 估算上下文使用率: 1% (阈值: 50%)
[2026-02-19 18:02:37] ✅ 上下文使用率正常
[2026-02-19 18:32:26] 估算上下文使用率: 1% (阈值: 50%)
[2026-02-19 18:32:26] ✅ 上下文使用率正常
[2026-02-19 19:02:29] 估算上下文使用率: 1% (阈值: 50%)
[2026-02-19 19:02:29] ✅ 上下文使用率正常
[2026-02-19 19:32:16] 估算上下文使用率: 1% (阈值: 50%)
[2026-02-19 19:32:16] ✅ 上下文使用率正常
[2026-02-19 20:02:39] 估算上下文使用率: 1% (阈值: 50%)
[2026-02-19 20:02:39] ✅ 上下文使用率正常
[2026-02-19 20:32:31] 估算上下文使用率: 1% (阈值: 50%)
[2026-02-19 20:32:31] ✅ 上下文使用率正常
[2026-02-19 21:02:30] 估算上下文使用率: 1% (阈值: 50%)
[2026-02-19 21:02:30] ✅ 上下文使用率正常
[2026-02-19 21:32:26] 估算上下文使用率: 1% (阈值: 50%)
[2026-02-19 21:32:26] ✅ 上下文使用率正常
[2026-02-19 22:30:40] 估算上下文使用率: 1% (阈值: 50%)
[2026-02-19 22:30:40] ✅ 上下文使用率正常
[2026-02-19 23:02:49] 估算上下文使用率: 1% (阈值: 50%)
[2026-02-19 23:02:49] ✅ 上下文使用率正常
[2026-02-19 23:32:04] 估算上下文使用率: 1% (阈值: 50%)
[2026-02-19 23:32:04] ✅ 上下文使用率正常
[2026-02-20 00:02:03] 估算上下文使用率: 1% (阈值: 50%)
[2026-02-20 00:02:03] ✅ 上下文使用率正常
[2026-02-20 00:32:19] 估算上下文使用率: 1% (阈值: 50%)
[2026-02-20 00:32:19] ✅ 上下文使用率正常
[2026-02-20 01:02:20] 估算上下文使用率: 1% (阈值: 50%)
[2026-02-20 01:02:20] ✅ 上下文使用率正常
[2026-02-20 01:32:34] 估算上下文使用率: 1% (阈值: 50%)
[2026-02-20 01:32:34] ✅ 上下文使用率正常
[2026-02-20 02:30:47] 估算上下文使用率: 1% (阈值: 50%)
[2026-02-20 02:30:47] ✅ 上下文使用率正常
[2026-02-20 03:00:29] 估算上下文使用率: 1% (阈值: 50%)
[2026-02-20 03:00:29] ✅ 上下文使用率正常
[2026-02-20 03:30:16] 估算上下文使用率: 1% (阈值: 50%)
[2026-02-20 03:30:16] ✅ 上下文使用率正常
[2026-02-20 04:02:44] 估算上下文使用率: 1% (阈值: 50%)
[2026-02-20 04:02:44] ✅ 上下文使用率正常
[2026-02-20 05:02:44] 估算上下文使用率: 1% (阈值: 50%)
[2026-02-20 05:02:44] ✅ 上下文使用率正常
[2026-02-20 05:32:42] 估算上下文使用率: 1% (阈值: 50%)
[2026-02-20 05:32:42] ✅ 上下文使用率正常
[2026-02-20 06:02:47] 估算上下文使用率: 1% (阈值: 50%)
[2026-02-20 06:02:47] ✅ 上下文使用率正常
[2026-02-20 06:32:50] 估算上下文使用率: 1% (阈值: 50%)
[2026-02-20 06:32:50] ✅ 上下文使用率正常
[2026-02-20 07:03:01] 估算上下文使用率: 1% (阈值: 50%)
[2026-02-20 07:03:01] ✅ 上下文使用率正常
[2026-02-20 07:32:44] 估算上下文使用率: 1% (阈值: 50%)
[2026-02-20 07:32:44] ✅ 上下文使用率正常
[2026-02-20 08:03:08] 估算上下文使用率: 1% (阈值: 50%)
[2026-02-20 08:03:08] ✅ 上下文使用率正常
[2026-02-20 08:35:33] 估算上下文使用率: 1% (阈值: 50%)
[2026-02-20 08:35:33] ✅ 上下文使用率正常
[2026-02-20 09:13:43] 估算上下文使用率: 1% (阈值: 50%)
[2026-02-20 09:13:43] ✅ 上下文使用率正常
[2026-02-20 09:44:01] 估算上下文使用率: 1% (阈值: 50%)
[2026-02-20 09:44:01] ✅ 上下文使用率正常
[2026-02-20 10:30:23] 估算上下文使用率: 1% (阈值: 50%)
[2026-02-20 10:30:23] ✅ 上下文使用率正常
[2026-02-20 11:00:11] 估算上下文使用率: 1% (阈值: 50%)
[2026-02-20 11:00:11] ✅ 上下文使用率正常
[2026-02-20 11:31:00] 估算上下文使用率: 1% (阈值: 50%)
[2026-02-20 11:31:00] ✅ 上下文使用率正常
[2026-02-20 12:03:43] 估算上下文使用率: 1% (阈值: 50%)
[2026-02-20 12:03:43] ✅ 上下文使用率正常
[2026-02-20 13:03:42] 估算上下文使用率: 1% (阈值: 50%)
[2026-02-20 13:03:42] ✅ 上下文使用率正常
[2026-02-20 13:33:29] 估算上下文使用率: 1% (阈值: 50%)
[2026-02-20 13:33:29] ✅ 上下文使用率正常
[2026-02-20 14:04:46] 估算上下文使用率: 1% (阈值: 50%)
[2026-02-20 14:04:46] ✅ 上下文使用率正常
[2026-02-20 14:37:40] 估算上下文使用率: 1% (阈值: 50%)
[2026-02-20 14:37:40] ✅ 上下文使用率正常
[2026-02-20 15:07:06] 估算上下文使用率: 1% (阈值: 50%)
[2026-02-20 15:07:06] ✅ 上下文使用率正常
[2026-02-20 15:37:07] 估算上下文使用率: 1% (阈值: 50%)
[2026-02-20 15:37:07] ✅ 上下文使用率正常
[2026-02-20 16:33:14] 估算上下文使用率: 1% (阈值: 50%)
[2026-02-20 16:33:14] ✅ 上下文使用率正常
[2026-02-20 17:03:33] 估算上下文使用率: 1% (阈值: 50%)
[2026-02-20 17:03:33] ✅ 上下文使用率正常
[2026-02-20 18:33:37] 估算上下文使用率: 1% (阈值: 50%)
[2026-02-20 18:33:37] ✅ 上下文使用率正常
[2026-02-20 19:03:09] 估算上下文使用率: 1% (阈值: 50%)
[2026-02-20 19:03:09] ✅ 上下文使用率正常
[2026-02-20 19:33:09] 估算上下文使用率: 1% (阈值: 50%)
[2026-02-20 19:33:09] ✅ 上下文使用率正常
[2026-02-20 20:03:20] 估算上下文使用率: 1% (阈值: 50%)
[2026-02-20 20:03:20] ✅ 上下文使用率正常
[2026-02-20 20:33:09] 估算上下文使用率: 1% (阈值: 50%)
[2026-02-20 20:33:09] ✅ 上下文使用率正常
[2026-02-20 21:03:16] 估算上下文使用率: 1% (阈值: 50%)
[2026-02-20 21:03:16] ✅ 上下文使用率正常
[2026-02-20 21:33:26] 估算上下文使用率: 1% (阈值: 50%)
[2026-02-20 21:33:26] ✅ 上下文使用率正常
[2026-02-20 22:31:34] 估算上下文使用率: 1% (阈值: 50%)
[2026-02-20 22:31:34] ✅ 上下文使用率正常
[2026-02-20 23:01:34] 估算上下文使用率: 1% (阈值: 50%)
[2026-02-20 23:01:34] ✅ 上下文使用率正常
[2026-02-21 00:00:17] 估算上下文使用率: 1% (阈值: 50%)
[2026-02-21 00:00:17] ✅ 上下文使用率正常
[2026-02-21 00:30:39] 估算上下文使用率: 1% (阈值: 50%)
[2026-02-21 00:30:39] ✅ 上下文使用率正常
[2026-02-21 01:00:54] 估算上下文使用率: 1% (阈值: 50%)
[2026-02-21 01:00:54] ✅ 上下文使用率正常
[2026-02-21 01:30:15] 估算上下文使用率: 1% (阈值: 50%)
[2026-02-21 01:30:15] ✅ 上下文使用率正常
[2026-02-21 02:31:28] 估算上下文使用率: 1% (阈值: 50%)
[2026-02-21 02:31:28] ✅ 上下文使用率正常
[2026-02-21 03:01:20] 估算上下文使用率: 1% (阈值: 50%)
[2026-02-21 03:01:20] ✅ 上下文使用率正常
[2026-02-21 03:31:18] 估算上下文使用率: 1% (阈值: 50%)
[2026-02-21 03:31:18] ✅ 上下文使用率正常
[2026-02-21 04:02:26] 估算上下文使用率: 1% (阈值: 50%)
[2026-02-21 04:02:26] ✅ 上下文使用率正常
[2026-02-21 05:02:25] 估算上下文使用率: 1% (阈值: 50%)
[2026-02-21 05:02:25] ✅ 上下文使用率正常
[2026-02-21 05:32:24] 估算上下文使用率: 1% (阈值: 50%)
[2026-02-21 05:32:24] ✅ 上下文使用率正常
[2026-02-21 06:02:25] 估算上下文使用率: 1% (阈值: 50%)
[2026-02-21 06:02:25] ✅ 上下文使用率正常
[2026-02-21 06:32:24] 估算上下文使用率: 1% (阈值: 50%)
[2026-02-21 06:32:24] ✅ 上下文使用率正常
[2026-02-21 07:02:25] 估算上下文使用率: 1% (阈值: 50%)
[2026-02-21 07:02:25] ✅ 上下文使用率正常
[2026-02-21 07:32:35] 估算上下文使用率: 1% (阈值: 50%)
[2026-02-21 07:32:35] ✅ 上下文使用率正常
[2026-02-21 07:36:31] 估算上下文使用率: 1% (阈值: 50%)
[2026-02-21 07:36:31] ✅ 上下文使用率正常
[2026-02-21 08:05:50] 估算上下文使用率: 1% (阈值: 50%)
[2026-02-21 08:05:50] ✅ 上下文使用率正常
[2026-02-21 08:22:42] 估算上下文使用率: 1% (阈值: 50%)
[2026-02-21 08:22:42] ✅ 上下文使用率正常
[2026-02-21 08:31:55] 估算上下文使用率: 1% (阈值: 50%)
[2026-02-21 08:31:55] ✅ 上下文使用率正常
[2026-02-21 09:02:30] 估算上下文使用率: 1% (阈值: 50%)
[2026-02-21 09:02:30] ✅ 上下文使用率正常
[2026-02-21 09:32:33] 估算上下文使用率: 1% (阈值: 50%)
[2026-02-21 09:32:33] ✅ 上下文使用率正常
[2026-02-21 10:21:47] 估算上下文使用率: 1% (阈值: 50%)
[2026-02-21 10:21:47] ✅ 上下文使用率正常
[2026-02-21 10:40:19] 估算上下文使用率: 1% (阈值: 50%)
[2026-02-21 10:40:19] ✅ 上下文使用率正常
[2026-02-21 10:51:17] 估算上下文使用率: 1% (阈值: 50%)
[2026-02-21 10:51:17] ✅ 上下文使用率正常
[2026-02-21 11:21:50] 估算上下文使用率: 1% (阈值: 50%)
[2026-02-21 11:21:50] ✅ 上下文使用率正常
[2026-02-21 11:52:17] 估算上下文使用率: 1% (阈值: 50%)
[2026-02-21 11:52:17] ✅ 上下文使用率正常
[2026-02-21 12:21:49] 估算上下文使用率: 1% (阈值: 50%)
[2026-02-21 12:21:49] ✅ 上下文使用率正常
[2026-02-21 12:51:48] 估算上下文使用率: 1% (阈值: 50%)
[2026-02-21 12:51:48] ✅ 上下文使用率正常
[2026-02-21 13:22:04] 估算上下文使用率: 1% (阈值: 50%)
[2026-02-21 13:22:04] ✅ 上下文使用率正常
[2026-02-21 13:51:48] 估算上下文使用率: 1% (阈值: 50%)
[2026-02-21 13:51:48] ✅ 上下文使用率正常
[2026-02-21 14:22:15] 估算上下文使用率: 1% (阈值: 50%)
[2026-02-21 14:22:15] ✅ 上下文使用率正常
[2026-02-21 14:51:50] 估算上下文使用率: 1% (阈值: 50%)
[2026-02-21 14:51:50] ✅ 上下文使用率正常
[2026-02-21 15:21:48] 估算上下文使用率: 1% (阈值: 50%)
[2026-02-21 15:21:48] ✅ 上下文使用率正常
[2026-02-21 15:51:49] 估算上下文使用率: 1% (阈值: 50%)
[2026-02-21 15:51:49] ✅ 上下文使用率正常
[2026-02-21 15:53:08] 估算上下文使用率: 1% (阈值: 50%)
[2026-02-21 15:53:08] ✅ 上下文使用率正常
[2026-02-21 16:31:21] 估算上下文使用率: 1% (阈值: 50%)
[2026-02-21 16:31:21] ✅ 上下文使用率正常
[2026-02-21 17:01:27] 估算上下文使用率: 1% (阈值: 50%)
[2026-02-21 17:01:27] ✅ 上下文使用率正常
[2026-02-21 17:31:21] 估算上下文使用率: 1% (阈值: 50%)
[2026-02-21 17:31:21] ✅ 上下文使用率正常
[2026-02-21 18:01:25] 估算上下文使用率: 1% (阈值: 50%)
[2026-02-21 18:01:25] ✅ 上下文使用率正常
[2026-02-21 18:31:21] 估算上下文使用率: 1% (阈值: 50%)
[2026-02-21 18:31:21] ✅ 上下文使用率正常
[2026-02-21 19:01:39] 估算上下文使用率: 1% (阈值: 50%)
[2026-02-21 19:01:39] ✅ 上下文使用率正常
[2026-02-21 20:01:58] 估算上下文使用率: 1% (阈值: 50%)
[2026-02-21 20:01:58] ✅ 上下文使用率正常
[2026-02-21 20:31:24] 估算上下文使用率: 1% (阈值: 50%)
[2026-02-21 20:31:24] ✅ 上下文使用率正常
[2026-02-21 21:01:42] 估算上下文使用率: 1% (阈值: 50%)
[2026-02-21 21:01:42] ✅ 上下文使用率正常
[2026-02-21 21:03:51] 估算上下文使用率: 1% (阈值: 50%)
[2026-02-21 21:03:51] ✅ 上下文使用率正常
[2026-02-21 21:55:17] 估算上下文使用率: 1% (阈值: 50%)
[2026-02-21 21:55:17] ✅ 上下文使用率正常
[2026-02-21 22:24:44] 估算上下文使用率: 1% (阈值: 50%)
[2026-02-21 22:24:44] ✅ 上下文使用率正常
[2026-02-21 23:06:04] 估算上下文使用率: 1% (阈值: 50%)
[2026-02-21 23:06:04] ✅ 上下文使用率正常
[2026-02-21 23:09:59] 估算上下文使用率: 1% (阈值: 50%)
[2026-02-21 23:09:59] ✅ 上下文使用率正常
[2026-02-22 00:02:22] 估算上下文使用率: 1% (阈值: 50%)
[2026-02-22 00:02:22] ✅ 上下文使用率正常
[2026-02-22 00:32:20] 估算上下文使用率: 1% (阈值: 50%)
[2026-02-22 00:32:20] ✅ 上下文使用率正常
[2026-02-22 01:32:12] 估算上下文使用率: 1% (阈值: 50%)
[2026-02-22 01:32:12] ✅ 上下文使用率正常
[2026-02-22 02:00:56] 估算上下文使用率: 1% (阈值: 50%)
[2026-02-22 02:00:56] ✅ 上下文使用率正常
[2026-02-22 02:30:58] 估算上下文使用率: 1% (阈值: 50%)
[2026-02-22 02:30:58] ✅ 上下文使用率正常
[2026-02-22 03:00:46] 估算上下文使用率: 1% (阈值: 50%)
[2026-02-22 03:00:46] ✅ 上下文使用率正常
[2026-02-22 03:30:45] 估算上下文使用率: 1% (阈值: 50%)
[2026-02-22 03:30:45] ✅ 上下文使用率正常
[2026-02-22 04:02:38] 估算上下文使用率: 1% (阈值: 50%)
[2026-02-22 04:02:38] ✅ 上下文使用率正常
[2026-02-22 04:32:22] 估算上下文使用率: 1% (阈值: 50%)
[2026-02-22 04:32:22] ✅ 上下文使用率正常
[2026-02-22 05:02:31] 估算上下文使用率: 1% (阈值: 50%)
[2026-02-22 05:02:31] ✅ 上下文使用率正常
[2026-02-22 06:32:26] 估算上下文使用率: 1% (阈值: 50%)
[2026-02-22 06:32:26] ✅ 上下文使用率正常
[2026-02-22 07:02:22] 估算上下文使用率: 1% (阈值: 50%)
[2026-02-22 07:02:22] ✅ 上下文使用率正常
[2026-02-22 07:32:44] 估算上下文使用率: 1% (阈值: 50%)
[2026-02-22 07:32:44] ✅ 上下文使用率正常
[2026-02-22 08:04:00] 估算上下文使用率: 1% (阈值: 50%)
[2026-02-22 08:04:00] ✅ 上下文使用率正常
[2026-02-22 09:00:19] 估算上下文使用率: 1% (阈值: 50%)
[2026-02-22 09:00:19] ✅ 上下文使用率正常
[2026-02-22 09:02:01] 估算上下文使用率: 1% (阈值: 50%)
[2026-02-22 09:02:01] ✅ 上下文使用率正常
[2026-02-22 09:31:26] 估算上下文使用率: 1% (阈值: 50%)
[2026-02-22 09:31:26] ✅ 上下文使用率正常
[2026-02-22 10:00:21] 估算上下文使用率: 1% (阈值: 50%)
[2026-02-22 10:00:21] ✅ 上下文使用率正常
[2026-02-22 10:30:45] 估算上下文使用率: 1% (阈值: 50%)
[2026-02-22 10:30:45] ✅ 上下文使用率正常
[2026-02-22 10:39:06] 估算上下文使用率: 1% (阈值: 50%)
[2026-02-22 10:39:06] ✅ 上下文使用率正常
[2026-02-22 10:41:31] 估算上下文使用率: 1% (阈值: 50%)
[2026-02-22 10:41:31] ✅ 上下文使用率正常
[2026-02-22 11:18:22] 估算上下文使用率: 1% (阈值: 50%)
[2026-02-22 11:18:22] ✅ 上下文使用率正常
[2026-02-22 11:54:17] 估算上下文使用率: 1% (阈值: 50%)
[2026-02-22 11:54:17] ✅ 上下文使用率正常
[2026-02-22 12:24:58] 估算上下文使用率: 1% (阈值: 50%)
[2026-02-22 12:24:58] ✅ 上下文使用率正常
[2026-02-22 12:36:55] 估算上下文使用率: 1% (阈值: 50%)
[2026-02-22 12:36:55] ✅ 上下文使用率正常
[2026-02-22 12:42:06] 估算上下文使用率: 1% (阈值: 50%)
[2026-02-22 12:42:06] ✅ 上下文使用率正常
[2026-02-22 12:57:24] 估算上下文使用率: 1% (阈值: 50%)
[2026-02-22 12:57:24] ✅ 上下文使用率正常
[2026-02-22 13:27:24] 估算上下文使用率: 1% (阈值: 50%)
[2026-02-22 13:27:24] ✅ 上下文使用率正常
[2026-02-22 13:57:37] 估算上下文使用率: 1% (阈值: 50%)
[2026-02-22 13:57:37] ✅ 上下文使用率正常
[2026-02-22 14:39:21] 估算上下文使用率: 1% (阈值: 50%)
[2026-02-22 14:39:21] ✅ 上下文使用率正常
[2026-02-22 15:08:20] 估算上下文使用率: 1% (阈值: 50%)
[2026-02-22 15:08:20] ✅ 上下文使用率正常
[2026-02-22 15:38:22] 估算上下文使用率: 1% (阈值: 50%)
[2026-02-22 15:38:22] ✅ 上下文使用率正常
[2026-02-22 16:00:39] 估算上下文使用率: 1% (阈值: 50%)
[2026-02-22 16:00:39] ✅ 上下文使用率正常
[2026-02-22 16:03:55] 估算上下文使用率: 1% (阈值: 50%)
[2026-02-22 16:03:55] ✅ 上下文使用率正常
[2026-02-22 16:31:38] 估算上下文使用率: 1% (阈值: 50%)
[2026-02-22 16:31:38] ✅ 上下文使用率正常
[2026-02-22 17:01:30] 估算上下文使用率: 1% (阈值: 50%)
[2026-02-22 17:01:30] ✅ 上下文使用率正常
[2026-02-22 17:31:33] 估算上下文使用率: 1% (阈值: 50%)
[2026-02-22 17:31:33] ✅ 上下文使用率正常
[2026-02-22 18:02:02] 估算上下文使用率: 1% (阈值: 50%)
[2026-02-22 18:02:02] ✅ 上下文使用率正常
[2026-02-22 18:31:27] 估算上下文使用率: 1% (阈值: 50%)
[2026-02-22 18:31:27] ✅ 上下文使用率正常
[2026-02-22 19:01:29] 估算上下文使用率: 1% (阈值: 50%)
[2026-02-22 19:01:29] ✅ 上下文使用率正常
[2026-02-22 19:31:47] 估算上下文使用率: 1% (阈值: 50%)
[2026-02-22 19:31:47] ✅ 上下文使用率正常
[2026-02-22 20:01:33] 估算上下文使用率: 1% (阈值: 50%)
[2026-02-22 20:01:33] ✅ 上下文使用率正常
[2026-02-22 20:32:05] 估算上下文使用率: 1% (阈值: 50%)
[2026-02-22 20:32:05] ✅ 上下文使用率正常
[2026-02-22 21:01:52] 估算上下文使用率: 1% (阈值: 50%)
[2026-02-22 21:01:52] ✅ 上下文使用率正常
[2026-02-22 21:31:33] 估算上下文使用率: 1% (阈值: 50%)
[2026-02-22 21:31:33] ✅ 上下文使用率正常
[2026-02-22 22:00:38] 估算上下文使用率: 1% (阈值: 50%)
[2026-02-22 22:00:38] ✅ 上下文使用率正常
[2026-02-22 22:25:20] 估算上下文使用率: 1% (阈值: 50%)
[2026-02-22 22:25:20] ✅ 上下文使用率正常
[2026-02-22 22:53:52] 估算上下文使用率: 1% (阈值: 50%)
[2026-02-22 22:53:52] ✅ 上下文使用率正常
[2026-02-22 23:17:52] 估算上下文使用率: 1% (阈值: 50%)
[2026-02-22 23:17:52] ✅ 上下文使用率正常
[2026-02-22 23:35:11] 估算上下文使用率: 1% (阈值: 50%)
[2026-02-22 23:35:11] ✅ 上下文使用率正常
[2026-02-23 00:05:15] 估算上下文使用率: 1% (阈值: 50%)
[2026-02-23 00:05:15] ✅ 上下文使用率正常
[2026-02-23 00:34:51] 估算上下文使用率: 1% (阈值: 50%)
[2026-02-23 00:34:51] ✅ 上下文使用率正常
[2026-02-23 01:05:09] 估算上下文使用率: 1% (阈值: 50%)
[2026-02-23 01:05:09] ✅ 上下文使用率正常
[2026-02-23 01:34:59] 估算上下文使用率: 1% (阈值: 50%)
[2026-02-23 01:34:59] ✅ 上下文使用率正常
[2026-02-23 02:00:33] 估算上下文使用率: 1% (阈值: 50%)
[2026-02-23 02:00:33] ✅ 上下文使用率正常
[2026-02-23 02:32:36] 估算上下文使用率: 1% (阈值: 50%)
[2026-02-23 02:32:36] ✅ 上下文使用率正常
[2026-02-23 03:02:24] 估算上下文使用率: 1% (阈值: 50%)
[2026-02-23 03:02:24] ✅ 上下文使用率正常
[2026-02-23 03:31:51] 估算上下文使用率: 1% (阈值: 50%)
[2026-02-23 03:31:51] ✅ 上下文使用率正常
[2026-02-23 05:33:06] 估算上下文使用率: 1% (阈值: 50%)
[2026-02-23 05:33:06] ✅ 上下文使用率正常
[2026-02-23 06:32:58] 估算上下文使用率: 1% (阈值: 50%)
[2026-02-23 06:32:58] ✅ 上下文使用率正常
[2026-02-23 07:02:55] 估算上下文使用率: 1% (阈值: 50%)
[2026-02-23 07:02:55] ✅ 上下文使用率正常
[2026-02-23 07:33:00] 估算上下文使用率: 1% (阈值: 50%)
[2026-02-23 07:33:00] ✅ 上下文使用率正常
[2026-02-23 08:03:09] 估算上下文使用率: 1% (阈值: 50%)
[2026-02-23 08:03:09] ✅ 上下文使用率正常
[2026-02-23 08:33:03] 估算上下文使用率: 1% (阈值: 50%)
[2026-02-23 08:33:03] ✅ 上下文使用率正常
[2026-02-23 09:32:47] 估算上下文使用率: 1% (阈值: 50%)
[2026-02-23 09:32:47] ✅ 上下文使用率正常
[2026-02-23 09:49:04] 估算上下文使用率: 1% (阈值: 50%)
[2026-02-23 09:49:04] ✅ 上下文使用率正常
[2026-02-23 09:49:34] 估算上下文使用率: 1% (阈值: 50%)
[2026-02-23 09:49:34] ✅ 上下文使用率正常
[2026-02-23 10:31:08] 估算上下文使用率: 1% (阈值: 50%)
[2026-02-23 10:31:08] ✅ 上下文使用率正常
[2026-02-23 11:01:07] 估算上下文使用率: 1% (阈值: 50%)
[2026-02-23 11:01:08] ✅ 上下文使用率正常
[2026-02-23 11:33:38] 估算上下文使用率: 1% (阈值: 50%)
[2026-02-23 11:33:38] ✅ 上下文使用率正常
[2026-02-23 12:36:53] 估算上下文使用率: 1% (阈值: 50%)
[2026-02-23 12:36:53] ✅ 上下文使用率正常
[2026-02-23 13:06:44] 估算上下文使用率: 1% (阈值: 50%)
[2026-02-23 13:06:44] ✅ 上下文使用率正常
[2026-02-23 13:36:31] 估算上下文使用率: 1% (阈值: 50%)
[2026-02-23 13:36:31] ✅ 上下文使用率正常
[2026-02-23 14:06:39] 估算上下文使用率: 1% (阈值: 50%)
[2026-02-23 14:06:39] ✅ 上下文使用率正常
[2026-02-23 14:36:54] 估算上下文使用率: 1% (阈值: 50%)
[2026-02-23 14:36:54] ✅ 上下文使用率正常
[2026-02-23 15:07:25] 估算上下文使用率: 1% (阈值: 50%)
[2026-02-23 15:07:25] ✅ 上下文使用率正常
[2026-02-23 15:36:41] 估算上下文使用率: 1% (阈值: 50%)
[2026-02-23 15:36:41] ✅ 上下文使用率正常
[2026-02-23 16:02:05] 估算上下文使用率: 1% (阈值: 50%)
[2026-02-23 16:02:05] ✅ 上下文使用率正常
[2026-02-23 16:03:37] 估算上下文使用率: 1% (阈值: 50%)
[2026-02-23 16:03:37] ✅ 上下文使用率正常
[2026-02-23 16:35:22] 估算上下文使用率: 1% (阈值: 50%)
[2026-02-23 16:35:22] ✅ 上下文使用率正常
[2026-02-23 17:05:15] 估算上下文使用率: 1% (阈值: 50%)
[2026-02-23 17:05:15] ✅ 上下文使用率正常
[2026-02-23 17:35:44] 估算上下文使用率: 1% (阈值: 50%)
[2026-02-23 17:35:44] ✅ 上下文使用率正常
[2026-02-23 18:05:12] 估算上下文使用率: 1% (阈值: 50%)
[2026-02-23 18:05:12] ✅ 上下文使用率正常
[2026-02-23 18:05:22] 估算上下文使用率: 1% (阈值: 50%)
[2026-02-23 18:05:22] ✅ 上下文使用率正常
[2026-02-23 18:35:21] 估算上下文使用率: 1% (阈值: 50%)
[2026-02-23 18:35:21] ✅ 上下文使用率正常
[2026-02-23 19:05:43] 估算上下文使用率: 1% (阈值: 50%)
[2026-02-23 19:05:43] ✅ 上下文使用率正常
[2026-02-23 19:35:17] 估算上下文使用率: 1% (阈值: 50%)
[2026-02-23 19:35:17] ✅ 上下文使用率正常
[2026-02-23 20:05:29] 估算上下文使用率: 1% (阈值: 50%)
[2026-02-23 20:05:29] ✅ 上下文使用率正常
[2026-02-23 20:35:44] 估算上下文使用率: 1% (阈值: 50%)
[2026-02-23 20:35:44] ✅ 上下文使用率正常
[2026-02-23 21:35:19] 估算上下文使用率: 1% (阈值: 50%)
[2026-02-23 21:35:19] ✅ 上下文使用率正常
[2026-02-23 22:00:40] 估算上下文使用率: 1% (阈值: 50%)
[2026-02-23 22:00:40] ✅ 上下文使用率正常
[2026-02-23 22:44:34] 估算上下文使用率: 1% (阈值: 50%)
[2026-02-23 22:44:34] ✅ 上下文使用率正常
[2026-02-23 22:45:02] 估算上下文使用率: 1% (阈值: 50%)
[2026-02-23 22:45:02] ✅ 上下文使用率正常
[2026-02-23 23:05:29] 估算上下文使用率: 1% (阈值: 50%)
[2026-02-23 23:05:29] ✅ 上下文使用率正常
[2026-02-24 00:03:00] 估算上下文使用率: 1% (阈值: 50%)
[2026-02-24 00:03:00] ✅ 上下文使用率正常
[2026-02-24 00:32:45] 估算上下文使用率: 1% (阈值: 50%)
[2026-02-24 00:32:45] ✅ 上下文使用率正常
[2026-02-24 01:02:49] 估算上下文使用率: 1% (阈值: 50%)
[2026-02-24 01:02:49] ✅ 上下文使用率正常
[2026-02-24 01:32:37] 估算上下文使用率: 1% (阈值: 50%)
[2026-02-24 01:32:37] ✅ 上下文使用率正常
[2026-02-24 02:31:01] 估算上下文使用率: 1% (阈值: 50%)
[2026-02-24 02:31:01] ✅ 上下文使用率正常
[2026-02-24 03:01:11] 估算上下文使用率: 1% (阈值: 50%)
[2026-02-24 03:01:11] ✅ 上下文使用率正常
[2026-02-24 03:30:51] 估算上下文使用率: 1% (阈值: 50%)
[2026-02-24 03:30:51] ✅ 上下文使用率正常
[2026-02-24 04:32:44] 估算上下文使用率: 1% (阈值: 50%)
[2026-02-24 04:32:44] ✅ 上下文使用率正常
[2026-02-24 05:00:50] 估算上下文使用率: 1% (阈值: 50%)
[2026-02-24 05:00:50] ✅ 上下文使用率正常
[2026-02-24 05:30:17] 估算上下文使用率: 1% (阈值: 50%)
[2026-02-24 05:30:17] ✅ 上下文使用率正常
[2026-02-24 06:00:17] 估算上下文使用率: 1% (阈值: 50%)
[2026-02-24 06:00:17] ✅ 上下文使用率正常
[2026-02-24 06:30:28] 估算上下文使用率: 1% (阈值: 50%)
[2026-02-24 06:30:28] ✅ 上下文使用率正常
[2026-02-24 07:00:06] 估算上下文使用率: 1% (阈值: 50%)
[2026-02-24 07:00:06] ✅ 上下文使用率正常
[2026-02-24 07:30:22] 估算上下文使用率: 1% (阈值: 50%)
[2026-02-24 07:30:22] ✅ 上下文使用率正常
[2026-02-24 08:00:18] 估算上下文使用率: 1% (阈值: 50%)
[2026-02-24 08:00:18] ✅ 上下文使用率正常
[2026-02-24 08:30:15] 估算上下文使用率: 1% (阈值: 50%)
[2026-02-24 08:30:15] ✅ 上下文使用率正常
[2026-02-24 09:01:37] 估算上下文使用率: 1% (阈值: 50%)
[2026-02-24 09:01:37] ✅ 上下文使用率正常
[2026-02-24 09:31:06] 估算上下文使用率: 1% (阈值: 50%)
[2026-02-24 09:31:06] ✅ 上下文使用率正常
[2026-02-24 10:30:55] 估算上下文使用率: 1% (阈值: 50%)
[2026-02-24 10:30:55] ✅ 上下文使用率正常
[2026-02-24 11:00:24] 估算上下文使用率: 1% (阈值: 50%)
[2026-02-24 11:00:24] ✅ 上下文使用率正常
[2026-02-24 11:30:26] 估算上下文使用率: 1% (阈值: 50%)
[2026-02-24 11:30:26] ✅ 上下文使用率正常
[2026-02-24 12:00:25] 估算上下文使用率: 1% (阈值: 50%)
[2026-02-24 12:00:25] ✅ 上下文使用率正常
[2026-02-24 12:30:35] 估算上下文使用率: 1% (阈值: 50%)
[2026-02-24 12:30:35] ✅ 上下文使用率正常
[2026-02-24 13:08:44] 估算上下文使用率: 1% (阈值: 50%)
[2026-02-24 13:08:44] ✅ 上下文使用率正常
[2026-02-24 13:16:39] 估算上下文使用率: 1% (阈值: 50%)
[2026-02-24 13:16:39] ✅ 上下文使用率正常
[2026-02-24 13:46:38] 估算上下文使用率: 1% (阈值: 50%)
[2026-02-24 13:46:38] ✅ 上下文使用率正常
[2026-02-24 14:46:44] 估算上下文使用率: 1% (阈值: 50%)
[2026-02-24 14:46:44] ✅ 上下文使用率正常
[2026-02-24 15:16:36] 估算上下文使用率: 1% (阈值: 50%)
[2026-02-24 15:16:36] ✅ 上下文使用率正常
[2026-02-24 15:46:35] 估算上下文使用率: 1% (阈值: 50%)
[2026-02-24 15:46:35] ✅ 上下文使用率正常
[2026-02-24 16:30:52] 估算上下文使用率: 1% (阈值: 50%)
[2026-02-24 16:30:52] ✅ 上下文使用率正常
[2026-02-24 17:00:35] 估算上下文使用率: 1% (阈值: 50%)
[2026-02-24 17:00:35] ✅ 上下文使用率正常
[2026-02-24 17:31:05] 估算上下文使用率: 1% (阈值: 50%)
[2026-02-24 17:31:05] ✅ 上下文使用率正常
[2026-02-24 18:00:40] 估算上下文使用率: 1% (阈值: 50%)
[2026-02-24 18:00:40] ✅ 上下文使用率正常
[2026-02-24 18:30:33] 估算上下文使用率: 1% (阈值: 50%)
[2026-02-24 18:30:34] ✅ 上下文使用率正常
[2026-02-24 19:00:45] 估算上下文使用率: 1% (阈值: 50%)
[2026-02-24 19:00:45] ✅ 上下文使用率正常
[2026-02-24 19:30:37] 估算上下文使用率: 1% (阈值: 50%)
[2026-02-24 19:30:37] ✅ 上下文使用率正常
[2026-02-24 20:00:37] 估算上下文使用率: 1% (阈值: 50%)
[2026-02-24 20:00:37] ✅ 上下文使用率正常
[2026-02-24 20:30:36] 估算上下文使用率: 1% (阈值: 50%)
[2026-02-24 20:30:36] ✅ 上下文使用率正常
[2026-02-24 21:01:09] 估算上下文使用率: 1% (阈值: 50%)
[2026-02-24 21:01:09] ✅ 上下文使用率正常
[2026-02-24 21:30:39] 估算上下文使用率: 1% (阈值: 50%)
[2026-02-24 21:30:39] ✅ 上下文使用率正常
[2026-02-24 22:31:04] 估算上下文使用率: 1% (阈值: 50%)
[2026-02-24 22:31:04] ✅ 上下文使用率正常
[2026-02-24 23:00:28] 估算上下文使用率: 1% (阈值: 50%)
[2026-02-24 23:00:28] ✅ 上下文使用率正常
[2026-02-25 00:01:12] 估算上下文使用率: 1% (阈值: 50%)
[2026-02-25 00:01:12] ✅ 上下文使用率正常
[2026-02-25 00:31:29] 估算上下文使用率: 1% (阈值: 50%)
[2026-02-25 00:31:29] ✅ 上下文使用率正常
[2026-02-25 01:00:39] 估算上下文使用率: 1% (阈值: 50%)
[2026-02-25 01:00:39] ✅ 上下文使用率正常
[2026-02-25 01:30:28] 估算上下文使用率: 1% (阈值: 50%)
[2026-02-25 01:30:28] ✅ 上下文使用率正常
[2026-02-25 02:30:25] 估算上下文使用率: 1% (阈值: 50%)
[2026-02-25 02:30:25] ✅ 上下文使用率正常
[2026-02-25 03:00:31] 估算上下文使用率: 1% (阈值: 50%)
[2026-02-25 03:00:31] ✅ 上下文使用率正常
[2026-02-25 03:30:38] 估算上下文使用率: 1% (阈值: 50%)
[2026-02-25 03:30:38] ✅ 上下文使用率正常
[2026-02-25 04:30:35] 估算上下文使用率: 1% (阈值: 50%)
[2026-02-25 04:30:35] ✅ 上下文使用率正常
[2026-02-25 05:01:07] 估算上下文使用率: 1% (阈值: 50%)
[2026-02-25 05:01:07] ✅ 上下文使用率正常
[2026-02-25 05:35:14] 估算上下文使用率: 1% (阈值: 50%)
[2026-02-25 05:35:14] ✅ 上下文使用率正常
[2026-02-25 06:00:34] 估算上下文使用率: 1% (阈值: 50%)
[2026-02-25 06:00:34] ✅ 上下文使用率正常
[2026-02-25 06:30:35] 估算上下文使用率: 1% (阈值: 50%)
[2026-02-25 06:30:35] ✅ 上下文使用率正常
[2026-02-25 07:01:03] 估算上下文使用率: 1% (阈值: 50%)
[2026-02-25 07:01:03] ✅ 上下文使用率正常
[2026-02-25 07:30:36] 估算上下文使用率: 1% (阈值: 50%)
[2026-02-25 07:30:36] ✅ 上下文使用率正常
[2026-02-25 08:00:39] 估算上下文使用率: 1% (阈值: 50%)
[2026-02-25 08:00:39] ✅ 上下文使用率正常
[2026-02-25 08:31:09] 估算上下文使用率: 1% (阈值: 50%)
[2026-02-25 08:31:09] ✅ 上下文使用率正常
[2026-02-25 09:00:51] 估算上下文使用率: 1% (阈值: 50%)
[2026-02-25 09:00:51] ✅ 上下文使用率正常
[2026-02-25 09:30:46] 估算上下文使用率: 1% (阈值: 50%)
[2026-02-25 09:30:46] ✅ 上下文使用率正常
[2026-02-25 10:30:11] 估算上下文使用率: 1% (阈值: 50%)
[2026-02-25 10:30:11] ✅ 上下文使用率正常
[2026-02-25 11:00:18] 估算上下文使用率: 1% (阈值: 50%)
[2026-02-25 11:00:18] ✅ 上下文使用率正常
[2026-02-25 11:30:11] 估算上下文使用率: 1% (阈值: 50%)
[2026-02-25 11:30:11] ✅ 上下文使用率正常
[2026-02-25 12:00:17] 估算上下文使用率: 1% (阈值: 50%)
[2026-02-25 12:00:17] ✅ 上下文使用率正常
[2026-02-25 12:30:16] 估算上下文使用率: 1% (阈值: 50%)
[2026-02-25 12:30:16] ✅ 上下文使用率正常
[2026-02-25 13:00:16] 估算上下文使用率: 1% (阈值: 50%)
[2026-02-25 13:00:16] ✅ 上下文使用率正常
[2026-02-25 15:16:25] 估算上下文使用率: 1% (阈值: 50%)
[2026-02-25 15:16:25] ✅ 上下文使用率正常
[2026-02-25 15:46:27] 估算上下文使用率: 1% (阈值: 50%)
[2026-02-25 15:46:27] ✅ 上下文使用率正常
[2026-02-25 16:30:33] 估算上下文使用率: 1% (阈值: 50%)
[2026-02-25 16:30:33] ✅ 上下文使用率正常
[2026-02-25 17:00:20] 估算上下文使用率: 1% (阈值: 50%)
[2026-02-25 17:00:20] ✅ 上下文使用率正常
[2026-02-25 17:30:32] 估算上下文使用率: 1% (阈值: 50%)
[2026-02-25 17:30:33] ✅ 上下文使用率正常
[2026-02-25 18:00:19] 估算上下文使用率: 1% (阈值: 50%)
[2026-02-25 18:00:19] ✅ 上下文使用率正常
[2026-02-25 18:30:09] 估算上下文使用率: 1% (阈值: 50%)
[2026-02-25 18:30:09] ✅ 上下文使用率正常
[2026-02-25 19:00:53] 估算上下文使用率: 1% (阈值: 50%)
[2026-02-25 19:00:53] ✅ 上下文使用率正常
[2026-02-25 19:30:43] 估算上下文使用率: 1% (阈值: 50%)
[2026-02-25 19:30:43] ✅ 上下文使用率正常
[2026-02-25 20:01:11] 估算上下文使用率: 1% (阈值: 50%)
[2026-02-25 20:01:11] ✅ 上下文使用率正常
[2026-02-25 20:31:28] 估算上下文使用率: 1% (阈值: 50%)
[2026-02-25 20:31:28] ✅ 上下文使用率正常
[2026-02-25 21:01:54] 估算上下文使用率: 1% (阈值: 50%)
[2026-02-25 21:01:54] ✅ 上下文使用率正常
[2026-02-25 21:32:10] 估算上下文使用率: 1% (阈值: 50%)
[2026-02-25 21:32:10] ✅ 上下文使用率正常
[2026-02-25 23:00:56] 估算上下文使用率: 1% (阈值: 50%)
[2026-02-25 23:00:56] ✅ 上下文使用率正常
[2026-02-26 00:00:31] 估算上下文使用率: 1% (阈值: 50%)
[2026-02-26 00:00:31] ✅ 上下文使用率正常
[2026-02-26 00:30:46] 估算上下文使用率: 1% (阈值: 50%)
[2026-02-26 00:30:46] ✅ 上下文使用率正常
[2026-02-26 01:00:19] 估算上下文使用率: 1% (阈值: 50%)
[2026-02-26 01:00:19] ✅ 上下文使用率正常
[2026-02-26 01:30:07] 估算上下文使用率: 1% (阈值: 50%)
[2026-02-26 01:30:07] ✅ 上下文使用率正常
[2026-02-26 02:00:46] 估算上下文使用率: 1% (阈值: 50%)
[2026-02-26 02:00:46] ✅ 上下文使用率正常
[2026-02-26 02:30:49] 估算上下文使用率: 1% (阈值: 50%)
[2026-02-26 02:30:49] ✅ 上下文使用率正常
[2026-02-26 03:00:40] 估算上下文使用率: 1% (阈值: 50%)
[2026-02-26 03:00:40] ✅ 上下文使用率正常
[2026-02-26 03:30:54] 估算上下文使用率: 1% (阈值: 50%)
[2026-02-26 03:30:54] ✅ 上下文使用率正常
[2026-02-26 04:02:22] 估算上下文使用率: 1% (阈值: 50%)
[2026-02-26 04:02:22] ✅ 上下文使用率正常
[2026-02-26 04:32:18] 估算上下文使用率: 1% (阈值: 50%)
[2026-02-26 04:32:18] ✅ 上下文使用率正常
[2026-02-26 05:32:19] 估算上下文使用率: 1% (阈值: 50%)
[2026-02-26 05:32:19] ✅ 上下文使用率正常
[2026-02-26 06:02:50] 估算上下文使用率: 1% (阈值: 50%)
[2026-02-26 06:02:50] ✅ 上下文使用率正常
[2026-02-26 06:32:19] 估算上下文使用率: 1% (阈值: 50%)
[2026-02-26 06:32:19] ✅ 上下文使用率正常
[2026-02-26 07:02:18] 估算上下文使用率: 1% (阈值: 50%)
[2026-02-26 07:02:18] ✅ 上下文使用率正常
[2026-02-26 07:32:12] 估算上下文使用率: 1% (阈值: 50%)
[2026-02-26 07:32:12] ✅ 上下文使用率正常
[2026-02-26 08:02:35] 估算上下文使用率: 1% (阈值: 50%)
[2026-02-26 08:02:35] ✅ 上下文使用率正常
[2026-02-26 08:32:19] 估算上下文使用率: 1% (阈值: 50%)
[2026-02-26 08:32:19] ✅ 上下文使用率正常
[2026-02-26 09:06:25] 估算上下文使用率: 1% (阈值: 50%)
[2026-02-26 09:06:25] ✅ 上下文使用率正常
[2026-02-26 09:39:05] 估算上下文使用率: 1% (阈值: 50%)
[2026-02-26 09:39:05] ✅ 上下文使用率正常
[2026-02-26 10:15:21] 估算上下文使用率: 1% (阈值: 50%)
[2026-02-26 10:15:21] ✅ 上下文使用率正常
[2026-02-26 10:45:08] 估算上下文使用率: 1% (阈值: 50%)
[2026-02-26 10:45:08] ✅ 上下文使用率正常
[2026-02-26 11:15:12] 估算上下文使用率: 1% (阈值: 50%)
[2026-02-26 11:15:12] ✅ 上下文使用率正常
[2026-02-26 11:45:13] 估算上下文使用率: 1% (阈值: 50%)
[2026-02-26 11:45:13] ✅ 上下文使用率正常
[2026-02-26 12:15:09] 估算上下文使用率: 1% (阈值: 50%)
[2026-02-26 12:15:09] ✅ 上下文使用率正常
[2026-02-26 12:54:04] 估算上下文使用率: 1% (阈值: 50%)
[2026-02-26 12:54:04] ✅ 上下文使用率正常
[2026-02-26 13:24:08] 估算上下文使用率: 1% (阈值: 50%)
[2026-02-26 13:24:08] ✅ 上下文使用率正常
[2026-02-26 13:54:03] 估算上下文使用率: 1% (阈值: 50%)
[2026-02-26 13:54:03] ✅ 上下文使用率正常
[2026-02-26 14:23:48] 估算上下文使用率: 1% (阈值: 50%)
[2026-02-26 14:23:48] ✅ 上下文使用率正常
[2026-02-26 14:54:05] 估算上下文使用率: 1% (阈值: 50%)
[2026-02-26 14:54:05] ✅ 上下文使用率正常
[2026-02-26 15:24:19] 估算上下文使用率: 1% (阈值: 50%)
[2026-02-26 15:24:19] ✅ 上下文使用率正常
[2026-02-26 15:54:09] 估算上下文使用率: 1% (阈值: 50%)
[2026-02-26 15:54:09] ✅ 上下文使用率正常
[2026-02-26 16:30:30] 估算上下文使用率: 1% (阈值: 50%)
[2026-02-26 16:30:30] ✅ 上下文使用率正常
[2026-02-26 17:00:34] 估算上下文使用率: 1% (阈值: 50%)
[2026-02-26 17:00:34] ✅ 上下文使用率正常
[2026-02-26 17:30:21] 估算上下文使用率: 1% (阈值: 50%)
[2026-02-26 17:30:21] ✅ 上下文使用率正常
[2026-02-26 18:30:23] 估算上下文使用率: 1% (阈值: 50%)
[2026-02-26 18:30:23] ✅ 上下文使用率正常
[2026-02-26 18:32:33] 估算上下文使用率: 1% (阈值: 50%)
[2026-02-26 18:32:33] ✅ 上下文使用率正常
[2026-02-26 19:02:29] 估算上下文使用率: 1% (阈值: 50%)
[2026-02-26 19:02:29] ✅ 上下文使用率正常
[2026-02-26 19:32:32] 估算上下文使用率: 1% (阈值: 50%)
[2026-02-26 19:32:32] ✅ 上下文使用率正常
[2026-02-26 20:02:36] 估算上下文使用率: 1% (阈值: 50%)
[2026-02-26 20:02:36] ✅ 上下文使用率正常
[2026-02-26 20:32:32] 估算上下文使用率: 1% (阈值: 50%)
[2026-02-26 20:32:32] ✅ 上下文使用率正常
[2026-02-26 21:12:29] 估算上下文使用率: 1% (阈值: 50%)
[2026-02-26 21:12:29] ✅ 上下文使用率正常
[2026-02-26 21:32:55] 估算上下文使用率: 1% (阈值: 50%)
[2026-02-26 21:32:55] ✅ 上下文使用率正常
[2026-02-26 22:36:09] 估算上下文使用率: 1% (阈值: 50%)
[2026-02-26 22:36:09] ✅ 上下文使用率正常
[2026-02-26 23:00:55] 估算上下文使用率: 1% (阈值: 50%)
[2026-02-26 23:00:55] ✅ 上下文使用率正常
[2026-02-26 23:33:02] 估算上下文使用率: 1% (阈值: 50%)
[2026-02-26 23:33:02] ✅ 上下文使用率正常
[2026-02-27 00:00:24] 估算上下文使用率: 1% (阈值: 50%)
[2026-02-27 00:00:24] ✅ 上下文使用率正常
[2026-02-27 00:30:56] 估算上下文使用率: 1% (阈值: 50%)
[2026-02-27 00:30:56] ✅ 上下文使用率正常
[2026-02-27 01:00:13] 估算上下文使用率: 1% (阈值: 50%)
[2026-02-27 01:00:13] ✅ 上下文使用率正常
[2026-02-27 01:30:14] 估算上下文使用率: 1% (阈值: 50%)
[2026-02-27 01:30:14] ✅ 上下文使用率正常
[2026-02-27 02:00:51] 估算上下文使用率: 1% (阈值: 50%)
[2026-02-27 02:00:51] ✅ 上下文使用率正常
[2026-02-27 02:31:05] 估算上下文使用率: 1% (阈值: 50%)
[2026-02-27 02:31:05] ✅ 上下文使用率正常
[2026-02-27 03:01:05] 估算上下文使用率: 1% (阈值: 50%)
[2026-02-27 03:01:05] ✅ 上下文使用率正常
[2026-02-27 03:32:32] 估算上下文使用率: 1% (阈值: 50%)
[2026-02-27 03:32:32] ✅ 上下文使用率正常
[2026-02-27 03:32:32] 估算上下文使用率: 1% (阈值: 50%)
[2026-02-27 03:32:32] ✅ 上下文使用率正常
[2026-02-27 03:32:32] 估算上下文使用率: 1% (阈值: 50%)
[2026-02-27 03:32:32] ✅ 上下文使用率正常
[2026-02-27 03:32:32] 估算上下文使用率: 1% (阈值: 50%)
[2026-02-27 03:32:32] ✅ 上下文使用率正常
[2026-02-27 03:32:32] 估算上下文使用率: 1% (阈值: 50%)
[2026-02-27 03:32:32] ✅ 上下文使用率正常
[2026-02-27 03:32:32] 估算上下文使用率: 1% (阈值: 50%)
[2026-02-27 03:32:32] ✅ 上下文使用率正常
[2026-02-27 03:32:32] 估算上下文使用率: 1% (阈值: 50%)
[2026-02-27 03:32:32] ✅ 上下文使用率正常
[2026-02-27 03:32:32] 估算上下文使用率: 1% (阈值: 50%)
[2026-02-27 03:32:32] ✅ 上下文使用率正常
[2026-02-27 03:32:33] 估算上下文使用率: 1% (阈值: 50%)
[2026-02-27 03:32:33] ✅ 上下文使用率正常
[2026-02-27 03:32:33] 估算上下文使用率: 1% (阈值: 50%)
[2026-02-27 03:32:33] ✅ 上下文使用率正常
[2026-02-27 03:32:33] 估算上下文使用率: 1% (阈值: 50%)
[2026-02-27 03:32:33] ✅ 上下文使用率正常
[2026-02-27 03:32:33] 估算上下文使用率: 1% (阈值: 50%)
[2026-02-27 03:32:33] ✅ 上下文使用率正常
[2026-02-27 03:32:33] 估算上下文使用率: 1% (阈值: 50%)
[2026-02-27 03:32:33] ✅ 上下文使用率正常
[2026-02-27 03:32:33] 估算上下文使用率: 1% (阈值: 50%)
[2026-02-27 03:32:33] ✅ 上下文使用率正常
[2026-02-27 03:32:33] 估算上下文使用率: 1% (阈值: 50%)
[2026-02-27 03:32:33] ✅ 上下文使用率正常
[2026-02-27 03:32:33] 估算上下文使用率: 1% (阈值: 50%)
[2026-02-27 03:32:33] ✅ 上下文使用率正常
[2026-02-27 03:32:33] 估算上下文使用率: 1% (阈值: 50%)
[2026-02-27 03:32:33] ✅ 上下文使用率正常
[2026-02-27 03:32:33] 估算上下文使用率: 1% (阈值: 50%)
[2026-02-27 03:32:33] ✅ 上下文使用率正常
[2026-02-27 03:32:33] 估算上下文使用率: 1% (阈值: 50%)
[2026-02-27 03:32:33] ✅ 上下文使用率正常
[2026-02-27 03:32:33] 估算上下文使用率: 1% (阈值: 50%)
[2026-02-27 03:32:33] ✅ 上下文使用率正常
[2026-02-27 03:32:33] 估算上下文使用率: 1% (阈值: 50%)
[2026-02-27 03:32:33] ✅ 上下文使用率正常
[2026-02-27 04:02:05] 估算上下文使用率: 1% (阈值: 50%)
[2026-02-27 04:02:05] ✅ 上下文使用率正常
[2026-02-27 04:31:59] 估算上下文使用率: 1% (阈值: 50%)
[2026-02-27 04:31:59] ✅ 上下文使用率正常
[2026-02-27 05:02:00] 估算上下文使用率: 1% (阈值: 50%)
[2026-02-27 05:02:00] ✅ 上下文使用率正常
[2026-02-27 05:32:03] 估算上下文使用率: 1% (阈值: 50%)
[2026-02-27 05:32:03] ✅ 上下文使用率正常
[2026-02-27 06:01:59] 估算上下文使用率: 1% (阈值: 50%)
[2026-02-27 06:01:59] ✅ 上下文使用率正常
[2026-02-27 06:32:03] 估算上下文使用率: 1% (阈值: 50%)
[2026-02-27 06:32:03] ✅ 上下文使用率正常
[2026-02-27 07:01:59] 估算上下文使用率: 1% (阈值: 50%)
[2026-02-27 07:01:59] ✅ 上下文使用率正常
[2026-02-27 07:31:58] 估算上下文使用率: 1% (阈值: 50%)
[2026-02-27 07:31:58] ✅ 上下文使用率正常
[2026-02-27 08:02:07] 估算上下文使用率: 1% (阈值: 50%)
[2026-02-27 08:02:07] ✅ 上下文使用率正常
[2026-02-27 08:32:04] 估算上下文使用率: 1% (阈值: 50%)
[2026-02-27 08:32:04] ✅ 上下文使用率正常
[2026-02-27 09:05:49] 估算上下文使用率: 1% (阈值: 50%)
[2026-02-27 09:05:49] ✅ 上下文使用率正常
[2026-02-27 09:10:15] 估算上下文使用率: 1% (阈值: 50%)
[2026-02-27 09:10:15] ✅ 上下文使用率正常
[2026-02-27 09:10:15] 估算上下文使用率: 1% (阈值: 50%)
[2026-02-27 09:10:15] ✅ 上下文使用率正常
[2026-02-27 09:36:43] 估算上下文使用率: 1% (阈值: 50%)
[2026-02-27 09:36:43] ✅ 上下文使用率正常
[2026-02-27 10:30:47] 估算上下文使用率: 1% (阈值: 50%)
[2026-02-27 10:30:47] ✅ 上下文使用率正常
[2026-02-27 11:00:19] 估算上下文使用率: 1% (阈值: 50%)
[2026-02-27 11:00:19] ✅ 上下文使用率正常
[2026-02-27 11:30:09] 估算上下文使用率: 1% (阈值: 50%)
[2026-02-27 11:30:09] ✅ 上下文使用率正常
[2026-02-27 12:00:10] 估算上下文使用率: 1% (阈值: 50%)
[2026-02-27 12:00:10] ✅ 上下文使用率正常
[2026-02-27 12:30:09] 估算上下文使用率: 1% (阈值: 50%)
[2026-02-27 12:30:09] ✅ 上下文使用率正常
[2026-02-27 13:01:20] 估算上下文使用率: 1% (阈值: 50%)
[2026-02-27 13:01:20] ✅ 上下文使用率正常
[2026-02-27 13:31:00] 估算上下文使用率: 1% (阈值: 50%)
[2026-02-27 13:31:00] ✅ 上下文使用率正常
[2026-02-27 14:01:36] 估算上下文使用率: 1% (阈值: 50%)
[2026-02-27 14:01:36] ✅ 上下文使用率正常
[2026-02-27 14:31:27] 估算上下文使用率: 1% (阈值: 50%)
[2026-02-27 14:31:27] ✅ 上下文使用率正常
[2026-02-27 15:01:25] 估算上下文使用率: 1% (阈值: 50%)
[2026-02-27 15:01:25] ✅ 上下文使用率正常
[2026-02-27 15:03:04] 估算上下文使用率: 1% (阈值: 50%)
[2026-02-27 15:03:04] ✅ 上下文使用率正常
[2026-02-27 15:33:27] 估算上下文使用率: 1% (阈值: 50%)
[2026-02-27 15:33:27] ✅ 上下文使用率正常
[2026-02-27 16:30:37] 估算上下文使用率: 1% (阈值: 50%)
[2026-02-27 16:30:37] ✅ 上下文使用率正常
[2026-02-27 16:34:05] 估算上下文使用率: 1% (阈值: 50%)
[2026-02-27 16:34:05] ✅ 上下文使用率正常
[2026-02-27 16:36:43] 估算上下文使用率: 1% (阈值: 50%)
[2026-02-27 16:36:43] ✅ 上下文使用率正常
[2026-02-27 17:06:53] 估算上下文使用率: 1% (阈值: 50%)
[2026-02-27 17:06:53] ✅ 上下文使用率正常
[2026-02-27 17:38:44] 估算上下文使用率: 1% (阈值: 50%)
[2026-02-27 17:38:44] ✅ 上下文使用率正常
[2026-02-27 18:36:11] 估算上下文使用率: 1% (阈值: 50%)
[2026-02-27 18:36:11] ✅ 上下文使用率正常
[2026-02-27 19:08:24] 估算上下文使用率: 1% (阈值: 50%)
[2026-02-27 19:08:24] ✅ 上下文使用率正常
[2026-02-27 19:42:54] 估算上下文使用率: 1% (阈值: 50%)
[2026-02-27 19:42:54] ✅ 上下文使用率正常
[2026-02-27 20:07:23] 估算上下文使用率: 1% (阈值: 50%)
[2026-02-27 20:07:23] ✅ 上下文使用率正常
[2026-02-27 20:36:38] 估算上下文使用率: 1% (阈值: 50%)
[2026-02-27 20:36:38] ✅ 上下文使用率正常
[2026-02-27 21:06:46] 估算上下文使用率: 1% (阈值: 50%)
[2026-02-27 21:06:46] ✅ 上下文使用率正常
[2026-02-27 21:16:53] 估算上下文使用率: 1% (阈值: 50%)
[2026-02-27 21:16:53] ✅ 上下文使用率正常
[2026-02-27 21:44:58] 估算上下文使用率: 1% (阈值: 50%)
[2026-02-27 21:44:58] ✅ 上下文使用率正常
[2026-02-27 22:35:20] 估算上下文使用率: 1% (阈值: 50%)
[2026-02-27 22:35:20] ✅ 上下文使用率正常
[2026-02-27 23:03:07] 估算上下文使用率: 1% (阈值: 50%)
[2026-02-27 23:03:07] ✅ 上下文使用率正常
[2026-02-27 23:39:20] 估算上下文使用率: 1% (阈值: 50%)
[2026-02-27 23:39:20] ✅ 上下文使用率正常
[2026-02-28 00:08:48] 估算上下文使用率: 1% (阈值: 50%)
[2026-02-28 00:08:48] ✅ 上下文使用率正常
[2026-02-28 00:37:58] 估算上下文使用率: 1% (阈值: 50%)
[2026-02-28 00:37:58] ✅ 上下文使用率正常
[2026-02-28 01:07:50] 估算上下文使用率: 1% (阈值: 50%)
[2026-02-28 01:07:50] ✅ 上下文使用率正常
[2026-02-28 01:38:06] 估算上下文使用率: 1% (阈值: 50%)
[2026-02-28 01:38:06] ✅ 上下文使用率正常
[2026-02-28 02:04:43] 估算上下文使用率: 1% (阈值: 50%)
[2026-02-28 02:04:43] ✅ 上下文使用率正常
[2026-02-28 02:35:06] 估算上下文使用率: 1% (阈值: 50%)
[2026-02-28 02:35:06] ✅ 上下文使用率正常
[2026-02-28 03:04:53] 估算上下文使用率: 1% (阈值: 50%)
[2026-02-28 03:04:53] ✅ 上下文使用率正常
[2026-02-28 03:34:40] 估算上下文使用率: 1% (阈值: 50%)
[2026-02-28 03:34:40] ✅ 上下文使用率正常
[2026-02-28 04:02:40] 估算上下文使用率: 1% (阈值: 50%)
[2026-02-28 04:02:40] ✅ 上下文使用率正常
[2026-02-28 04:32:42] 估算上下文使用率: 1% (阈值: 50%)
[2026-02-28 04:32:42] ✅ 上下文使用率正常
[2026-02-28 05:02:42] 估算上下文使用率: 1% (阈值: 50%)
[2026-02-28 05:02:42] ✅ 上下文使用率正常
[2026-02-28 05:32:43] 估算上下文使用率: 1% (阈值: 50%)
[2026-02-28 05:32:43] ✅ 上下文使用率正常
[2026-02-28 06:02:42] 估算上下文使用率: 1% (阈值: 50%)
[2026-02-28 06:02:42] ✅ 上下文使用率正常
[2026-02-28 06:32:44] 估算上下文使用率: 1% (阈值: 50%)
[2026-02-28 06:32:44] ✅ 上下文使用率正常
[2026-02-28 07:02:43] 估算上下文使用率: 1% (阈值: 50%)
[2026-02-28 07:02:43] ✅ 上下文使用率正常
[2026-02-28 07:04:07] 估算上下文使用率: 1% (阈值: 50%)
[2026-02-28 07:04:07] ✅ 上下文使用率正常
[2026-02-28 07:34:08] 估算上下文使用率: 1% (阈值: 50%)
[2026-02-28 07:34:08] ✅ 上下文使用率正常
[2026-02-28 08:04:11] 估算上下文使用率: 1% (阈值: 50%)
[2026-02-28 08:04:11] ✅ 上下文使用率正常
[2026-02-28 08:34:40] 估算上下文使用率: 1% (阈值: 50%)
[2026-02-28 08:34:40] ✅ 上下文使用率正常
[2026-02-28 09:16:30] 估算上下文使用率: 1% (阈值: 50%)
[2026-02-28 09:16:30] ✅ 上下文使用率正常
[2026-02-28 09:46:52] 估算上下文使用率: 1% (阈值: 50%)
[2026-02-28 09:46:52] ✅ 上下文使用率正常
[2026-02-28 10:05:01] 估算上下文使用率: 1% (阈值: 50%)
[2026-02-28 10:05:01] ✅ 上下文使用率正常
[2026-02-28 10:23:15] 估算上下文使用率: 1% (阈值: 50%)
[2026-02-28 10:23:15] ✅ 上下文使用率正常
[2026-02-28 10:33:44] 估算上下文使用率: 1% (阈值: 50%)
[2026-02-28 10:33:44] ✅ 上下文使用率正常
[2026-02-28 11:04:43] 估算上下文使用率: 1% (阈值: 50%)
[2026-02-28 11:04:43] ✅ 上下文使用率正常
[2026-02-28 11:12:47] 估算上下文使用率: 1% (阈值: 50%)
[2026-02-28 11:12:47] ✅ 上下文使用率正常
[2026-02-28 11:43:23] 估算上下文使用率: 1% (阈值: 50%)
[2026-02-28 11:43:23] ✅ 上下文使用率正常
[2026-02-28 11:44:57] 估算上下文使用率: 1% (阈值: 50%)
[2026-02-28 11:44:57] ✅ 上下文使用率正常
[2026-02-28 12:16:19] 估算上下文使用率: 1% (阈值: 50%)
[2026-02-28 12:16:19] ✅ 上下文使用率正常
[2026-02-28 12:47:29] 估算上下文使用率: 1% (阈值: 50%)
[2026-02-28 12:47:29] ✅ 上下文使用率正常
[2026-02-28 13:16:44] 估算上下文使用率: 1% (阈值: 50%)
[2026-02-28 13:16:44] ✅ 上下文使用率正常
[2026-02-28 13:46:53] 估算上下文使用率: 1% (阈值: 50%)
[2026-02-28 13:46:53] ✅ 上下文使用率正常
[2026-02-28 14:08:16] 估算上下文使用率: 1% (阈值: 50%)
[2026-02-28 14:08:16] ✅ 上下文使用率正常
[2026-02-28 14:13:49] 估算上下文使用率: 1% (阈值: 50%)
[2026-02-28 14:13:49] ✅ 上下文使用率正常
[2026-02-28 15:15:33] 估算上下文使用率: 1% (阈值: 50%)
[2026-02-28 15:15:33] ✅ 上下文使用率正常
[2026-02-28 15:45:58] 估算上下文使用率: 1% (阈值: 50%)
[2026-02-28 15:45:58] ✅ 上下文使用率正常
[2026-02-28 15:48:51] 估算上下文使用率: 1% (阈值: 50%)
[2026-02-28 15:48:51] ✅ 上下文使用率正常
[2026-02-28 16:04:29] 估算上下文使用率: 1% (阈值: 50%)
[2026-02-28 16:04:29] ✅ 上下文使用率正常
[2026-02-28 16:16:53] 估算上下文使用率: 1% (阈值: 50%)
[2026-02-28 16:16:53] ✅ 上下文使用率正常
[2026-02-28 16:47:33] 估算上下文使用率: 1% (阈值: 50%)
[2026-02-28 16:47:33] ✅ 上下文使用率正常
[2026-02-28 17:15:59] 估算上下文使用率: 1% (阈值: 50%)
[2026-02-28 17:15:59] ✅ 上下文使用率正常
[2026-02-28 17:45:36] 估算上下文使用率: 1% (阈值: 50%)
[2026-02-28 17:45:36] ✅ 上下文使用率正常
[2026-02-28 18:12:15] 估算上下文使用率: 1% (阈值: 50%)
[2026-02-28 18:12:15] ✅ 上下文使用率正常
[2026-02-28 18:47:08] 估算上下文使用率: 1% (阈值: 50%)
[2026-02-28 18:47:08] ✅ 上下文使用率正常
[2026-02-28 19:11:51] 估算上下文使用率: 1% (阈值: 50%)
[2026-02-28 19:11:51] ✅ 上下文使用率正常
[2026-02-28 19:44:21] 估算上下文使用率: 1% (阈值: 50%)
[2026-02-28 19:44:21] ✅ 上下文使用率正常
[2026-02-28 20:13:30] 估算上下文使用率: 1% (阈值: 50%)
[2026-02-28 20:13:30] ✅ 上下文使用率正常
[2026-02-28 20:15:46] 估算上下文使用率: 1% (阈值: 50%)
[2026-02-28 20:15:46] ✅ 上下文使用率正常
[2026-02-28 20:48:41] 估算上下文使用率: 1% (阈值: 50%)
[2026-02-28 20:48:41] ✅ 上下文使用率正常
[2026-02-28 21:18:03] 估算上下文使用率: 1% (阈值: 50%)
[2026-02-28 21:18:03] ✅ 上下文使用率正常
[2026-02-28 21:49:25] 估算上下文使用率: 1% (阈值: 50%)
[2026-02-28 21:49:25] ✅ 上下文使用率正常
[2026-02-28 22:18:48] 估算上下文使用率: 1% (阈值: 50%)
[2026-02-28 22:18:48] ✅ 上下文使用率正常
[2026-02-28 22:48:57] 估算上下文使用率: 1% (阈值: 50%)
[2026-02-28 22:48:57] ✅ 上下文使用率正常
[2026-02-28 23:16:41] 估算上下文使用率: 1% (阈值: 50%)
[2026-02-28 23:16:41] ✅ 上下文使用率正常
[2026-03-01 00:10:11] 估算上下文使用率: 1% (阈值: 50%)
[2026-03-01 00:10:11] ✅ 上下文使用率正常
[2026-03-01 00:42:21] 估算上下文使用率: 1% (阈值: 50%)
[2026-03-01 00:42:21] ✅ 上下文使用率正常
[2026-03-01 01:07:52] 估算上下文使用率: 1% (阈值: 50%)
[2026-03-01 01:07:52] ✅ 上下文使用率正常
[2026-03-01 01:36:00] 估算上下文使用率: 1% (阈值: 50%)
[2026-03-01 01:36:00] ✅ 上下文使用率正常
[2026-03-01 02:05:14] 估算上下文使用率: 1% (阈值: 50%)
[2026-03-01 02:05:14] ✅ 上下文使用率正常
[2026-03-01 02:08:49] 估算上下文使用率: 1% (阈值: 50%)
[2026-03-01 02:08:49] ✅ 上下文使用率正常
[2026-03-01 03:06:38] 估算上下文使用率: 1% (阈值: 50%)
[2026-03-01 03:06:38] ✅ 上下文使用率正常
[2026-03-01 03:36:39] 估算上下文使用率: 1% (阈值: 50%)
[2026-03-01 03:36:39] ✅ 上下文使用率正常
[2026-03-01 04:03:05] 估算上下文使用率: 1% (阈值: 50%)
[2026-03-01 04:03:05] ✅ 上下文使用率正常
[2026-03-01 04:33:27] 估算上下文使用率: 1% (阈值: 50%)
[2026-03-01 04:33:27] ✅ 上下文使用率正常
[2026-03-01 05:03:13] 估算上下文使用率: 1% (阈值: 50%)
[2026-03-01 05:03:13] ✅ 上下文使用率正常
[2026-03-01 05:32:55] 估算上下文使用率: 1% (阈值: 50%)
[2026-03-01 05:32:55] ✅ 上下文使用率正常
[2026-03-01 06:02:56] 估算上下文使用率: 1% (阈值: 50%)
[2026-03-01 06:02:56] ✅ 上下文使用率正常
[2026-03-01 06:32:57] 估算上下文使用率: 1% (阈值: 50%)
[2026-03-01 06:32:57] ✅ 上下文使用率正常
[2026-03-01 07:02:57] 估算上下文使用率: 1% (阈值: 50%)
[2026-03-01 07:02:57] ✅ 上下文使用率正常
[2026-03-01 07:04:15] 估算上下文使用率: 1% (阈值: 50%)
[2026-03-01 07:04:15] ✅ 上下文使用率正常
[2026-03-01 07:34:19] 估算上下文使用率: 1% (阈值: 50%)
[2026-03-01 07:34:19] ✅ 上下文使用率正常
[2026-03-01 08:04:18] 估算上下文使用率: 1% (阈值: 50%)
[2026-03-01 08:04:18] ✅ 上下文使用率正常
[2026-03-01 08:05:26] 估算上下文使用率: 1% (阈值: 50%)
[2026-03-01 08:05:26] ✅ 上下文使用率正常
[2026-03-01 08:35:29] 估算上下文使用率: 1% (阈值: 50%)
[2026-03-01 08:35:29] ✅ 上下文使用率正常
[2026-03-01 09:13:38] 估算上下文使用率: 1% (阈值: 50%)
[2026-03-01 09:13:38] ✅ 上下文使用率正常
[2026-03-01 09:43:38] 估算上下文使用率: 1% (阈值: 50%)
[2026-03-01 09:43:38] ✅ 上下文使用率正常
[2026-03-01 09:51:09] 估算上下文使用率: 1% (阈值: 50%)
[2026-03-01 09:51:09] ✅ 上下文使用率正常
[2026-03-01 10:30:41] 估算上下文使用率: 1% (阈值: 50%)
[2026-03-01 10:30:41] ✅ 上下文使用率正常
[2026-03-01 11:00:43] 估算上下文使用率: 1% (阈值: 50%)
[2026-03-01 11:00:43] ✅ 上下文使用率正常
[2026-03-01 11:30:41] 估算上下文使用率: 1% (阈值: 50%)
[2026-03-01 11:30:41] ✅ 上下文使用率正常
[2026-03-01 12:00:47] 估算上下文使用率: 1% (阈值: 50%)
[2026-03-01 12:00:47] ✅ 上下文使用率正常
[2026-03-01 12:30:47] 估算上下文使用率: 1% (阈值: 50%)
[2026-03-01 12:30:47] ✅ 上下文使用率正常
[2026-03-01 13:01:49] 估算上下文使用率: 1% (阈值: 50%)
[2026-03-01 13:01:49] ✅ 上下文使用率正常
[2026-03-01 13:31:40] 估算上下文使用率: 1% (阈值: 50%)
[2026-03-01 13:31:40] ✅ 上下文使用率正常
[2026-03-01 15:13:44] 估算上下文使用率: 1% (阈值: 50%)
[2026-03-01 15:13:44] ✅ 上下文使用率正常
[2026-03-01 15:44:46] 估算上下文使用率: 1% (阈值: 50%)
[2026-03-01 15:44:46] ✅ 上下文使用率正常
[2026-03-01 16:00:20] 估算上下文使用率: 1% (阈值: 50%)
[2026-03-01 16:00:20] ✅ 上下文使用率正常
[2026-03-01 16:07:50] 估算上下文使用率: 1% (阈值: 50%)
[2026-03-01 16:07:50] ✅ 上下文使用率正常
[2026-03-01 16:38:49] 估算上下文使用率: 1% (阈值: 50%)
[2026-03-01 16:38:49] ✅ 上下文使用率正常
[2026-03-01 17:07:52] 估算上下文使用率: 1% (阈值: 50%)
[2026-03-01 17:07:52] ✅ 上下文使用率正常
[2026-03-01 17:37:14] 估算上下文使用率: 1% (阈值: 50%)
[2026-03-01 17:37:14] ✅ 上下文使用率正常
[2026-03-01 18:07:16] 估算上下文使用率: 1% (阈值: 50%)
[2026-03-01 18:07:16] ✅ 上下文使用率正常
[2026-03-01 18:15:56] 估算上下文使用率: 1% (阈值: 50%)
[2026-03-01 18:15:56] ✅ 上下文使用率正常
[2026-03-01 18:46:41] 估算上下文使用率: 1% (阈值: 50%)
[2026-03-01 18:46:41] ✅ 上下文使用率正常
[2026-03-01 19:16:39] 估算上下文使用率: 1% (阈值: 50%)
[2026-03-01 19:16:39] ✅ 上下文使用率正常
[2026-03-01 19:47:21] 估算上下文使用率: 1% (阈值: 50%)
[2026-03-01 19:47:21] ✅ 上下文使用率正常
[2026-03-01 20:17:06] 估算上下文使用率: 1% (阈值: 50%)
[2026-03-01 20:17:06] ✅ 上下文使用率正常
[2026-03-01 20:46:56] 估算上下文使用率: 1% (阈值: 50%)
[2026-03-01 20:46:56] ✅ 上下文使用率正常
[2026-03-01 21:18:22] 估算上下文使用率: 1% (阈值: 50%)
[2026-03-01 21:18:22] ✅ 上下文使用率正常
[2026-03-01 21:47:47] 估算上下文使用率: 1% (阈值: 50%)
[2026-03-01 21:47:47] ✅ 上下文使用率正常
[2026-03-01 22:37:27] 估算上下文使用率: 1% (阈值: 50%)
[2026-03-01 22:37:27] ✅ 上下文使用率正常
[2026-03-01 23:02:13] 估算上下文使用率: 1% (阈值: 50%)
[2026-03-01 23:02:13] ✅ 上下文使用率正常
[2026-03-02 00:00:30] 估算上下文使用率: 1% (阈值: 50%)
[2026-03-02 00:00:30] ✅ 上下文使用率正常
[2026-03-02 00:30:35] 估算上下文使用率: 1% (阈值: 50%)
[2026-03-02 00:30:35] ✅ 上下文使用率正常
[2026-03-02 01:30:13] 估算上下文使用率: 1% (阈值: 50%)
[2026-03-02 01:30:13] ✅ 上下文使用率正常
[2026-03-02 02:06:39] 估算上下文使用率: 1% (阈值: 50%)
[2026-03-02 02:06:39] ✅ 上下文使用率正常
[2026-03-02 02:36:05] 估算上下文使用率: 1% (阈值: 50%)
[2026-03-02 02:36:05] ✅ 上下文使用率正常
[2026-03-02 03:06:19] 估算上下文使用率: 1% (阈值: 50%)
[2026-03-02 03:06:19] ✅ 上下文使用率正常
[2026-03-02 03:36:04] 估算上下文使用率: 1% (阈值: 50%)
[2026-03-02 03:36:04] ✅ 上下文使用率正常
[2026-03-02 05:05:45] 估算上下文使用率: 1% (阈值: 50%)
[2026-03-02 05:05:45] ✅ 上下文使用率正常
[2026-03-02 05:32:09] 估算上下文使用率: 1% (阈值: 50%)
[2026-03-02 05:32:09] ✅ 上下文使用率正常
[2026-03-02 06:01:50] 估算上下文使用率: 1% (阈值: 50%)
[2026-03-02 06:01:50] ✅ 上下文使用率正常
[2026-03-02 06:31:50] 估算上下文使用率: 1% (阈值: 50%)
[2026-03-02 06:31:50] ✅ 上下文使用率正常
[2026-03-02 07:01:49] 估算上下文使用率: 1% (阈值: 50%)
[2026-03-02 07:01:49] ✅ 上下文使用率正常
[2026-03-02 07:07:09] 估算上下文使用率: 1% (阈值: 50%)
[2026-03-02 07:07:09] ✅ 上下文使用率正常
[2026-03-02 07:08:19] 估算上下文使用率: 1% (阈值: 50%)
[2026-03-02 07:08:19] ✅ 上下文使用率正常
[2026-03-02 07:38:15] 估算上下文使用率: 1% (阈值: 50%)
[2026-03-02 07:38:15] ✅ 上下文使用率正常
[2026-03-02 08:08:43] 估算上下文使用率: 1% (阈值: 50%)
[2026-03-02 08:08:43] ✅ 上下文使用率正常
[2026-03-02 08:38:16] 估算上下文使用率: 1% (阈值: 50%)
[2026-03-02 08:38:16] ✅ 上下文使用率正常
[2026-03-02 09:13:13] 估算上下文使用率: 1% (阈值: 50%)
[2026-03-02 09:13:13] ✅ 上下文使用率正常
[2026-03-02 09:23:03] 估算上下文使用率: 1% (阈值: 50%)
[2026-03-02 09:23:03] ✅ 上下文使用率正常
[2026-03-02 09:52:58] 估算上下文使用率: 1% (阈值: 50%)
[2026-03-02 09:52:58] ✅ 上下文使用率正常
[2026-03-02 10:30:08] 估算上下文使用率: 1% (阈值: 50%)
[2026-03-02 10:30:08] ✅ 上下文使用率正常
[2026-03-02 11:00:40] 估算上下文使用率: 1% (阈值: 50%)
[2026-03-02 11:00:40] ✅ 上下文使用率正常
[2026-03-02 11:30:20] 估算上下文使用率: 1% (阈值: 50%)
[2026-03-02 11:30:20] ✅ 上下文使用率正常
[2026-03-02 12:05:14] 估算上下文使用率: 1% (阈值: 50%)
[2026-03-02 12:05:14] ✅ 上下文使用率正常
[2026-03-02 12:31:39] 估算上下文使用率: 1% (阈值: 50%)
[2026-03-02 12:31:39] ✅ 上下文使用率正常
[2026-03-02 13:01:41] 估算上下文使用率: 1% (阈值: 50%)
[2026-03-02 13:01:41] ✅ 上下文使用率正常
[2026-03-02 13:31:45] 估算上下文使用率: 1% (阈值: 50%)
[2026-03-02 13:31:45] ✅ 上下文使用率正常
[2026-03-02 14:01:41] 估算上下文使用率: 1% (阈值: 50%)
[2026-03-02 14:01:41] ✅ 上下文使用率正常
[2026-03-02 14:31:42] 估算上下文使用率: 1% (阈值: 50%)
[2026-03-02 14:31:42] ✅ 上下文使用率正常
[2026-03-02 15:01:43] 估算上下文使用率: 1% (阈值: 50%)
[2026-03-02 15:01:43] ✅ 上下文使用率正常
[2026-03-02 15:31:51] 估算上下文使用率: 1% (阈值: 50%)
[2026-03-02 15:31:51] ✅ 上下文使用率正常
[2026-03-02 16:00:13] 估算上下文使用率: 1% (阈值: 50%)
[2026-03-02 16:00:13] ✅ 上下文使用率正常
[2026-03-02 16:30:14] 估算上下文使用率: 1% (阈值: 50%)
[2026-03-02 16:30:14] ✅ 上下文使用率正常
[2026-03-02 17:00:08] 估算上下文使用率: 1% (阈值: 50%)
[2026-03-02 17:00:08] ✅ 上下文使用率正常
[2026-03-02 17:30:20] 估算上下文使用率: 1% (阈值: 50%)
[2026-03-02 17:30:20] ✅ 上下文使用率正常
[2026-03-02 18:00:12] 估算上下文使用率: 1% (阈值: 50%)
[2026-03-02 18:00:12] ✅ 上下文使用率正常
[2026-03-02 18:30:13] 估算上下文使用率: 1% (阈值: 50%)
[2026-03-02 18:30:13] ✅ 上下文使用率正常
[2026-03-02 19:05:21] 估算上下文使用率: 1% (阈值: 50%)
[2026-03-02 19:05:21] ✅ 上下文使用率正常
[2026-03-02 19:05:21] 估算上下文使用率: 1% (阈值: 50%)
[2026-03-02 19:05:21] ✅ 上下文使用率正常
[2026-03-02 19:30:13] 估算上下文使用率: 1% (阈值: 50%)
[2026-03-02 19:30:13] ✅ 上下文使用率正常
[2026-03-02 19:30:13] 估算上下文使用率: 1% (阈值: 50%)
[2026-03-02 19:30:13] ✅ 上下文使用率正常
[2026-03-02 20:00:17] 估算上下文使用率: 1% (阈值: 50%)
[2026-03-02 20:00:17] ✅ 上下文使用率正常
[2026-03-02 20:30:18] 估算上下文使用率: 1% (阈值: 50%)
[2026-03-02 20:30:18] ✅ 上下文使用率正常
[2026-03-02 21:00:46] 估算上下文使用率: 1% (阈值: 50%)
[2026-03-02 21:00:46] ✅ 上下文使用率正常
[2026-03-02 21:30:24] 估算上下文使用率: 1% (阈值: 50%)
[2026-03-02 21:30:24] ✅ 上下文使用率正常
[2026-03-02 22:00:21] 估算上下文使用率: 1% (阈值: 50%)
[2026-03-02 22:00:21] ✅ 上下文使用率正常
[2026-03-02 22:30:13] 估算上下文使用率: 1% (阈值: 50%)
[2026-03-02 22:30:13] ✅ 上下文使用率正常
[2026-03-02 22:32:50] 估算上下文使用率: 1% (阈值: 50%)
[2026-03-02 22:32:50] ✅ 上下文使用率正常
[2026-03-02 23:03:13] 估算上下文使用率: 1% (阈值: 50%)
[2026-03-02 23:03:13] ✅ 上下文使用率正常
[2026-03-03 00:00:19] 估算上下文使用率: 1% (阈值: 50%)
[2026-03-03 00:00:19] ✅ 上下文使用率正常
[2026-03-03 00:30:44] 估算上下文使用率: 1% (阈值: 50%)
[2026-03-03 00:30:44] ✅ 上下文使用率正常
[2026-03-03 01:00:13] 估算上下文使用率: 1% (阈值: 50%)
[2026-03-03 01:00:13] ✅ 上下文使用率正常
[2026-03-03 01:33:00] 估算上下文使用率: 1% (阈值: 50%)
[2026-03-03 01:33:00] ✅ 上下文使用率正常
[2026-03-03 02:05:42] 估算上下文使用率: 1% (阈值: 50%)
[2026-03-03 02:05:42] ✅ 上下文使用率正常
[2026-03-03 02:06:07] 估算上下文使用率: 1% (阈值: 50%)
[2026-03-03 02:06:07] ✅ 上下文使用率正常
[2026-03-03 02:36:11] 估算上下文使用率: 1% (阈值: 50%)
[2026-03-03 02:36:11] ✅ 上下文使用率正常
[2026-03-03 03:06:15] 估算上下文使用率: 1% (阈值: 50%)
[2026-03-03 03:06:15] ✅ 上下文使用率正常
[2026-03-03 03:36:10] 估算上下文使用率: 1% (阈值: 50%)
[2026-03-03 03:36:10] ✅ 上下文使用率正常
[2026-03-03 04:03:03] 估算上下文使用率: 1% (阈值: 50%)
[2026-03-03 04:03:03] ✅ 上下文使用率正常
[2026-03-03 04:32:43] 估算上下文使用率: 1% (阈值: 50%)
[2026-03-03 04:32:43] ✅ 上下文使用率正常
[2026-03-03 05:02:48] 估算上下文使用率: 1% (阈值: 50%)
[2026-03-03 05:02:48] ✅ 上下文使用率正常
[2026-03-03 05:32:56] 估算上下文使用率: 1% (阈值: 50%)
[2026-03-03 05:32:56] ✅ 上下文使用率正常
[2026-03-03 06:02:56] 估算上下文使用率: 1% (阈值: 50%)
[2026-03-03 06:02:56] ✅ 上下文使用率正常
[2026-03-03 06:32:56] 估算上下文使用率: 1% (阈值: 50%)
[2026-03-03 06:32:56] ✅ 上下文使用率正常
[2026-03-03 07:02:47] 估算上下文使用率: 1% (阈值: 50%)
[2026-03-03 07:02:47] ✅ 上下文使用率正常
[2026-03-03 07:32:48] 估算上下文使用率: 1% (阈值: 50%)
[2026-03-03 07:32:48] ✅ 上下文使用率正常
[2026-03-03 08:03:36] 估算上下文使用率: 1% (阈值: 50%)
[2026-03-03 08:03:36] ✅ 上下文使用率正常
[2026-03-03 08:32:50] 估算上下文使用率: 1% (阈值: 50%)
[2026-03-03 08:32:50] ✅ 上下文使用率正常
[2026-03-03 10:07:19] 估算上下文使用率: 1% (阈值: 50%)
[2026-03-03 10:07:19] ✅ 上下文使用率正常
[2026-03-03 10:09:50] 估算上下文使用率: 1% (阈值: 50%)
[2026-03-03 10:09:50] ✅ 上下文使用率正常
[2026-03-03 10:39:38] 估算上下文使用率: 1% (阈值: 50%)
[2026-03-03 10:39:38] ✅ 上下文使用率正常
[2026-03-03 11:09:39] 估算上下文使用率: 1% (阈值: 50%)
[2026-03-03 11:09:39] ✅ 上下文使用率正常
[2026-03-03 11:39:36] 估算上下文使用率: 1% (阈值: 50%)
[2026-03-03 11:39:36] ✅ 上下文使用率正常
[2026-03-03 12:09:49] 估算上下文使用率: 1% (阈值: 50%)
[2026-03-03 12:09:49] ✅ 上下文使用率正常
[2026-03-03 12:39:43] 估算上下文使用率: 1% (阈值: 50%)
[2026-03-03 12:39:43] ✅ 上下文使用率正常
[2026-03-03 13:09:38] 估算上下文使用率: 1% (阈值: 50%)
[2026-03-03 13:09:38] ✅ 上下文使用率正常
[2026-03-03 13:39:37] 估算上下文使用率: 1% (阈值: 50%)
[2026-03-03 13:39:37] ✅ 上下文使用率正常
[2026-03-03 14:09:42] 估算上下文使用率: 1% (阈值: 50%)
[2026-03-03 14:09:42] ✅ 上下文使用率正常
[2026-03-03 14:39:35] 估算上下文使用率: 1% (阈值: 50%)
[2026-03-03 14:39:35] ✅ 上下文使用率正常
[2026-03-03 15:09:43] 估算上下文使用率: 1% (阈值: 50%)
[2026-03-03 15:09:43] ✅ 上下文使用率正常
[2026-03-03 15:39:46] 估算上下文使用率: 1% (阈值: 50%)
[2026-03-03 15:39:46] ✅ 上下文使用率正常
[2026-03-03 16:30:13] 估算上下文使用率: 1% (阈值: 50%)
[2026-03-03 16:30:13] ✅ 上下文使用率正常
[2026-03-03 17:00:11] 估算上下文使用率: 1% (阈值: 50%)
[2026-03-03 17:00:11] ✅ 上下文使用率正常
[2026-03-03 17:30:08] 估算上下文使用率: 1% (阈值: 50%)
[2026-03-03 17:30:08] ✅ 上下文使用率正常
[2026-03-03 18:00:14] 估算上下文使用率: 1% (阈值: 50%)
[2026-03-03 18:00:14] ✅ 上下文使用率正常
[2026-03-03 18:30:18] 估算上下文使用率: 1% (阈值: 50%)
[2026-03-03 18:30:18] ✅ 上下文使用率正常
[2026-03-03 19:00:11] 估算上下文使用率: 1% (阈值: 50%)
[2026-03-03 19:00:11] ✅ 上下文使用率正常
[2026-03-03 19:30:55] 估算上下文使用率: 1% (阈值: 50%)
[2026-03-03 19:30:55] ✅ 上下文使用率正常
[2026-03-03 20:00:50] 估算上下文使用率: 1% (阈值: 50%)
[2026-03-03 20:00:50] ✅ 上下文使用率正常
[2026-03-03 20:34:52] 估算上下文使用率: 1% (阈值: 50%)
[2026-03-03 20:34:52] ✅ 上下文使用率正常
[2026-03-03 21:00:11] 估算上下文使用率: 1% (阈值: 50%)
[2026-03-03 21:00:11] ✅ 上下文使用率正常
[2026-03-03 21:30:34] 估算上下文使用率: 1% (阈值: 50%)
[2026-03-03 21:30:34] ✅ 上下文使用率正常
[2026-03-03 22:30:47] 估算上下文使用率: 1% (阈值: 50%)
[2026-03-03 22:30:47] ✅ 上下文使用率正常
[2026-03-03 23:00:17] 估算上下文使用率: 1% (阈值: 50%)
[2026-03-03 23:00:17] ✅ 上下文使用率正常
[2026-03-03 23:37:10] 估算上下文使用率: 1% (阈值: 50%)
[2026-03-03 23:37:10] ✅ 上下文使用率正常
[2026-03-04 00:07:07] 估算上下文使用率: 1% (阈值: 50%)
[2026-03-04 00:07:07] ✅ 上下文使用率正常
[2026-03-04 00:37:14] 估算上下文使用率: 1% (阈值: 50%)
[2026-03-04 00:37:14] ✅ 上下文使用率正常
[2026-03-04 01:07:33] 估算上下文使用率: 1% (阈值: 50%)
[2026-03-04 01:07:33] ✅ 上下文使用率正常
[2026-03-04 01:37:40] 估算上下文使用率: 1% (阈值: 50%)
[2026-03-04 01:37:40] ✅ 上下文使用率正常
[2026-03-04 02:01:35] 估算上下文使用率: 1% (阈值: 50%)
[2026-03-04 02:01:35] ✅ 上下文使用率正常
[2026-03-04 02:31:38] 估算上下文使用率: 1% (阈值: 50%)
[2026-03-04 02:31:38] ✅ 上下文使用率正常
[2026-03-04 03:01:58] 估算上下文使用率: 1% (阈值: 50%)
[2026-03-04 03:01:58] ✅ 上下文使用率正常
[2026-03-04 03:31:41] 估算上下文使用率: 1% (阈值: 50%)
[2026-03-04 03:31:41] ✅ 上下文使用率正常
[2026-03-04 04:31:38] 估算上下文使用率: 1% (阈值: 50%)
[2026-03-04 04:31:38] ✅ 上下文使用率正常
[2026-03-04 05:01:35] 估算上下文使用率: 1% (阈值: 50%)
[2026-03-04 05:01:35] ✅ 上下文使用率正常
[2026-03-04 05:31:38] 估算上下文使用率: 1% (阈值: 50%)
[2026-03-04 05:31:38] ✅ 上下文使用率正常
[2026-03-04 06:01:39] 估算上下文使用率: 1% (阈值: 50%)
[2026-03-04 06:01:39] ✅ 上下文使用率正常
[2026-03-04 06:31:32] 估算上下文使用率: 1% (阈值: 50%)
[2026-03-04 06:31:32] ✅ 上下文使用率正常
[2026-03-04 07:02:14] 估算上下文使用率: 1% (阈值: 50%)
[2026-03-04 07:02:14] ✅ 上下文使用率正常
[2026-03-04 07:23:15] 估算上下文使用率: 1% (阈值: 50%)
[2026-03-04 07:23:15] ✅ 上下文使用率正常
[2026-03-04 07:53:16] 估算上下文使用率: 1% (阈值: 50%)
[2026-03-04 07:53:16] ✅ 上下文使用率正常
[2026-03-04 08:23:21] 估算上下文使用率: 1% (阈值: 50%)
[2026-03-04 08:23:21] ✅ 上下文使用率正常
[2026-03-04 08:53:18] 估算上下文使用率: 1% (阈值: 50%)
[2026-03-04 08:53:18] ✅ 上下文使用率正常
[2026-03-04 09:16:40] 估算上下文使用率: 1% (阈值: 50%)
[2026-03-04 09:16:40] ✅ 上下文使用率正常
[2026-03-04 09:41:16] 估算上下文使用率: 1% (阈值: 50%)
[2026-03-04 09:41:16] ✅ 上下文使用率正常
[2026-03-04 10:16:03] 估算上下文使用率: 1% (阈值: 50%)
[2026-03-04 10:16:03] ✅ 上下文使用率正常
[2026-03-04 11:16:37] 估算上下文使用率: 1% (阈值: 50%)
[2026-03-04 11:16:37] ✅ 上下文使用率正常
[2026-03-04 12:16:36] 估算上下文使用率: 1% (阈值: 50%)
[2026-03-04 12:16:36] ✅ 上下文使用率正常
[2026-03-04 12:45:54] 估算上下文使用率: 1% (阈值: 50%)
[2026-03-04 12:45:54] ✅ 上下文使用率正常
[2026-03-04 13:11:49] 估算上下文使用率: 1% (阈值: 50%)
[2026-03-04 13:11:49] ✅ 上下文使用率正常
[2026-03-04 13:41:38] 估算上下文使用率: 1% (阈值: 50%)
[2026-03-04 13:41:38] ✅ 上下文使用率正常
[2026-03-04 14:11:39] 估算上下文使用率: 1% (阈值: 50%)
[2026-03-04 14:11:39] ✅ 上下文使用率正常
[2026-03-04 14:41:36] 估算上下文使用率: 1% (阈值: 50%)
[2026-03-04 14:41:36] ✅ 上下文使用率正常
[2026-03-04 15:11:31] 估算上下文使用率: 1% (阈值: 50%)
[2026-03-04 15:11:31] ✅ 上下文使用率正常
[2026-03-04 15:41:39] 估算上下文使用率: 1% (阈值: 50%)
[2026-03-04 15:41:39] ✅ 上下文使用率正常
[2026-03-04 16:00:24] 估算上下文使用率: 1% (阈值: 50%)
[2026-03-04 16:00:24] ✅ 上下文使用率正常
[2026-03-04 16:02:16] 估算上下文使用率: 1% (阈值: 50%)
[2026-03-04 16:02:16] ✅ 上下文使用率正常
[2026-03-04 16:39:07] 估算上下文使用率: 1% (阈值: 50%)
[2026-03-04 16:39:07] ✅ 上下文使用率正常
[2026-03-04 16:41:42] 估算上下文使用率: 1% (阈值: 50%)
[2026-03-04 16:41:42] ✅ 上下文使用率正常
[2026-03-04 17:11:02] 估算上下文使用率: 1% (阈值: 50%)
[2026-03-04 17:11:02] ✅ 上下文使用率正常
[2026-03-04 17:40:48] 估算上下文使用率: 1% (阈值: 50%)
[2026-03-04 17:40:48] ✅ 上下文使用率正常
[2026-03-04 18:02:39] 估算上下文使用率: 1% (阈值: 50%)
[2026-03-04 18:02:39] ✅ 上下文使用率正常
[2026-03-04 18:02:43] 估算上下文使用率: 1% (阈值: 50%)
[2026-03-04 18:02:43] ✅ 上下文使用率正常
[2026-03-04 18:30:52] 估算上下文使用率: 1% (阈值: 50%)
[2026-03-04 18:30:52] ✅ 上下文使用率正常
[2026-03-04 19:00:31] 估算上下文使用率: 1% (阈值: 50%)
[2026-03-04 19:00:31] ✅ 上下文使用率正常
[2026-03-04 19:30:47] 估算上下文使用率: 1% (阈值: 50%)
[2026-03-04 19:30:47] ✅ 上下文使用率正常
[2026-03-04 20:01:30] 估算上下文使用率: 1% (阈值: 50%)
[2026-03-04 20:01:30] ✅ 上下文使用率正常
[2026-03-04 20:01:30] 估算上下文使用率: 1% (阈值: 50%)
[2026-03-04 20:01:30] ✅ 上下文使用率正常
[2026-03-04 20:31:03] 估算上下文使用率: 1% (阈值: 50%)
[2026-03-04 20:31:03] ✅ 上下文使用率正常
[2026-03-04 21:02:12] 估算上下文使用率: 1% (阈值: 50%)
[2026-03-04 21:02:12] ✅ 上下文使用率正常
[2026-03-04 21:32:06] 估算上下文使用率: 1% (阈值: 50%)
[2026-03-04 21:32:06] ✅ 上下文使用率正常
[2026-03-04 22:07:54] 估算上下文使用率: 1% (阈值: 50%)
[2026-03-04 22:07:54] ✅ 上下文使用率正常
[2026-03-04 22:37:49] 估算上下文使用率: 1% (阈值: 50%)
[2026-03-04 22:37:49] ✅ 上下文使用率正常
[2026-03-04 23:08:18] 估算上下文使用率: 1% (阈值: 50%)
[2026-03-04 23:08:18] ✅ 上下文使用率正常
[2026-03-05 00:01:03] 估算上下文使用率: 1% (阈值: 50%)
[2026-03-05 00:01:03] ✅ 上下文使用率正常
[2026-03-05 00:30:19] 估算上下文使用率: 1% (阈值: 50%)
[2026-03-05 00:30:19] ✅ 上下文使用率正常
[2026-03-05 01:00:37] 估算上下文使用率: 1% (阈值: 50%)
[2026-03-05 01:00:37] ✅ 上下文使用率正常
[2026-03-05 01:38:29] 估算上下文使用率: 1% (阈值: 50%)
[2026-03-05 01:38:29] ✅ 上下文使用率正常
[2026-03-05 02:00:45] 估算上下文使用率: 1% (阈值: 50%)
[2026-03-05 02:00:45] ✅ 上下文使用率正常
[2026-03-05 02:08:27] 估算上下文使用率: 1% (阈值: 50%)
[2026-03-05 02:08:27] ✅ 上下文使用率正常
[2026-03-05 02:09:05] 估算上下文使用率: 1% (阈值: 50%)
[2026-03-05 02:09:05] ✅ 上下文使用率正常
[2026-03-05 04:31:56] 估算上下文使用率: 1% (阈值: 50%)
[2026-03-05 04:31:56] ✅ 上下文使用率正常
[2026-03-05 05:01:55] 估算上下文使用率: 1% (阈值: 50%)
[2026-03-05 05:01:55] ✅ 上下文使用率正常
[2026-03-05 05:32:00] 估算上下文使用率: 1% (阈值: 50%)
[2026-03-05 05:32:00] ✅ 上下文使用率正常
[2026-03-05 06:31:58] 估算上下文使用率: 1% (阈值: 50%)
[2026-03-05 06:31:58] ✅ 上下文使用率正常
[2026-03-05 07:06:27] 估算上下文使用率: 1% (阈值: 50%)
[2026-03-05 07:06:27] ✅ 上下文使用率正常
[2026-03-05 07:06:28] 估算上下文使用率: 1% (阈值: 50%)
[2026-03-05 07:06:28] ✅ 上下文使用率正常
[2026-03-05 07:31:52] 估算上下文使用率: 1% (阈值: 50%)
[2026-03-05 07:31:52] ✅ 上下文使用率正常
[2026-03-05 08:02:00] 估算上下文使用率: 1% (阈值: 50%)
[2026-03-05 08:02:00] ✅ 上下文使用率正常
[2026-03-05 08:05:36] 估算上下文使用率: 1% (阈值: 50%)
[2026-03-05 08:05:36] ✅ 上下文使用率正常
[2026-03-05 08:36:07] 估算上下文使用率: 1% (阈值: 50%)
[2026-03-05 08:36:07] ✅ 上下文使用率正常
[2026-03-05 09:10:48] 估算上下文使用率: 1% (阈值: 50%)
[2026-03-05 09:10:48] ✅ 上下文使用率正常
[2026-03-05 09:13:58] 估算上下文使用率: 1% (阈值: 50%)
[2026-03-05 09:13:58] ✅ 上下文使用率正常
[2026-03-05 09:43:52] 估算上下文使用率: 1% (阈值: 50%)
[2026-03-05 09:43:52] ✅ 上下文使用率正常
[2026-03-05 10:30:26] 估算上下文使用率: 1% (阈值: 50%)
[2026-03-05 10:30:26] ✅ 上下文使用率正常
[2026-03-05 11:00:11] 估算上下文使用率: 1% (阈值: 50%)
[2026-03-05 11:00:11] ✅ 上下文使用率正常
[2026-03-05 11:30:10] 估算上下文使用率: 1% (阈值: 50%)
[2026-03-05 11:30:10] ✅ 上下文使用率正常
[2026-03-05 12:00:21] 估算上下文使用率: 1% (阈值: 50%)
[2026-03-05 12:00:21] ✅ 上下文使用率正常
[2026-03-05 12:30:29] 估算上下文使用率: 1% (阈值: 50%)
[2026-03-05 12:30:29] ✅ 上下文使用率正常
[2026-03-05 13:00:47] 估算上下文使用率: 1% (阈值: 50%)
[2026-03-05 13:00:47] ✅ 上下文使用率正常
[2026-03-05 13:30:20] 估算上下文使用率: 1% (阈值: 50%)
[2026-03-05 13:30:20] ✅ 上下文使用率正常
[2026-03-05 14:00:07] 估算上下文使用率: 1% (阈值: 50%)
[2026-03-05 14:00:07] ✅ 上下文使用率正常
[2026-03-05 14:30:11] 估算上下文使用率: 1% (阈值: 50%)
[2026-03-05 14:30:11] ✅ 上下文使用率正常
[2026-03-05 15:00:08] 估算上下文使用率: 1% (阈值: 50%)
[2026-03-05 15:00:08] ✅ 上下文使用率正常
[2026-03-05 15:00:08] 估算上下文使用率: 1% (阈值: 50%)
[2026-03-05 15:00:08] ✅ 上下文使用率正常
[2026-03-05 15:30:27] 估算上下文使用率: 1% (阈值: 50%)
[2026-03-05 15:30:27] ✅ 上下文使用率正常
[2026-03-05 16:30:33] 估算上下文使用率: 1% (阈值: 50%)
[2026-03-05 16:30:33] ✅ 上下文使用率正常
[2026-03-05 17:00:13] 估算上下文使用率: 1% (阈值: 50%)
[2026-03-05 17:00:13] ✅ 上下文使用率正常
[2026-03-05 17:30:16] 估算上下文使用率: 1% (阈值: 50%)
[2026-03-05 17:30:16] ✅ 上下文使用率正常
[2026-03-05 18:00:11] 估算上下文使用率: 1% (阈值: 50%)
[2026-03-05 18:00:11] ✅ 上下文使用率正常
[2026-03-05 18:30:14] 估算上下文使用率: 1% (阈值: 50%)
[2026-03-05 18:30:14] ✅ 上下文使用率正常
[2026-03-05 19:00:10] 估算上下文使用率: 1% (阈值: 50%)
[2026-03-05 19:00:10] ✅ 上下文使用率正常
[2026-03-05 19:30:37] 估算上下文使用率: 1% (阈值: 50%)
[2026-03-05 19:30:37] ✅ 上下文使用率正常
[2026-03-05 20:00:24] 估算上下文使用率: 1% (阈值: 50%)
[2026-03-05 20:00:24] ✅ 上下文使用率正常
[2026-03-05 20:32:16] 估算上下文使用率: 1% (阈值: 50%)
[2026-03-05 20:32:16] ✅ 上下文使用率正常
[2026-03-05 22:30:39] 估算上下文使用率: 1% (阈值: 50%)
[2026-03-05 22:30:39] ✅ 上下文使用率正常
[2026-03-05 23:00:40] 估算上下文使用率: 1% (阈值: 50%)
[2026-03-05 23:00:40] ✅ 上下文使用率正常
[2026-03-06 00:00:48] 估算上下文使用率: 1% (阈值: 50%)
[2026-03-06 00:00:48] ✅ 上下文使用率正常
[2026-03-06 00:30:29] 估算上下文使用率: 1% (阈值: 50%)
[2026-03-06 00:30:29] ✅ 上下文使用率正常
[2026-03-06 01:00:25] 估算上下文使用率: 1% (阈值: 50%)
[2026-03-06 01:00:25] ✅ 上下文使用率正常
[2026-03-06 01:30:11] 估算上下文使用率: 1% (阈值: 50%)
[2026-03-06 01:30:11] ✅ 上下文使用率正常
[2026-03-06 02:01:14] 估算上下文使用率: 1% (阈值: 50%)
[2026-03-06 02:01:14] ✅ 上下文使用率正常
[2026-03-06 02:31:17] 估算上下文使用率: 1% (阈值: 50%)
[2026-03-06 02:31:17] ✅ 上下文使用率正常
[2026-03-06 03:01:34] 估算上下文使用率: 1% (阈值: 50%)
[2026-03-06 03:01:34] ✅ 上下文使用率正常
[2026-03-06 03:31:16] 估算上下文使用率: 1% (阈值: 50%)
[2026-03-06 03:31:16] ✅ 上下文使用率正常
[2026-03-06 04:32:05] 估算上下文使用率: 1% (阈值: 50%)
[2026-03-06 04:32:05] ✅ 上下文使用率正常
[2026-03-06 06:32:38] 估算上下文使用率: 1% (阈值: 50%)
[2026-03-06 06:32:38] ✅ 上下文使用率正常
[2026-03-06 06:34:42] 估算上下文使用率: 1% (阈值: 50%)
[2026-03-06 06:34:42] ✅ 上下文使用率正常
[2026-03-06 07:04:37] 估算上下文使用率: 1% (阈值: 50%)
[2026-03-06 07:04:37] ✅ 上下文使用率正常
[2026-03-06 07:35:14] 估算上下文使用率: 1% (阈值: 50%)
[2026-03-06 07:35:14] ✅ 上下文使用率正常
[2026-03-06 08:04:52] 估算上下文使用率: 1% (阈值: 50%)
[2026-03-06 08:04:52] ✅ 上下文使用率正常
[2026-03-06 08:34:38] 估算上下文使用率: 1% (阈值: 50%)
[2026-03-06 08:34:38] ✅ 上下文使用率正常
[2026-03-06 09:01:28] 估算上下文使用率: 1% (阈值: 50%)
[2026-03-06 09:01:28] ✅ 上下文使用率正常
[2026-03-06 09:31:27] 估算上下文使用率: 1% (阈值: 50%)
[2026-03-06 09:31:27] ✅ 上下文使用率正常
[2026-03-06 10:30:20] 估算上下文使用率: 1% (阈值: 50%)
[2026-03-06 10:30:20] ✅ 上下文使用率正常
[2026-03-06 11:00:15] 估算上下文使用率: 1% (阈值: 50%)
[2026-03-06 11:00:15] ✅ 上下文使用率正常
[2026-03-06 11:30:14] 估算上下文使用率: 1% (阈值: 50%)
[2026-03-06 11:30:14] ✅ 上下文使用率正常
[2026-03-06 12:00:23] 估算上下文使用率: 1% (阈值: 50%)
[2026-03-06 12:00:23] ✅ 上下文使用率正常
[2026-03-06 12:30:10] 估算上下文使用率: 1% (阈值: 50%)
[2026-03-06 12:30:10] ✅ 上下文使用率正常
[2026-03-06 13:00:30] 估算上下文使用率: 1% (阈值: 50%)
[2026-03-06 13:00:30] ✅ 上下文使用率正常
[2026-03-06 13:30:41] 估算上下文使用率: 1% (阈值: 50%)
[2026-03-06 13:30:41] ✅ 上下文使用率正常
[2026-03-06 14:01:14] 估算上下文使用率: 1% (阈值: 50%)
[2026-03-06 14:01:14] ✅ 上下文使用率正常
[2026-03-06 14:07:37] 估算上下文使用率: 1% (阈值: 50%)
[2026-03-06 14:07:37] ✅ 上下文使用率正常
[2026-03-06 14:37:35] 估算上下文使用率: 1% (阈值: 50%)
[2026-03-06 14:37:35] ✅ 上下文使用率正常
[2026-03-06 15:07:41] 估算上下文使用率: 1% (阈值: 50%)
[2026-03-06 15:07:41] ✅ 上下文使用率正常
[2026-03-06 15:37:49] 估算上下文使用率: 1% (阈值: 50%)
[2026-03-06 15:37:49] ✅ 上下文使用率正常
[2026-03-06 16:30:36] 估算上下文使用率: 1% (阈值: 50%)
[2026-03-06 16:30:36] ✅ 上下文使用率正常
[2026-03-06 17:00:28] 估算上下文使用率: 1% (阈值: 50%)
[2026-03-06 17:00:28] ✅ 上下文使用率正常
[2026-03-06 17:00:28] 估算上下文使用率: 1% (阈值: 50%)
[2026-03-06 17:00:28] ✅ 上下文使用率正常
[2026-03-06 18:00:15] 估算上下文使用率: 1% (阈值: 50%)
[2026-03-06 18:00:15] ✅ 上下文使用率正常
[2026-03-06 18:30:12] 估算上下文使用率: 1% (阈值: 50%)
[2026-03-06 18:30:12] ✅ 上下文使用率正常
[2026-03-06 19:00:14] 估算上下文使用率: 1% (阈值: 50%)
[2026-03-06 19:00:14] ✅ 上下文使用率正常
[2026-03-06 19:30:17] 估算上下文使用率: 1% (阈值: 50%)
[2026-03-06 19:30:17] ✅ 上下文使用率正常
[2026-03-06 21:01:24] 估算上下文使用率: 1% (阈值: 50%)
[2026-03-06 21:01:24] ✅ 上下文使用率正常
[2026-03-07 00:00:48] 估算上下文使用率: 1% (阈值: 50%)
[2026-03-07 00:00:48] ✅ 上下文使用率正常
[2026-03-07 01:00:20] 估算上下文使用率: 1% (阈值: 50%)
[2026-03-07 01:00:20] ✅ 上下文使用率正常
[2026-03-07 02:00:57] 估算上下文使用率: 1% (阈值: 50%)
[2026-03-07 02:00:57] ✅ 上下文使用率正常
[2026-03-07 02:30:59] 估算上下文使用率: 1% (阈值: 50%)
[2026-03-07 02:30:59] ✅ 上下文使用率正常
[2026-03-07 03:01:05] 估算上下文使用率: 1% (阈值: 50%)
[2026-03-07 03:01:05] ✅ 上下文使用率正常
[2026-03-07 03:32:27] 估算上下文使用率: 1% (阈值: 50%)
[2026-03-07 03:32:27] ✅ 上下文使用率正常
[2026-03-07 04:32:15] 估算上下文使用率: 1% (阈值: 50%)
[2026-03-07 04:32:15] ✅ 上下文使用率正常
[2026-03-07 05:02:01] 估算上下文使用率: 1% (阈值: 50%)
[2026-03-07 05:02:01] ✅ 上下文使用率正常
[2026-03-07 06:02:02] 估算上下文使用率: 1% (阈值: 50%)
[2026-03-07 06:02:02] ✅ 上下文使用率正常
[2026-03-07 06:31:59] 估算上下文使用率: 1% (阈值: 50%)
[2026-03-07 06:31:59] ✅ 上下文使用率正常
[2026-03-07 07:02:19] 估算上下文使用率: 1% (阈值: 50%)
[2026-03-07 07:02:19] ✅ 上下文使用率正常
[2026-03-07 07:31:56] 估算上下文使用率: 1% (阈值: 50%)
[2026-03-07 07:31:56] ✅ 上下文使用率正常
[2026-03-07 08:01:56] 估算上下文使用率: 1% (阈值: 50%)
[2026-03-07 08:01:56] ✅ 上下文使用率正常
[2026-03-07 08:32:00] 估算上下文使用率: 1% (阈值: 50%)
[2026-03-07 08:32:00] ✅ 上下文使用率正常
[2026-03-07 09:02:04] 估算上下文使用率: 1% (阈值: 50%)
[2026-03-07 09:02:04] ✅ 上下文使用率正常
[2026-03-07 09:32:03] 估算上下文使用率: 1% (阈值: 50%)
[2026-03-07 09:32:03] ✅ 上下文使用率正常
[2026-03-07 10:30:24] 估算上下文使用率: 1% (阈值: 50%)
[2026-03-07 10:30:24] ✅ 上下文使用率正常
[2026-03-07 11:00:18] 估算上下文使用率: 1% (阈值: 50%)
[2026-03-07 11:00:18] ✅ 上下文使用率正常
[2026-03-07 11:30:16] 估算上下文使用率: 1% (阈值: 50%)
[2026-03-07 11:30:16] ✅ 上下文使用率正常
[2026-03-07 12:00:14] 估算上下文使用率: 1% (阈值: 50%)
[2026-03-07 12:00:14] ✅ 上下文使用率正常
[2026-03-07 12:30:11] 估算上下文使用率: 1% (阈值: 50%)
[2026-03-07 12:30:11] ✅ 上下文使用率正常
[2026-03-07 13:00:28] 估算上下文使用率: 1% (阈值: 50%)
[2026-03-07 13:00:28] ✅ 上下文使用率正常
[2026-03-07 13:30:16] 估算上下文使用率: 1% (阈值: 50%)
[2026-03-07 13:30:16] ✅ 上下文使用率正常
[2026-03-07 14:30:10] 估算上下文使用率: 1% (阈值: 50%)
[2026-03-07 14:30:10] ✅ 上下文使用率正常
[2026-03-07 15:00:17] 估算上下文使用率: 1% (阈值: 50%)
[2026-03-07 15:00:17] ✅ 上下文使用率正常
[2026-03-07 15:30:25] 估算上下文使用率: 1% (阈值: 50%)
[2026-03-07 15:30:25] ✅ 上下文使用率正常
[2026-03-07 16:30:19] 估算上下文使用率: 1% (阈值: 50%)
[2026-03-07 16:30:19] ✅ 上下文使用率正常
[2026-03-07 17:00:10] 估算上下文使用率: 1% (阈值: 50%)
[2026-03-07 17:00:10] ✅ 上下文使用率正常
[2026-03-07 17:30:06] 估算上下文使用率: 1% (阈值: 50%)
[2026-03-07 17:30:06] ✅ 上下文使用率正常
[2026-03-07 18:00:12] 估算上下文使用率: 1% (阈值: 50%)
[2026-03-07 18:00:12] ✅ 上下文使用率正常
[2026-03-07 18:30:18] 估算上下文使用率: 1% (阈值: 50%)
[2026-03-07 18:30:18] ✅ 上下文使用率正常
[2026-03-07 19:00:24] 估算上下文使用率: 1% (阈值: 50%)
[2026-03-07 19:00:24] ✅ 上下文使用率正常
[2026-03-07 19:30:30] 估算上下文使用率: 1% (阈值: 50%)
[2026-03-07 19:30:30] ✅ 上下文使用率正常
[2026-03-07 20:01:23] 估算上下文使用率: 1% (阈值: 50%)
[2026-03-07 20:01:23] ✅ 上下文使用率正常
[2026-03-07 20:30:49] 估算上下文使用率: 1% (阈值: 50%)
[2026-03-07 20:30:49] ✅ 上下文使用率正常
[2026-03-07 21:00:12] 估算上下文使用率: 1% (阈值: 50%)
[2026-03-07 21:00:12] ✅ 上下文使用率正常
[2026-03-07 21:30:17] 估算上下文使用率: 1% (阈值: 50%)
[2026-03-07 21:30:17] ✅ 上下文使用率正常
[2026-03-07 22:30:36] 估算上下文使用率: 1% (阈值: 50%)
[2026-03-07 22:30:36] ✅ 上下文使用率正常
[2026-03-07 23:00:20] 估算上下文使用率: 1% (阈值: 50%)
[2026-03-07 23:00:20] ✅ 上下文使用率正常
[2026-03-08 00:01:27] 估算上下文使用率: 1% (阈值: 50%)
[2026-03-08 00:01:27] ✅ 上下文使用率正常
[2026-03-08 00:30:12] 估算上下文使用率: 1% (阈值: 50%)
[2026-03-08 00:30:12] ✅ 上下文使用率正常
[2026-03-08 01:00:32] 估算上下文使用率: 1% (阈值: 50%)
[2026-03-08 01:00:32] ✅ 上下文使用率正常
[2026-03-08 01:30:16] 估算上下文使用率: 1% (阈值: 50%)
[2026-03-08 01:30:16] ✅ 上下文使用率正常
[2026-03-08 02:01:41] 估算上下文使用率: 1% (阈值: 50%)
[2026-03-08 02:01:41] ✅ 上下文使用率正常
[2026-03-08 02:32:02] 估算上下文使用率: 1% (阈值: 50%)
[2026-03-08 02:32:02] ✅ 上下文使用率正常
[2026-03-08 03:01:27] 估算上下文使用率: 1% (阈值: 50%)
[2026-03-08 03:01:27] ✅ 上下文使用率正常
[2026-03-08 03:31:28] 估算上下文使用率: 1% (阈值: 50%)
[2026-03-08 03:31:28] ✅ 上下文使用率正常
[2026-03-08 04:02:11] 估算上下文使用率: 1% (阈值: 50%)
[2026-03-08 04:02:11] ✅ 上下文使用率正常
[2026-03-08 04:02:36] 估算上下文使用率: 1% (阈值: 50%)
[2026-03-08 04:02:36] ✅ 上下文使用率正常
[2026-03-08 04:32:43] 估算上下文使用率: 1% (阈值: 50%)
[2026-03-08 04:32:43] ✅ 上下文使用率正常
[2026-03-08 05:02:48] 估算上下文使用率: 1% (阈值: 50%)
[2026-03-08 05:02:48] ✅ 上下文使用率正常
[2026-03-08 06:02:36] 估算上下文使用率: 1% (阈值: 50%)
[2026-03-08 06:02:36] ✅ 上下文使用率正常
[2026-03-08 06:32:40] 估算上下文使用率: 1% (阈值: 50%)
[2026-03-08 06:32:40] ✅ 上下文使用率正常
[2026-03-08 07:04:32] 估算上下文使用率: 1% (阈值: 50%)
[2026-03-08 07:04:32] ✅ 上下文使用率正常
[2026-03-08 07:33:05] 估算上下文使用率: 1% (阈值: 50%)
[2026-03-08 07:33:05] ✅ 上下文使用率正常
[2026-03-08 08:02:43] 估算上下文使用率: 1% (阈值: 50%)
[2026-03-08 08:02:43] ✅ 上下文使用率正常
[2026-03-08 08:33:20] 估算上下文使用率: 1% (阈值: 50%)
[2026-03-08 08:33:20] ✅ 上下文使用率正常
[2026-03-08 08:39:29] 估算上下文使用率: 1% (阈值: 50%)
[2026-03-08 08:39:29] ✅ 上下文使用率正常
[2026-03-08 09:11:17] 估算上下文使用率: 1% (阈值: 50%)
[2026-03-08 09:11:17] ✅ 上下文使用率正常
[2026-03-08 09:16:59] 估算上下文使用率: 1% (阈值: 50%)
[2026-03-08 09:16:59] ✅ 上下文使用率正常
[2026-03-08 09:46:55] 估算上下文使用率: 1% (阈值: 50%)
[2026-03-08 09:46:55] ✅ 上下文使用率正常
[2026-03-08 10:31:34] 估算上下文使用率: 1% (阈值: 50%)
[2026-03-08 10:31:34] ✅ 上下文使用率正常
[2026-03-08 11:01:16] 估算上下文使用率: 1% (阈值: 50%)
[2026-03-08 11:01:16] ✅ 上下文使用率正常
[2026-03-08 11:35:35] 估算上下文使用率: 1% (阈值: 50%)
[2026-03-08 11:35:35] ✅ 上下文使用率正常
[2026-03-09 16:31:07] 估算上下文使用率: 1% (阈值: 50%)
[2026-03-09 16:31:07] ✅ 上下文使用率正常
[2026-03-09 17:31:13] 估算上下文使用率: 1% (阈值: 50%)
[2026-03-09 17:31:13] ✅ 上下文使用率正常
[2026-03-09 17:32:21] 估算上下文使用率: 2% (阈值: 50%)
[2026-03-09 17:32:21] ✅ 上下文使用率正常
[2026-03-09 17:37:46] 估算上下文使用率: 2% (阈值: 50%)
[2026-03-09 17:37:46] ✅ 上下文使用率正常
[2026-03-09 18:08:01] 估算上下文使用率: 2% (阈值: 50%)
[2026-03-09 18:08:01] ✅ 上下文使用率正常
[2026-03-09 18:38:01] 估算上下文使用率: 2% (阈值: 50%)
[2026-03-09 18:38:01] ✅ 上下文使用率正常
[2026-03-09 19:08:37] 估算上下文使用率: 2% (阈值: 50%)
[2026-03-09 19:08:37] ✅ 上下文使用率正常
[2026-03-09 19:37:59] 估算上下文使用率: 2% (阈值: 50%)
[2026-03-09 19:37:59] ✅ 上下文使用率正常
[2026-03-09 20:08:28] 估算上下文使用率: 2% (阈值: 50%)
[2026-03-09 20:08:28] ✅ 上下文使用率正常
[2026-03-09 20:38:17] 估算上下文使用率: 2% (阈值: 50%)
[2026-03-09 20:38:17] ✅ 上下文使用率正常
[2026-03-09 21:09:04] 估算上下文使用率: 2% (阈值: 50%)
[2026-03-09 21:09:04] ✅ 上下文使用率正常
[2026-03-09 21:40:30] 估算上下文使用率: 2% (阈值: 50%)
[2026-03-09 21:40:30] ✅ 上下文使用率正常
[2026-03-09 22:31:16] 估算上下文使用率: 2% (阈值: 50%)
[2026-03-09 22:31:16] ✅ 上下文使用率正常
[2026-03-09 23:02:51] 估算上下文使用率: 2% (阈值: 50%)
[2026-03-09 23:02:51] ✅ 上下文使用率正常
[2026-03-09 23:05:54] 估算上下文使用率: 2% (阈值: 50%)
[2026-03-09 23:05:54] ✅ 上下文使用率正常
[2026-03-10 00:02:51] 估算上下文使用率: 2% (阈值: 50%)
[2026-03-10 00:02:51] ✅ 上下文使用率正常
[2026-03-10 00:32:14] 估算上下文使用率: 2% (阈值: 50%)
[2026-03-10 00:32:14] ✅ 上下文使用率正常
[2026-03-10 01:01:35] 估算上下文使用率: 2% (阈值: 50%)
[2026-03-10 01:01:35] ✅ 上下文使用率正常
[2026-03-10 01:30:51] 估算上下文使用率: 2% (阈值: 50%)
[2026-03-10 01:30:51] ✅ 上下文使用率正常
[2026-03-10 02:04:07] 估算上下文使用率: 2% (阈值: 50%)
[2026-03-10 02:04:07] ✅ 上下文使用率正常
[2026-03-10 02:33:41] 估算上下文使用率: 2% (阈值: 50%)
[2026-03-10 02:33:41] ✅ 上下文使用率正常
[2026-03-10 03:03:41] 估算上下文使用率: 2% (阈值: 50%)
[2026-03-10 03:03:41] ✅ 上下文使用率正常
[2026-03-10 03:34:14] 估算上下文使用率: 2% (阈值: 50%)
[2026-03-10 03:34:14] ✅ 上下文使用率正常
[2026-03-10 04:03:29] 估算上下文使用率: 2% (阈值: 50%)
[2026-03-10 04:03:29] ✅ 上下文使用率正常
[2026-03-10 04:33:25] 估算上下文使用率: 2% (阈值: 50%)
[2026-03-10 04:33:25] ✅ 上下文使用率正常
[2026-03-10 05:03:23] 估算上下文使用率: 2% (阈值: 50%)
[2026-03-10 05:03:23] ✅ 上下文使用率正常
[2026-03-10 05:33:25] 估算上下文使用率: 2% (阈值: 50%)
[2026-03-10 05:33:25] ✅ 上下文使用率正常
[2026-03-10 06:03:44] 估算上下文使用率: 2% (阈值: 50%)
[2026-03-10 06:03:44] ✅ 上下文使用率正常
[2026-03-10 06:33:26] 估算上下文使用率: 2% (阈值: 50%)
[2026-03-10 06:33:26] ✅ 上下文使用率正常
[2026-03-10 07:03:42] 估算上下文使用率: 2% (阈值: 50%)
[2026-03-10 07:03:42] ✅ 上下文使用率正常
[2026-03-10 07:05:32] 估算上下文使用率: 2% (阈值: 50%)
[2026-03-10 07:05:32] ✅ 上下文使用率正常
[2026-03-10 07:35:19] 估算上下文使用率: 2% (阈值: 50%)
[2026-03-10 07:35:19] ✅ 上下文使用率正常
[2026-03-10 08:05:11] 估算上下文使用率: 2% (阈值: 50%)
[2026-03-10 08:05:11] ✅ 上下文使用率正常
[2026-03-10 08:35:09] 估算上下文使用率: 2% (阈值: 50%)
[2026-03-10 08:35:09] ✅ 上下文使用率正常
[2026-03-10 09:04:21] 估算上下文使用率: 2% (阈值: 50%)
[2026-03-10 09:04:21] ✅ 上下文使用率正常
[2026-03-10 09:05:38] 估算上下文使用率: 2% (阈值: 50%)
[2026-03-10 09:05:38] ✅ 上下文使用率正常
[2026-03-10 09:07:31] 估算上下文使用率: 2% (阈值: 50%)
[2026-03-10 09:07:31] ✅ 上下文使用率正常
[2026-03-10 09:13:30] 估算上下文使用率: 2% (阈值: 50%)
[2026-03-10 09:13:30] ✅ 上下文使用率正常
[2026-03-10 09:43:14] 估算上下文使用率: 2% (阈值: 50%)
[2026-03-10 09:43:14] ✅ 上下文使用率正常
[2026-03-10 10:30:47] 估算上下文使用率: 2% (阈值: 50%)
[2026-03-10 10:30:47] ✅ 上下文使用率正常
[2026-03-10 11:00:38] 估算上下文使用率: 2% (阈值: 50%)
[2026-03-10 11:00:38] ✅ 上下文使用率正常
[2026-03-10 11:30:40] 估算上下文使用率: 2% (阈值: 50%)
[2026-03-10 11:30:40] ✅ 上下文使用率正常
[2026-03-10 12:00:56] 估算上下文使用率: 2% (阈值: 50%)
[2026-03-10 12:00:56] ✅ 上下文使用率正常
[2026-03-10 12:02:37] 估算上下文使用率: 2% (阈值: 50%)
[2026-03-10 12:02:37] ✅ 上下文使用率正常
[2026-03-10 12:32:58] 估算上下文使用率: 2% (阈值: 50%)
[2026-03-10 12:32:58] ✅ 上下文使用率正常
[2026-03-22 00:30:40] 估算上下文使用率: 1% (阈值: 50%)
[2026-03-22 00:30:40] ✅ 上下文使用率正常
[2026-03-22 00:32:52] 估算上下文使用率: 1% (阈值: 50%)
[2026-03-22 00:32:52] ✅ 上下文使用率正常
[2026-03-22 01:32:33] 估算上下文使用率: 1% (阈值: 50%)
[2026-03-22 01:32:33] ✅ 上下文使用率正常
[2026-03-22 02:01:06] 估算上下文使用率: 1% (阈值: 50%)
[2026-03-22 02:01:06] ✅ 上下文使用率正常
[2026-03-22 02:31:13] 估算上下文使用率: 1% (阈值: 50%)
[2026-03-22 02:31:13] ✅ 上下文使用率正常
[2026-03-22 03:00:51] 估算上下文使用率: 1% (阈值: 50%)
[2026-03-22 03:00:51] ✅ 上下文使用率正常
[2026-03-22 03:30:52] 估算上下文使用率: 1% (阈值: 50%)
[2026-03-22 03:30:52] ✅ 上下文使用率正常
[2026-03-22 04:32:09] 估算上下文使用率: 1% (阈值: 50%)
[2026-03-22 04:32:09] ✅ 上下文使用率正常
[2026-03-22 05:02:58] 估算上下文使用率: 1% (阈值: 50%)
[2026-03-22 05:02:58] ✅ 上下文使用率正常
[2026-03-22 05:32:07] 估算上下文使用率: 1% (阈值: 50%)
[2026-03-22 05:32:07] ✅ 上下文使用率正常
[2026-03-22 06:02:34] 估算上下文使用率: 1% (阈值: 50%)
[2026-03-22 06:02:34] ✅ 上下文使用率正常
[2026-03-22 06:32:11] 估算上下文使用率: 1% (阈值: 50%)
[2026-03-22 06:32:11] ✅ 上下文使用率正常
[2026-03-22 07:02:42] 估算上下文使用率: 1% (阈值: 50%)
[2026-03-22 07:02:42] ✅ 上下文使用率正常
[2026-03-22 07:33:35] 估算上下文使用率: 1% (阈值: 50%)
[2026-03-22 07:33:35] ✅ 上下文使用率正常
[2026-03-22 08:03:21] 估算上下文使用率: 1% (阈值: 50%)
[2026-03-22 08:03:21] ✅ 上下文使用率正常
[2026-03-22 08:32:12] 估算上下文使用率: 1% (阈值: 50%)
[2026-03-22 08:32:12] ✅ 上下文使用率正常
[2026-03-22 09:10:33] 估算上下文使用率: 1% (阈值: 50%)
[2026-03-22 09:10:33] ✅ 上下文使用率正常
[2026-03-22 09:41:12] 估算上下文使用率: 1% (阈值: 50%)
[2026-03-22 09:41:12] ✅ 上下文使用率正常
[2026-03-22 10:30:29] 估算上下文使用率: 1% (阈值: 50%)
[2026-03-22 10:30:29] ✅ 上下文使用率正常
[2026-03-22 11:00:53] 估算上下文使用率: 1% (阈值: 50%)
[2026-03-22 11:00:53] ✅ 上下文使用率正常
[2026-03-22 11:00:53] 估算上下文使用率: 1% (阈值: 50%)
[2026-03-22 11:00:53] ✅ 上下文使用率正常
[2026-03-22 11:30:06] 估算上下文使用率: 1% (阈值: 50%)
[2026-03-22 11:30:06] ✅ 上下文使用率正常
[2026-03-22 12:00:27] 估算上下文使用率: 1% (阈值: 50%)
[2026-03-22 12:00:27] ✅ 上下文使用率正常
[2026-04-01 10:17:28] 估算上下文使用率: 27% (阈值: 50%)
[2026-04-01 10:17:28] ✅ 上下文使用率正常
[2026-04-01 11:13:18] 估算上下文使用率: 27% (阈值: 50%)
[2026-04-01 11:13:18] ✅ 上下文使用率正常
[2026-04-01 11:35:01] 估算上下文使用率: 27% (阈值: 50%)
[2026-04-01 11:35:01] ✅ 上下文使用率正常
[2026-04-01 11:47:02] 估算上下文使用率: 27% (阈值: 50%)
[2026-04-01 11:47:02] ✅ 上下文使用率正常
[2026-04-01 12:46:32] 估算上下文使用率: 27% (阈值: 50%)
[2026-04-01 12:46:32] ✅ 上下文使用率正常
[2026-04-01 12:52:26] 估算上下文使用率: 27% (阈值: 50%)
[2026-04-01 12:52:26] ✅ 上下文使用率正常
[2026-04-01 13:03:22] 估算上下文使用率: 27% (阈值: 50%)
[2026-04-01 13:03:22] ✅ 上下文使用率正常
[2026-04-01 13:04:50] 估算上下文使用率: 27% (阈值: 50%)
[2026-04-01 13:04:50] ✅ 上下文使用率正常
[2026-04-01 13:07:55] 估算上下文使用率: 27% (阈值: 50%)
[2026-04-01 13:07:55] ✅ 上下文使用率正常
[2026-04-01 13:12:33] 估算上下文使用率: 27% (阈值: 50%)
[2026-04-01 13:12:33] ✅ 上下文使用率正常
[2026-04-01 13:30:14] 估算上下文使用率: 27% (阈值: 50%)
[2026-04-01 13:30:14] ✅ 上下文使用率正常
[2026-04-01 13:44:05] 估算上下文使用率: 27% (阈值: 50%)
[2026-04-01 13:44:05] ✅ 上下文使用率正常
[2026-04-01 14:07:06] 估算上下文使用率: 27% (阈值: 50%)
[2026-04-01 14:07:06] ✅ 上下文使用率正常
[2026-04-01 14:37:03] 估算上下文使用率: 27% (阈值: 50%)
[2026-04-01 14:37:03] ✅ 上下文使用率正常
[2026-04-01 16:35:10] 估算上下文使用率: 27% (阈值: 50%)
[2026-04-01 16:35:10] ✅ 上下文使用率正常
[2026-04-01 16:59:41] 估算上下文使用率: 27% (阈值: 50%)
[2026-04-01 16:59:41] ✅ 上下文使用率正常
[2026-04-01 17:25:17] 估算上下文使用率: 27% (阈值: 50%)
[2026-04-01 17:25:17] ✅ 上下文使用率正常
[2026-04-01 17:55:18] 估算上下文使用率: 27% (阈值: 50%)
[2026-04-01 17:55:18] ✅ 上下文使用率正常
[2026-04-01 18:25:17] 估算上下文使用率: 27% (阈值: 50%)
[2026-04-01 18:25:17] ✅ 上下文使用率正常
[2026-04-01 18:49:53] 估算上下文使用率: 27% (阈值: 50%)
[2026-04-01 18:49:53] ✅ 上下文使用率正常
[2026-04-01 18:50:32] 估算上下文使用率: 27% (阈值: 50%)
[2026-04-01 18:50:32] ✅ 上下文使用率正常
[2026-04-01 19:19:59] 估算上下文使用率: 27% (阈值: 50%)
[2026-04-01 19:19:59] ✅ 上下文使用率正常
[2026-04-01 19:20:28] 估算上下文使用率: 27% (阈值: 50%)
[2026-04-01 19:20:28] ✅ 上下文使用率正常
[2026-04-01 19:50:31] 估算上下文使用率: 27% (阈值: 50%)
[2026-04-01 19:50:31] ✅ 上下文使用率正常
[2026-04-01 20:20:30] 估算上下文使用率: 27% (阈值: 50%)
[2026-04-01 20:20:30] ✅ 上下文使用率正常
[2026-04-01 20:49:49] 估算上下文使用率: 27% (阈值: 50%)
[2026-04-01 20:49:49] ✅ 上下文使用率正常
[2026-04-01 20:50:41] 估算上下文使用率: 27% (阈值: 50%)
[2026-04-01 20:50:41] ✅ 上下文使用率正常
[2026-04-01 21:20:27] 估算上下文使用率: 27% (阈值: 50%)
[2026-04-01 21:20:27] ✅ 上下文使用率正常
[2026-04-01 21:50:28] 估算上下文使用率: 27% (阈值: 50%)
[2026-04-01 21:50:28] ✅ 上下文使用率正常
[2026-04-01 22:30:12] 估算上下文使用率: 27% (阈值: 50%)
[2026-04-01 22:30:12] ✅ 上下文使用率正常
[2026-04-01 23:00:12] 估算上下文使用率: 27% (阈值: 50%)
[2026-04-01 23:00:12] ✅ 上下文使用率正常
[2026-04-02 00:00:14] 估算上下文使用率: 27% (阈值: 50%)
[2026-04-02 00:00:14] ✅ 上下文使用率正常
[2026-04-02 01:30:11] 估算上下文使用率: 27% (阈值: 50%)
[2026-04-02 01:30:11] ✅ 上下文使用率正常
[2026-04-02 02:00:26] 估算上下文使用率: 27% (阈值: 50%)
[2026-04-02 02:00:26] ✅ 上下文使用率正常
[2026-04-02 02:01:27] 估算上下文使用率: 27% (阈值: 50%)
[2026-04-02 02:01:27] ✅ 上下文使用率正常
[2026-04-02 04:01:40] 估算上下文使用率: 27% (阈值: 50%)
[2026-04-02 04:01:40] ✅ 上下文使用率正常
[2026-04-02 04:31:42] 估算上下文使用率: 27% (阈值: 50%)
[2026-04-02 04:31:42] ✅ 上下文使用率正常
[2026-04-02 05:01:41] 估算上下文使用率: 27% (阈值: 50%)
[2026-04-02 05:01:41] ✅ 上下文使用率正常
[2026-04-02 05:31:40] 估算上下文使用率: 27% (阈值: 50%)
[2026-04-02 05:31:40] ✅ 上下文使用率正常
[2026-04-02 07:01:40] 估算上下文使用率: 27% (阈值: 50%)
[2026-04-02 07:01:40] ✅ 上下文使用率正常
[2026-04-02 07:31:41] 估算上下文使用率: 27% (阈值: 50%)
[2026-04-02 07:31:41] ✅ 上下文使用率正常
[2026-04-02 08:01:42] 估算上下文使用率: 27% (阈值: 50%)
[2026-04-02 08:01:42] ✅ 上下文使用率正常
[2026-04-02 08:31:41] 估算上下文使用率: 27% (阈值: 50%)
[2026-04-02 08:31:41] ✅ 上下文使用率正常
[2026-04-02 08:32:22] 估算上下文使用率: 27% (阈值: 50%)
[2026-04-02 08:32:22] ✅ 上下文使用率正常
[2026-04-02 09:03:50] 估算上下文使用率: 27% (阈值: 50%)
[2026-04-02 09:03:50] ✅ 上下文使用率正常
[2026-04-02 09:33:52] 估算上下文使用率: 27% (阈值: 50%)
[2026-04-02 09:33:52] ✅ 上下文使用率正常
[2026-04-02 09:34:45] 估算上下文使用率: 27% (阈值: 50%)
[2026-04-02 09:34:45] ✅ 上下文使用率正常
[2026-04-02 09:49:56] 估算上下文使用率: 27% (阈值: 50%)
[2026-04-02 09:49:56] ✅ 上下文使用率正常
[2026-04-02 10:30:10] 估算上下文使用率: 27% (阈值: 50%)
[2026-04-02 10:30:10] ✅ 上下文使用率正常
[2026-04-02 10:31:32] 估算上下文使用率: 27% (阈值: 50%)
[2026-04-02 10:31:32] ✅ 上下文使用率正常
[2026-04-02 10:49:53] 估算上下文使用率: 27% (阈值: 50%)
[2026-04-02 10:49:53] ✅ 上下文使用率正常
[2026-04-02 11:01:32] 估算上下文使用率: 27% (阈值: 50%)
[2026-04-02 11:01:32] ✅ 上下文使用率正常
[2026-04-02 11:31:29] 估算上下文使用率: 27% (阈值: 50%)
[2026-04-02 11:31:29] ✅ 上下文使用率正常
[2026-04-02 12:01:28] 估算上下文使用率: 27% (阈值: 50%)
[2026-04-02 12:01:28] ✅ 上下文使用率正常
[2026-04-02 12:31:26] 估算上下文使用率: 27% (阈值: 50%)
[2026-04-02 12:31:26] ✅ 上下文使用率正常
[2026-04-02 13:01:29] 估算上下文使用率: 27% (阈值: 50%)
[2026-04-02 13:01:29] ✅ 上下文使用率正常
[2026-04-02 13:31:37] 估算上下文使用率: 27% (阈值: 50%)
[2026-04-02 13:31:37] ✅ 上下文使用率正常
[2026-04-02 14:01:30] 估算上下文使用率: 27% (阈值: 50%)
[2026-04-02 14:01:30] ✅ 上下文使用率正常
[2026-04-02 14:02:54] 估算上下文使用率: 27% (阈值: 50%)
[2026-04-02 14:02:54] ✅ 上下文使用率正常
[2026-04-02 14:32:56] 估算上下文使用率: 27% (阈值: 50%)
[2026-04-02 14:32:56] ✅ 上下文使用率正常
[2026-04-02 15:02:54] 估算上下文使用率: 27% (阈值: 50%)
[2026-04-02 15:02:54] ✅ 上下文使用率正常
[2026-04-02 15:20:14] 估算上下文使用率: 27% (阈值: 50%)
[2026-04-02 15:20:14] ✅ 上下文使用率正常
[2026-04-02 15:32:55] 估算上下文使用率: 27% (阈值: 50%)
[2026-04-02 15:32:55] ✅ 上下文使用率正常
[2026-04-02 16:30:14] 估算上下文使用率: 27% (阈值: 50%)
[2026-04-02 16:30:14] ✅ 上下文使用率正常
[2026-04-02 16:31:18] 估算上下文使用率: 27% (阈值: 50%)
[2026-04-02 16:31:18] ✅ 上下文使用率正常
[2026-04-02 16:32:04] 估算上下文使用率: 27% (阈值: 50%)
[2026-04-02 16:32:04] ✅ 上下文使用率正常
[2026-04-02 17:02:04] 估算上下文使用率: 27% (阈值: 50%)
[2026-04-02 17:02:04] ✅ 上下文使用率正常
[2026-04-02 17:32:02] 估算上下文使用率: 27% (阈值: 50%)
[2026-04-02 17:32:02] ✅ 上下文使用率正常
[2026-04-02 18:02:03] 估算上下文使用率: 27% (阈值: 50%)
[2026-04-02 18:02:03] ✅ 上下文使用率正常
[2026-04-02 18:31:59] 估算上下文使用率: 27% (阈值: 50%)
[2026-04-02 18:31:59] ✅ 上下文使用率正常
[2026-04-02 19:02:01] 估算上下文使用率: 27% (阈值: 50%)
[2026-04-02 19:02:01] ✅ 上下文使用率正常
[2026-04-02 19:32:04] 估算上下文使用率: 27% (阈值: 50%)
[2026-04-02 19:32:04] ✅ 上下文使用率正常
[2026-04-02 20:01:59] 估算上下文使用率: 27% (阈值: 50%)
[2026-04-02 20:01:59] ✅ 上下文使用率正常
[2026-04-02 20:02:59] 估算上下文使用率: 27% (阈值: 50%)
[2026-04-02 20:02:59] ✅ 上下文使用率正常
[2026-04-02 20:32:50] 估算上下文使用率: 27% (阈值: 50%)
[2026-04-02 20:32:50] ✅ 上下文使用率正常
[2026-04-02 20:33:57] 估算上下文使用率: 27% (阈值: 50%)
[2026-04-02 20:33:57] ✅ 上下文使用率正常
[2026-04-02 21:03:58] 估算上下文使用率: 27% (阈值: 50%)
[2026-04-02 21:03:58] ✅ 上下文使用率正常
[2026-04-02 21:04:58] 估算上下文使用率: 27% (阈值: 50%)
[2026-04-02 21:04:58] ✅ 上下文使用率正常
[2026-04-02 21:34:54] 估算上下文使用率: 27% (阈值: 50%)
[2026-04-02 21:34:54] ✅ 上下文使用率正常
[2026-04-02 22:30:12] 估算上下文使用率: 27% (阈值: 50%)
[2026-04-02 22:30:12] ✅ 上下文使用率正常
[2026-04-02 23:00:13] 估算上下文使用率: 27% (阈值: 50%)
[2026-04-02 23:00:13] ✅ 上下文使用率正常
[2026-04-03 00:00:13] 估算上下文使用率: 27% (阈值: 50%)
[2026-04-03 00:00:13] ✅ 上下文使用率正常
[2026-04-03 00:19:56] 估算上下文使用率: 27% (阈值: 50%)
[2026-04-03 00:19:56] ✅ 上下文使用率正常
[2026-04-03 00:20:56] 估算上下文使用率: 27% (阈值: 50%)
[2026-04-03 00:20:56] ✅ 上下文使用率正常
[2026-04-03 01:20:56] 估算上下文使用率: 27% (阈值: 50%)
[2026-04-03 01:20:56] ✅ 上下文使用率正常
[2026-04-03 01:50:55] 估算上下文使用率: 27% (阈值: 50%)
[2026-04-03 01:50:55] ✅ 上下文使用率正常
[2026-04-03 02:00:28] 估算上下文使用率: 27% (阈值: 50%)
[2026-04-03 02:00:28] ✅ 上下文使用率正常
[2026-04-03 02:30:29] 估算上下文使用率: 27% (阈值: 50%)
[2026-04-03 02:30:29] ✅ 上下文使用率正常
[2026-04-03 03:00:31] 估算上下文使用率: 27% (阈值: 50%)
[2026-04-03 03:00:31] ✅ 上下文使用率正常
[2026-04-03 03:30:32] 估算上下文使用率: 27% (阈值: 50%)
[2026-04-03 03:30:32] ✅ 上下文使用率正常
[2026-04-03 04:02:18] 估算上下文使用率: 27% (阈值: 50%)
[2026-04-03 04:02:18] ✅ 上下文使用率正常
[2026-04-03 05:02:23] 估算上下文使用率: 27% (阈值: 50%)
[2026-04-03 05:02:23] ✅ 上下文使用率正常
[2026-04-03 05:32:17] 估算上下文使用率: 27% (阈值: 50%)
[2026-04-03 05:32:17] ✅ 上下文使用率正常
[2026-04-03 06:02:16] 估算上下文使用率: 27% (阈值: 50%)
[2026-04-03 06:02:16] ✅ 上下文使用率正常
[2026-04-03 06:32:15] 估算上下文使用率: 27% (阈值: 50%)
[2026-04-03 06:32:15] ✅ 上下文使用率正常
[2026-04-03 07:02:13] 估算上下文使用率: 27% (阈值: 50%)
[2026-04-03 07:02:14] ✅ 上下文使用率正常
[2026-04-03 07:03:05] 估算上下文使用率: 27% (阈值: 50%)
[2026-04-03 07:03:05] ✅ 上下文使用率正常
[2026-04-03 07:03:55] 估算上下文使用率: 27% (阈值: 50%)
[2026-04-03 07:03:55] ✅ 上下文使用率正常
[2026-04-03 07:34:00] 估算上下文使用率: 27% (阈值: 50%)
[2026-04-03 07:34:00] ✅ 上下文使用率正常
[2026-04-03 08:03:59] 估算上下文使用率: 27% (阈值: 50%)
[2026-04-03 08:03:59] ✅ 上下文使用率正常
[2026-04-03 08:33:54] 估算上下文使用率: 27% (阈值: 50%)
[2026-04-03 08:33:54] ✅ 上下文使用率正常
[2026-04-03 09:04:05] 估算上下文使用率: 27% (阈值: 50%)
[2026-04-03 09:04:05] ✅ 上下文使用率正常
[2026-04-03 09:34:07] 估算上下文使用率: 27% (阈值: 50%)
[2026-04-03 09:34:07] ✅ 上下文使用率正常
[2026-04-03 10:30:22] 估算上下文使用率: 1% (阈值: 50%)
[2026-04-03 10:30:22] ✅ 上下文使用率正常
[2026-04-03 10:31:11] 估算上下文使用率: 1% (阈值: 50%)
[2026-04-03 10:31:11] ✅ 上下文使用率正常
[2026-04-03 11:01:23] 估算上下文使用率: 1% (阈值: 50%)
[2026-04-03 11:01:23] ✅ 上下文使用率正常
[2026-04-03 11:31:19] 估算上下文使用率: 1% (阈值: 50%)
[2026-04-03 11:31:19] ✅ 上下文使用率正常
[2026-04-03 12:01:18] 估算上下文使用率: 1% (阈值: 50%)
[2026-04-03 12:01:18] ✅ 上下文使用率正常
[2026-04-03 12:31:15] 估算上下文使用率: 1% (阈值: 50%)
[2026-04-03 12:31:15] ✅ 上下文使用率正常
[2026-04-03 12:31:57] 估算上下文使用率: 1% (阈值: 50%)
[2026-04-03 12:31:57] ✅ 上下文使用率正常
[2026-04-03 12:32:33] 估算上下文使用率: 1% (阈值: 50%)
[2026-04-03 12:32:33] ✅ 上下文使用率正常
[2026-04-03 13:02:33] 估算上下文使用率: 1% (阈值: 50%)
[2026-04-03 13:02:33] ✅ 上下文使用率正常
[2026-04-03 13:32:37] 估算上下文使用率: 1% (阈值: 50%)
[2026-04-03 13:32:37] ✅ 上下文使用率正常
[2026-04-03 14:02:38] 估算上下文使用率: 1% (阈值: 50%)
[2026-04-03 14:02:38] ✅ 上下文使用率正常
[2026-04-03 14:03:52] 估算上下文使用率: 1% (阈值: 50%)
[2026-04-03 14:03:52] ✅ 上下文使用率正常
[2026-04-03 14:57:14] 估算上下文使用率: 1% (阈值: 50%)
[2026-04-03 14:57:14] ✅ 上下文使用率正常
[2026-04-03 15:57:11] 估算上下文使用率: 1% (阈值: 50%)
[2026-04-03 15:57:11] ✅ 上下文使用率正常
[2026-04-03 16:30:16] 估算上下文使用率: 1% (阈值: 50%)
[2026-04-03 16:30:16] ✅ 上下文使用率正常
[2026-04-03 17:00:15] 估算上下文使用率: 1% (阈值: 50%)
[2026-04-03 17:00:15] ✅ 上下文使用率正常
[2026-04-03 17:01:03] 估算上下文使用率: 1% (阈值: 50%)
[2026-04-03 17:01:03] ✅ 上下文使用率正常
[2026-04-03 17:20:02] 估算上下文使用率: 1% (阈值: 50%)
[2026-04-03 17:20:02] ✅ 上下文使用率正常
[2026-04-03 17:20:43] 估算上下文使用率: 1% (阈值: 50%)
[2026-04-03 17:20:43] ✅ 上下文使用率正常
[2026-04-03 17:50:38] 估算上下文使用率: 1% (阈值: 50%)
[2026-04-03 17:50:38] ✅ 上下文使用率正常
[2026-04-03 18:20:43] 估算上下文使用率: 1% (阈值: 50%)
[2026-04-03 18:20:43] ✅ 上下文使用率正常
[2026-04-03 18:21:24] 估算上下文使用率: 1% (阈值: 50%)
[2026-04-03 18:21:24] ✅ 上下文使用率正常
[2026-04-03 18:51:39] 估算上下文使用率: 1% (阈值: 50%)
[2026-04-03 18:51:39] ✅ 上下文使用率正常
[2026-04-03 19:22:05] 估算上下文使用率: 1% (阈值: 50%)
[2026-04-03 19:22:05] ✅ 上下文使用率正常
[2026-04-03 20:52:06] 估算上下文使用率: 1% (阈值: 50%)
[2026-04-03 20:52:06] ✅ 上下文使用率正常
[2026-04-03 21:22:03] 估算上下文使用率: 1% (阈值: 50%)
[2026-04-03 21:22:03] ✅ 上下文使用率正常
[2026-04-03 22:30:13] 估算上下文使用率: 1% (阈值: 50%)
[2026-04-03 22:30:13] ✅ 上下文使用率正常
[2026-04-03 22:31:49] 估算上下文使用率: 1% (阈值: 50%)
[2026-04-03 22:31:49] ✅ 上下文使用率正常
[2026-04-04 00:00:11] 估算上下文使用率: 1% (阈值: 50%)
[2026-04-04 00:00:11] ✅ 上下文使用率正常
[2026-04-04 00:19:48] 估算上下文使用率: 1% (阈值: 50%)
[2026-04-04 00:19:48] ✅ 上下文使用率正常
[2026-04-04 02:49:48] 估算上下文使用率: 1% (阈值: 50%)
[2026-04-04 02:49:48] ✅ 上下文使用率正常
[2026-04-04 04:31:33] 估算上下文使用率: 1% (阈值: 50%)
[2026-04-04 04:31:33] ✅ 上下文使用率正常
[2026-04-04 05:19:55] 估算上下文使用率: 1% (阈值: 50%)
[2026-04-04 05:19:55] ✅ 上下文使用率正常
[2026-04-04 05:31:34] 估算上下文使用率: 1% (阈值: 50%)
[2026-04-04 05:31:34] ✅ 上下文使用率正常
[2026-04-04 06:01:32] 估算上下文使用率: 1% (阈值: 50%)
[2026-04-04 06:01:32] ✅ 上下文使用率正常
[2026-04-04 06:31:30] 估算上下文使用率: 1% (阈值: 50%)
[2026-04-04 06:31:30] ✅ 上下文使用率正常
[2026-04-04 07:01:29] 估算上下文使用率: 1% (阈值: 50%)
[2026-04-04 07:01:29] ✅ 上下文使用率正常
[2026-04-04 07:31:30] 估算上下文使用率: 1% (阈值: 50%)
[2026-04-04 07:31:30] ✅ 上下文使用率正常
[2026-04-04 08:01:29] 估算上下文使用率: 1% (阈值: 50%)
[2026-04-04 08:01:29] ✅ 上下文使用率正常
[2026-04-04 08:02:15] 估算上下文使用率: 1% (阈值: 50%)
[2026-04-04 08:02:15] ✅ 上下文使用率正常
[2026-04-04 08:32:16] 估算上下文使用率: 1% (阈值: 50%)
[2026-04-04 08:32:16] ✅ 上下文使用率正常
[2026-04-04 08:33:00] 估算上下文使用率: 1% (阈值: 50%)
[2026-04-04 08:33:00] ✅ 上下文使用率正常
[2026-04-04 09:03:44] 估算上下文使用率: 1% (阈值: 50%)
[2026-04-04 09:03:44] ✅ 上下文使用率正常
[2026-04-04 09:33:47] 估算上下文使用率: 1% (阈值: 50%)
[2026-04-04 09:33:47] ✅ 上下文使用率正常
[2026-04-04 10:30:18] 估算上下文使用率: 1% (阈值: 50%)
[2026-04-04 10:30:18] ✅ 上下文使用率正常
[2026-04-04 11:00:37] 估算上下文使用率: 1% (阈值: 50%)
[2026-04-04 11:00:37] ✅ 上下文使用率正常
[2026-04-04 11:30:14] 估算上下文使用率: 1% (阈值: 50%)
[2026-04-04 11:30:14] ✅ 上下文使用率正常
[2026-04-04 11:31:05] 估算上下文使用率: 1% (阈值: 50%)
[2026-04-04 11:31:05] ✅ 上下文使用率正常
[2026-04-04 11:50:10] 估算上下文使用率: 1% (阈值: 50%)
[2026-04-04 11:50:10] ✅ 上下文使用率正常
[2026-04-04 11:50:37] 估算上下文使用率: 1% (阈值: 50%)
[2026-04-04 11:50:37] ✅ 上下文使用率正常
[2026-04-04 12:20:39] 估算上下文使用率: 1% (阈值: 50%)
[2026-04-04 12:20:39] ✅ 上下文使用率正常
[2026-04-04 12:50:53] 估算上下文使用率: 1% (阈值: 50%)
[2026-04-04 12:50:53] ✅ 上下文使用率正常
[2026-04-04 12:51:21] 估算上下文使用率: 1% (阈值: 50%)
[2026-04-04 12:51:21] ✅ 上下文使用率正常
[2026-04-04 13:21:34] 估算上下文使用率: 1% (阈值: 50%)
[2026-04-04 13:21:34] ✅ 上下文使用率正常
[2026-04-04 13:22:01] 估算上下文使用率: 1% (阈值: 50%)
[2026-04-04 13:22:01] ✅ 上下文使用率正常
[2026-04-04 13:52:01] 估算上下文使用率: 1% (阈值: 50%)
[2026-04-04 13:52:01] ✅ 上下文使用率正常
[2026-04-04 13:52:51] 估算上下文使用率: 1% (阈值: 50%)
[2026-04-04 13:52:51] ✅ 上下文使用率正常
[2026-04-04 14:22:45] 估算上下文使用率: 1% (阈值: 50%)
[2026-04-04 14:22:45] ✅ 上下文使用率正常
[2026-04-04 14:54:16] 估算上下文使用率: 1% (阈值: 50%)
[2026-04-04 14:54:16] ✅ 上下文使用率正常
[2026-04-04 15:23:59] 估算上下文使用率: 1% (阈值: 50%)
[2026-04-04 15:23:59] ✅ 上下文使用率正常
[2026-04-04 15:53:58] 估算上下文使用率: 1% (阈值: 50%)
[2026-04-04 15:53:58] ✅ 上下文使用率正常
[2026-04-04 16:30:08] 估算上下文使用率: 1% (阈值: 50%)
[2026-04-04 16:30:08] ✅ 上下文使用率正常
[2026-04-04 17:30:08] 估算上下文使用率: 1% (阈值: 50%)
[2026-04-04 17:30:08] ✅ 上下文使用率正常
[2026-04-04 18:00:09] 估算上下文使用率: 1% (阈值: 50%)
[2026-04-04 18:00:09] ✅ 上下文使用率正常
[2026-04-04 18:30:10] 估算上下文使用率: 1% (阈值: 50%)
[2026-04-04 18:30:10] ✅ 上下文使用率正常
[2026-04-04 19:00:09] 估算上下文使用率: 1% (阈值: 50%)
[2026-04-04 19:00:09] ✅ 上下文使用率正常
[2026-04-04 19:01:01] 估算上下文使用率: 1% (阈值: 50%)
[2026-04-04 19:01:01] ✅ 上下文使用率正常
[2026-04-04 19:31:01] 估算上下文使用率: 1% (阈值: 50%)
[2026-04-04 19:31:01] ✅ 上下文使用率正常
[2026-04-04 20:01:08] 估算上下文使用率: 1% (阈值: 50%)
[2026-04-04 20:01:08] ✅ 上下文使用率正常
[2026-04-04 20:19:49] 估算上下文使用率: 1% (阈值: 50%)
[2026-04-04 20:19:49] ✅ 上下文使用率正常
[2026-04-04 20:20:34] 估算上下文使用率: 1% (阈值: 50%)
[2026-04-04 20:20:34] ✅ 上下文使用率正常
[2026-04-04 20:50:34] 估算上下文使用率: 1% (阈值: 50%)
[2026-04-04 20:50:34] ✅ 上下文使用率正常
[2026-04-04 21:19:59] 估算上下文使用率: 1% (阈值: 50%)
[2026-04-04 21:19:59] ✅ 上下文使用率正常
[2026-04-04 21:20:36] 估算上下文使用率: 1% (阈值: 50%)
[2026-04-04 21:20:36] ✅ 上下文使用率正常
[2026-04-04 21:50:37] 估算上下文使用率: 1% (阈值: 50%)
[2026-04-04 21:50:37] ✅ 上下文使用率正常
[2026-04-04 21:52:16] 估算上下文使用率: 1% (阈值: 50%)
[2026-04-04 21:52:16] ✅ 上下文使用率正常
[2026-04-04 22:19:57] 估算上下文使用率: 1% (阈值: 50%)
[2026-04-04 22:19:57] ✅ 上下文使用率正常
[2026-04-04 23:00:18] 估算上下文使用率: 1% (阈值: 50%)
[2026-04-04 23:00:18] ✅ 上下文使用率正常
[2026-04-04 23:01:32] 估算上下文使用率: 1% (阈值: 50%)
[2026-04-04 23:01:32] ✅ 上下文使用率正常
[2026-04-05 00:30:08] 估算上下文使用率: 1% (阈值: 50%)
[2026-04-05 00:30:08] ✅ 上下文使用率正常
[2026-04-05 00:31:23] 估算上下文使用率: 1% (阈值: 50%)
[2026-04-05 00:31:23] ✅ 上下文使用率正常
[2026-04-05 01:31:21] 估算上下文使用率: 1% (阈值: 50%)
[2026-04-05 01:31:21] ✅ 上下文使用率正常
[2026-04-05 02:19:59] 估算上下文使用率: 1% (阈值: 50%)
[2026-04-05 02:19:59] ✅ 上下文使用率正常
[2026-04-05 02:30:35] 估算上下文使用率: 1% (阈值: 50%)
[2026-04-05 02:30:35] ✅ 上下文使用率正常
[2026-04-05 03:00:34] 估算上下文使用率: 1% (阈值: 50%)
[2026-04-05 03:00:34] ✅ 上下文使用率正常
[2026-04-05 03:30:34] 估算上下文使用率: 1% (阈值: 50%)
[2026-04-05 03:30:34] ✅ 上下文使用率正常
[2026-04-05 04:30:08] 估算上下文使用率: 1% (阈值: 50%)
[2026-04-05 04:30:08] ✅ 上下文使用率正常
[2026-04-05 06:00:08] 估算上下文使用率: 1% (阈值: 50%)
[2026-04-05 06:00:08] ✅ 上下文使用率正常
[2026-04-05 07:00:17] 估算上下文使用率: 1% (阈值: 50%)
[2026-04-05 07:00:17] ✅ 上下文使用率正常
[2026-04-05 07:01:24] 估算上下文使用率: 1% (阈值: 50%)
[2026-04-05 07:01:24] ✅ 上下文使用率正常
[2026-04-05 07:31:21] 估算上下文使用率: 1% (阈值: 50%)
[2026-04-05 07:31:21] ✅ 上下文使用率正常
[2026-04-05 08:01:24] 估算上下文使用率: 1% (阈值: 50%)
[2026-04-05 08:01:24] ✅ 上下文使用率正常
[2026-04-05 08:31:22] 估算上下文使用率: 1% (阈值: 50%)
[2026-04-05 08:31:22] ✅ 上下文使用率正常
[2026-04-05 08:49:53] 估算上下文使用率: 1% (阈值: 50%)
[2026-04-05 08:49:53] ✅ 上下文使用率正常
[2026-04-05 09:30:18] 估算上下文使用率: 1% (阈值: 50%)
[2026-04-05 09:30:18] ✅ 上下文使用率正常
[2026-04-05 10:30:19] 估算上下文使用率: 1% (阈值: 50%)
[2026-04-05 10:30:19] ✅ 上下文使用率正常
[2026-04-05 11:00:11] 估算上下文使用率: 1% (阈值: 50%)
[2026-04-05 11:00:11] ✅ 上下文使用率正常
[2026-04-05 11:00:54] 估算上下文使用率: 1% (阈值: 50%)
[2026-04-05 11:00:54] ✅ 上下文使用率正常
[2026-04-05 11:30:53] 估算上下文使用率: 1% (阈值: 50%)
[2026-04-05 11:30:53] ✅ 上下文使用率正常
[2026-04-05 12:00:54] 估算上下文使用率: 1% (阈值: 50%)
[2026-04-05 12:00:54] ✅ 上下文使用率正常
[2026-04-05 12:30:55] 估算上下文使用率: 1% (阈值: 50%)
[2026-04-05 12:30:55] ✅ 上下文使用率正常
[2026-04-05 12:31:51] 估算上下文使用率: 1% (阈值: 50%)
[2026-04-05 12:31:51] ✅ 上下文使用率正常
[2026-04-05 12:32:42] 估算上下文使用率: 1% (阈值: 50%)
[2026-04-05 12:32:42] ✅ 上下文使用率正常
[2026-04-05 13:03:29] 估算上下文使用率: 1% (阈值: 50%)
[2026-04-05 13:03:29] ✅ 上下文使用率正常
[2026-04-05 13:04:09] 估算上下文使用率: 1% (阈值: 50%)
[2026-04-05 13:04:09] ✅ 上下文使用率正常
[2026-04-05 13:34:12] 估算上下文使用率: 1% (阈值: 50%)
[2026-04-05 13:34:12] ✅ 上下文使用率正常
[2026-04-05 14:04:09] 估算上下文使用率: 1% (阈值: 50%)
[2026-04-05 14:04:09] ✅ 上下文使用率正常
[2026-04-05 14:34:08] 估算上下文使用率: 1% (阈值: 50%)
[2026-04-05 14:34:08] ✅ 上下文使用率正常
[2026-04-05 14:55:52] 估算上下文使用率: 1% (阈值: 50%)
[2026-04-05 14:55:52] ✅ 上下文使用率正常
[2026-04-05 15:25:52] 估算上下文使用率: 1% (阈值: 50%)
[2026-04-05 15:25:52] ✅ 上下文使用率正常
[2026-04-05 15:26:39] 估算上下文使用率: 1% (阈值: 50%)
[2026-04-05 15:26:39] ✅ 上下文使用率正常
[2026-04-05 15:27:18] 估算上下文使用率: 1% (阈值: 50%)
[2026-04-05 15:27:18] ✅ 上下文使用率正常
[2026-04-05 15:28:03] 估算上下文使用率: 1% (阈值: 50%)
[2026-04-05 15:28:03] ✅ 上下文使用率正常
[2026-04-05 15:58:13] 估算上下文使用率: 1% (阈值: 50%)
[2026-04-05 15:58:13] ✅ 上下文使用率正常
[2026-04-05 16:30:08] 估算上下文使用率: 1% (阈值: 50%)
[2026-04-05 16:30:08] ✅ 上下文使用率正常
[2026-04-05 17:00:14] 估算上下文使用率: 1% (阈值: 50%)
[2026-04-05 17:00:14] ✅ 上下文使用率正常
[2026-04-05 17:19:51] 估算上下文使用率: 1% (阈值: 50%)
[2026-04-05 17:19:51] ✅ 上下文使用率正常
[2026-04-05 17:30:19] 估算上下文使用率: 1% (阈值: 50%)
[2026-04-05 17:30:19] ✅ 上下文使用率正常
[2026-04-05 18:00:09] 估算上下文使用率: 1% (阈值: 50%)
[2026-04-05 18:00:09] ✅ 上下文使用率正常
[2026-04-05 18:30:09] 估算上下文使用率: 1% (阈值: 50%)
[2026-04-05 18:30:09] ✅ 上下文使用率正常
[2026-04-05 19:00:12] 估算上下文使用率: 1% (阈值: 50%)
[2026-04-05 19:00:12] ✅ 上下文使用率正常
[2026-04-05 19:00:43] 估算上下文使用率: 1% (阈值: 50%)
[2026-04-05 19:00:43] ✅ 上下文使用率正常
[2026-04-05 19:30:48] 估算上下文使用率: 1% (阈值: 50%)
[2026-04-05 19:30:48] ✅ 上下文使用率正常
[2026-04-05 19:31:31] 估算上下文使用率: 1% (阈值: 50%)
[2026-04-05 19:31:31] ✅ 上下文使用率正常
[2026-04-05 20:01:30] 估算上下文使用率: 1% (阈值: 50%)
[2026-04-05 20:01:30] ✅ 上下文使用率正常
[2026-04-05 20:19:57] 估算上下文使用率: 1% (阈值: 50%)
[2026-04-05 20:19:57] ✅ 上下文使用率正常
[2026-04-05 21:32:20] 估算上下文使用率: 1% (阈值: 50%)
[2026-04-05 21:32:20] ✅ 上下文使用率正常
[2026-04-05 22:30:12] 估算上下文使用率: 1% (阈值: 50%)
[2026-04-05 22:30:12] ✅ 上下文使用率正常
[2026-04-05 22:31:20] 估算上下文使用率: 1% (阈值: 50%)
[2026-04-05 22:31:20] ✅ 上下文使用率正常
[2026-04-06 00:00:10] 估算上下文使用率: 1% (阈值: 50%)
[2026-04-06 00:00:10] ✅ 上下文使用率正常
[2026-04-06 00:30:09] 估算上下文使用率: 1% (阈值: 50%)
[2026-04-06 00:30:09] ✅ 上下文使用率正常
[2026-04-06 02:00:31] 估算上下文使用率: 1% (阈值: 50%)
[2026-04-06 02:00:31] ✅ 上下文使用率正常
[2026-04-06 03:30:30] 估算上下文使用率: 1% (阈值: 50%)
[2026-04-06 03:30:30] ✅ 上下文使用率正常
[2026-04-06 04:01:44] 估算上下文使用率: 1% (阈值: 50%)
[2026-04-06 04:01:44] ✅ 上下文使用率正常
[2026-04-06 04:31:43] 估算上下文使用率: 1% (阈值: 50%)
[2026-04-06 04:31:43] ✅ 上下文使用率正常
[2026-04-06 04:49:54] 估算上下文使用率: 1% (阈值: 50%)
[2026-04-06 04:49:54] ✅ 上下文使用率正常
[2026-04-06 05:01:46] 估算上下文使用率: 1% (阈值: 50%)
[2026-04-06 05:01:46] ✅ 上下文使用率正常
[2026-04-06 06:01:40] 估算上下文使用率: 1% (阈值: 50%)
[2026-04-06 06:01:40] ✅ 上下文使用率正常
[2026-04-06 06:31:40] 估算上下文使用率: 1% (阈值: 50%)
[2026-04-06 06:31:40] ✅ 上下文使用率正常
[2026-04-06 07:01:44] 估算上下文使用率: 1% (阈值: 50%)
[2026-04-06 07:01:44] ✅ 上下文使用率正常
[2026-04-06 07:02:29] 估算上下文使用率: 1% (阈值: 50%)
[2026-04-06 07:02:29] ✅ 上下文使用率正常
[2026-04-06 07:03:32] 估算上下文使用率: 1% (阈值: 50%)
[2026-04-06 07:03:32] ✅ 上下文使用率正常
[2026-04-06 07:33:32] 估算上下文使用率: 1% (阈值: 50%)
[2026-04-06 07:33:32] ✅ 上下文使用率正常
[2026-04-06 08:03:32] 估算上下文使用率: 1% (阈值: 50%)
[2026-04-06 08:03:32] ✅ 上下文使用率正常
[2026-04-06 08:33:33] 估算上下文使用率: 1% (阈值: 50%)
[2026-04-06 08:33:33] ✅ 上下文使用率正常
[2026-04-06 09:05:48] 估算上下文使用率: 1% (阈值: 50%)
[2026-04-06 09:05:48] ✅ 上下文使用率正常
[2026-04-06 09:35:53] 估算上下文使用率: 1% (阈值: 50%)
[2026-04-06 09:35:53] ✅ 上下文使用率正常
[2026-04-06 10:19:52] 估算上下文使用率: 1% (阈值: 50%)
[2026-04-06 10:19:52] ✅ 上下文使用率正常
[2026-04-06 10:20:25] 估算上下文使用率: 1% (阈值: 50%)
[2026-04-06 10:20:25] ✅ 上下文使用率正常
[2026-04-06 10:50:28] 估算上下文使用率: 1% (阈值: 50%)
[2026-04-06 10:50:28] ✅ 上下文使用率正常
[2026-04-06 10:51:16] 估算上下文使用率: 1% (阈值: 50%)
[2026-04-06 10:51:16] ✅ 上下文使用率正常
[2026-04-06 11:19:55] 估算上下文使用率: 1% (阈值: 50%)
[2026-04-06 11:19:55] ✅ 上下文使用率正常
[2026-04-06 11:21:18] 估算上下文使用率: 1% (阈值: 50%)
[2026-04-06 11:21:18] ✅ 上下文使用率正常
[2026-04-06 11:51:18] 估算上下文使用率: 1% (阈值: 50%)
[2026-04-06 11:51:18] ✅ 上下文使用率正常
[2026-04-06 11:51:58] 估算上下文使用率: 1% (阈值: 50%)
[2026-04-06 11:51:58] ✅ 上下文使用率正常
[2026-04-06 11:52:27] 估算上下文使用率: 1% (阈值: 50%)
[2026-04-06 11:52:27] ✅ 上下文使用率正常
[2026-04-06 11:53:10] 估算上下文使用率: 1% (阈值: 50%)
[2026-04-06 11:53:10] ✅ 上下文使用率正常
[2026-04-06 11:53:43] 估算上下文使用率: 1% (阈值: 50%)
[2026-04-06 11:53:43] ✅ 上下文使用率正常
[2026-04-06 11:54:25] 估算上下文使用率: 1% (阈值: 50%)
[2026-04-06 11:54:25] ✅ 上下文使用率正常
[2026-04-06 11:55:03] 估算上下文使用率: 1% (阈值: 50%)
[2026-04-06 11:55:03] ✅ 上下文使用率正常
[2026-04-06 12:25:07] 估算上下文使用率: 1% (阈值: 50%)
[2026-04-06 12:25:07] ✅ 上下文使用率正常
[2026-04-06 12:25:40] 估算上下文使用率: 1% (阈值: 50%)
[2026-04-06 12:25:40] ✅ 上下文使用率正常
[2026-04-06 12:55:46] 估算上下文使用率: 1% (阈值: 50%)
[2026-04-06 12:55:46] ✅ 上下文使用率正常
[2026-04-06 13:25:42] 估算上下文使用率: 1% (阈值: 50%)
[2026-04-06 13:25:42] ✅ 上下文使用率正常
[2026-04-06 13:55:42] 估算上下文使用率: 1% (阈值: 50%)
[2026-04-06 13:55:42] ✅ 上下文使用率正常
[2026-04-06 13:56:18] 估算上下文使用率: 1% (阈值: 50%)
[2026-04-06 13:56:18] ✅ 上下文使用率正常
[2026-04-06 14:26:19] 估算上下文使用率: 1% (阈值: 50%)
[2026-04-06 14:26:19] ✅ 上下文使用率正常
[2026-04-06 14:56:19] 估算上下文使用率: 1% (阈值: 50%)
[2026-04-06 14:56:19] ✅ 上下文使用率正常
[2026-04-06 15:26:31] 估算上下文使用率: 1% (阈值: 50%)
[2026-04-06 15:26:31] ✅ 上下文使用率正常
[2026-04-06 15:27:41] 估算上下文使用率: 1% (阈值: 50%)
[2026-04-06 15:27:41] ✅ 上下文使用率正常
[2026-04-06 15:28:18] 估算上下文使用率: 1% (阈值: 50%)
[2026-04-06 15:28:18] ✅ 上下文使用率正常
[2026-04-06 15:58:18] 估算上下文使用率: 1% (阈值: 50%)
[2026-04-06 15:58:18] ✅ 上下文使用率正常
[2026-04-06 16:30:07] 估算上下文使用率: 1% (阈值: 50%)
[2026-04-06 16:30:07] ✅ 上下文使用率正常
[2026-04-06 17:00:07] 估算上下文使用率: 1% (阈值: 50%)
[2026-04-06 17:00:07] ✅ 上下文使用率正常
[2026-04-06 17:30:06] 估算上下文使用率: 1% (阈值: 50%)
[2026-04-06 17:30:06] ✅ 上下文使用率正常
[2026-04-06 17:30:40] 估算上下文使用率: 1% (阈值: 50%)
[2026-04-06 17:30:40] ✅ 上下文使用率正常
[2026-04-06 18:00:44] 估算上下文使用率: 1% (阈值: 50%)
[2026-04-06 18:00:44] ✅ 上下文使用率正常
[2026-04-06 18:19:58] 估算上下文使用率: 1% (阈值: 50%)
[2026-04-06 18:19:58] ✅ 上下文使用率正常
[2026-04-06 18:30:42] 估算上下文使用率: 1% (阈值: 50%)
[2026-04-06 18:30:42] ✅ 上下文使用率正常
[2026-04-06 18:31:27] 估算上下文使用率: 1% (阈值: 50%)
[2026-04-06 18:31:27] ✅ 上下文使用率正常
[2026-04-06 18:31:59] 估算上下文使用率: 1% (阈值: 50%)
[2026-04-06 18:31:59] ✅ 上下文使用率正常
[2026-04-06 19:02:00] 估算上下文使用率: 1% (阈值: 50%)
[2026-04-06 19:02:00] ✅ 上下文使用率正常
[2026-04-06 19:02:42] 估算上下文使用率: 1% (阈值: 50%)
[2026-04-06 19:02:42] ✅ 上下文使用率正常
[2026-04-06 19:03:31] 估算上下文使用率: 1% (阈值: 50%)
[2026-04-06 19:03:31] ✅ 上下文使用率正常
[2026-04-06 19:04:57] 估算上下文使用率: 1% (阈值: 50%)
[2026-04-06 19:04:57] ✅ 上下文使用率正常
[2026-04-06 19:05:33] 估算上下文使用率: 1% (阈值: 50%)
[2026-04-06 19:05:33] ✅ 上下文使用率正常
[2026-04-06 19:06:12] 估算上下文使用率: 1% (阈值: 50%)
[2026-04-06 19:06:12] ✅ 上下文使用率正常
[2026-04-06 19:19:51] 估算上下文使用率: 1% (阈值: 50%)
[2026-04-06 19:19:51] ✅ 上下文使用率正常
[2026-04-06 19:36:11] 估算上下文使用率: 1% (阈值: 50%)
[2026-04-06 19:36:11] ✅ 上下文使用率正常
[2026-04-06 20:06:14] 估算上下文使用率: 1% (阈值: 50%)
[2026-04-06 20:06:14] ✅ 上下文使用率正常
[2026-04-06 20:19:50] 估算上下文使用率: 1% (阈值: 50%)
[2026-04-06 20:19:50] ✅ 上下文使用率正常
[2026-04-06 20:36:19] 估算上下文使用率: 1% (阈值: 50%)
[2026-04-06 20:36:19] ✅ 上下文使用率正常
[2026-04-06 20:36:56] 估算上下文使用率: 1% (阈值: 50%)
[2026-04-06 20:36:56] ✅ 上下文使用率正常
[2026-04-06 21:06:57] 估算上下文使用率: 1% (阈值: 50%)
[2026-04-06 21:06:57] ✅ 上下文使用率正常
[2026-04-06 21:08:48] 估算上下文使用率: 1% (阈值: 50%)
[2026-04-06 21:08:48] ✅ 上下文使用率正常
[2026-04-06 21:38:56] 估算上下文使用率: 1% (阈值: 50%)
[2026-04-06 21:38:56] ✅ 上下文使用率正常
[2026-04-06 22:30:09] 估算上下文使用率: 1% (阈值: 50%)
[2026-04-06 22:30:09] ✅ 上下文使用率正常
[2026-04-06 23:00:07] 估算上下文使用率: 1% (阈值: 50%)
[2026-04-06 23:00:07] ✅ 上下文使用率正常
[2026-04-07 00:00:08] 估算上下文使用率: 1% (阈值: 50%)
[2026-04-07 00:00:08] ✅ 上下文使用率正常
[2026-04-07 00:30:08] 估算上下文使用率: 1% (阈值: 50%)
[2026-04-07 00:30:08] ✅ 上下文使用率正常
[2026-04-07 00:49:57] 估算上下文使用率: 1% (阈值: 50%)
[2026-04-07 00:49:57] ✅ 上下文使用率正常
[2026-04-07 00:50:59] 估算上下文使用率: 1% (阈值: 50%)
[2026-04-07 00:50:59] ✅ 上下文使用率正常
[2026-04-07 01:21:00] 估算上下文使用率: 1% (阈值: 50%)
[2026-04-07 01:21:00] ✅ 上下文使用率正常
[2026-04-07 01:22:32] 估算上下文使用率: 1% (阈值: 50%)
[2026-04-07 01:22:32] ✅ 上下文使用率正常
[2026-04-07 01:52:32] 估算上下文使用率: 1% (阈值: 50%)
[2026-04-07 01:52:32] ✅ 上下文使用率正常
[2026-04-07 02:00:38] 估算上下文使用率: 1% (阈值: 50%)
[2026-04-07 02:00:38] ✅ 上下文使用率正常
[2026-04-07 02:30:40] 估算上下文使用率: 1% (阈值: 50%)
[2026-04-07 02:30:40] ✅ 上下文使用率正常
[2026-04-07 03:00:39] 估算上下文使用率: 1% (阈值: 50%)
[2026-04-07 03:00:39] ✅ 上下文使用率正常
[2026-04-07 03:30:44] 估算上下文使用率: 1% (阈值: 50%)
[2026-04-07 03:30:44] ✅ 上下文使用率正常
[2026-04-07 03:31:57] 估算上下文使用率: 1% (阈值: 50%)
[2026-04-07 03:31:57] ✅ 上下文使用率正常
[2026-04-07 04:32:06] 估算上下文使用率: 1% (阈值: 50%)
[2026-04-07 04:32:06] ✅ 上下文使用率正常
[2026-04-07 05:32:05] 估算上下文使用率: 1% (阈值: 50%)
[2026-04-07 05:32:05] ✅ 上下文使用率正常
[2026-04-07 06:02:03] 估算上下文使用率: 1% (阈值: 50%)
[2026-04-07 06:02:03] ✅ 上下文使用率正常
[2026-04-07 06:32:00] 估算上下文使用率: 1% (阈值: 50%)
[2026-04-07 06:32:00] ✅ 上下文使用率正常
[2026-04-07 06:49:59] 估算上下文使用率: 1% (阈值: 50%)
[2026-04-07 06:49:59] ✅ 上下文使用率正常
[2026-04-07 07:02:01] 估算上下文使用率: 1% (阈值: 50%)
[2026-04-07 07:02:01] ✅ 上下文使用率正常
[2026-04-07 07:02:48] 估算上下文使用率: 1% (阈值: 50%)
[2026-04-07 07:02:48] ✅ 上下文使用率正常
[2026-04-07 07:32:57] 估算上下文使用率: 1% (阈值: 50%)
[2026-04-07 07:32:57] ✅ 上下文使用率正常
[2026-04-07 07:33:46] 估算上下文使用率: 1% (阈值: 50%)
[2026-04-07 07:33:46] ✅ 上下文使用率正常
[2026-04-07 08:03:51] 估算上下文使用率: 1% (阈值: 50%)
[2026-04-07 08:03:51] ✅ 上下文使用率正常
[2026-04-07 08:33:50] 估算上下文使用率: 1% (阈值: 50%)
[2026-04-07 08:33:50] ✅ 上下文使用率正常
[2026-04-07 09:03:45] 估算上下文使用率: 1% (阈值: 50%)
[2026-04-07 09:03:45] ✅ 上下文使用率正常
[2026-04-07 09:33:32] 估算上下文使用率: 1% (阈值: 50%)
[2026-04-07 09:33:32] ✅ 上下文使用率正常
[2026-04-07 10:30:09] 估算上下文使用率: 1% (阈值: 50%)
[2026-04-07 10:30:09] ✅ 上下文使用率正常
[2026-04-07 10:31:28] 估算上下文使用率: 1% (阈值: 50%)
[2026-04-07 10:31:28] ✅ 上下文使用率正常
[2026-04-07 11:01:27] 估算上下文使用率: 1% (阈值: 50%)
[2026-04-07 11:01:27] ✅ 上下文使用率正常
[2026-04-07 11:19:57] 估算上下文使用率: 1% (阈值: 50%)
[2026-04-07 11:19:57] ✅ 上下文使用率正常
[2026-04-07 11:20:28] 估算上下文使用率: 1% (阈值: 50%)
[2026-04-07 11:20:29] ✅ 上下文使用率正常
[2026-04-07 11:50:32] 估算上下文使用率: 1% (阈值: 50%)
[2026-04-07 11:50:32] ✅ 上下文使用率正常
[2026-04-07 12:19:58] 估算上下文使用率: 1% (阈值: 50%)
[2026-04-07 12:19:58] ✅ 上下文使用率正常
[2026-04-07 12:20:28] 估算上下文使用率: 1% (阈值: 50%)
[2026-04-07 12:20:28] ✅ 上下文使用率正常
[2026-04-07 12:50:27] 估算上下文使用率: 1% (阈值: 50%)
[2026-04-07 12:50:27] ✅ 上下文使用率正常
[2026-04-07 13:20:30] 估算上下文使用率: 1% (阈值: 50%)
[2026-04-07 13:20:30] ✅ 上下文使用率正常
[2026-04-07 13:50:29] 估算上下文使用率: 1% (阈值: 50%)
[2026-04-07 13:50:29] ✅ 上下文使用率正常
[2026-04-07 14:20:37] 估算上下文使用率: 1% (阈值: 50%)
[2026-04-07 14:20:37] ✅ 上下文使用率正常
[2026-04-07 14:21:45] 估算上下文使用率: 1% (阈值: 50%)
[2026-04-07 14:21:45] ✅ 上下文使用率正常
[2026-04-07 14:51:38] 估算上下文使用率: 1% (阈值: 50%)
[2026-04-07 14:51:38] ✅ 上下文使用率正常
[2026-04-07 15:20:00] 估算上下文使用率: 1% (阈值: 50%)
[2026-04-07 15:20:00] ✅ 上下文使用率正常
[2026-04-07 15:21:46] 估算上下文使用率: 1% (阈值: 50%)
[2026-04-07 15:21:46] ✅ 上下文使用率正常
[2026-04-07 15:51:41] 估算上下文使用率: 1% (阈值: 50%)
[2026-04-07 15:51:41] ✅ 上下文使用率正常
[2026-04-07 16:30:12] 估算上下文使用率: 1% (阈值: 50%)
[2026-04-07 16:30:12] ✅ 上下文使用率正常
[2026-04-07 17:00:14] 估算上下文使用率: 1% (阈值: 50%)
[2026-04-07 17:00:14] ✅ 上下文使用率正常
[2026-04-07 18:00:09] 估算上下文使用率: 1% (阈值: 50%)
[2026-04-07 18:00:09] ✅ 上下文使用率正常
[2026-04-07 18:01:14] 估算上下文使用率: 1% (阈值: 50%)
[2026-04-07 18:01:14] ✅ 上下文使用率正常
[2026-04-07 18:31:12] 估算上下文使用率: 1% (阈值: 50%)
[2026-04-07 18:31:12] ✅ 上下文使用率正常
[2026-04-07 19:01:14] 估算上下文使用率: 1% (阈值: 50%)
[2026-04-07 19:01:14] ✅ 上下文使用率正常
[2026-04-07 19:31:19] 估算上下文使用率: 1% (阈值: 50%)
[2026-04-07 19:31:19] ✅ 上下文使用率正常
[2026-04-07 20:01:11] 估算上下文使用率: 1% (阈值: 50%)
[2026-04-07 20:01:11] ✅ 上下文使用率正常
[2026-04-07 20:01:57] 估算上下文使用率: 1% (阈值: 50%)
[2026-04-07 20:01:57] ✅ 上下文使用率正常
[2026-04-07 20:31:57] 估算上下文使用率: 1% (阈值: 50%)
[2026-04-07 20:31:57] ✅ 上下文使用率正常
[2026-04-07 20:32:34] 估算上下文使用率: 1% (阈值: 50%)
[2026-04-07 20:32:34] ✅ 上下文使用率正常
[2026-04-07 21:33:29] 估算上下文使用率: 1% (阈值: 50%)
[2026-04-07 21:33:29] ✅ 上下文使用率正常
[2026-04-07 23:00:15] 估算上下文使用率: 1% (阈值: 50%)
[2026-04-07 23:00:15] ✅ 上下文使用率正常
[2026-04-08 00:00:12] 估算上下文使用率: 1% (阈值: 50%)
[2026-04-08 00:00:12] ✅ 上下文使用率正常
[2026-04-08 00:00:51] 估算上下文使用率: 1% (阈值: 50%)
[2026-04-08 00:00:51] ✅ 上下文使用率正常
[2026-04-08 00:19:59] 估算上下文使用率: 1% (阈值: 50%)
[2026-04-08 00:19:59] ✅ 上下文使用率正常
[2026-04-08 02:00:32] 估算上下文使用率: 1% (阈值: 50%)
[2026-04-08 02:00:32] ✅ 上下文使用率正常
[2026-04-08 03:00:37] 估算上下文使用率: 1% (阈值: 50%)
[2026-04-08 03:00:37] ✅ 上下文使用率正常
[2026-04-08 03:30:33] 估算上下文使用率: 1% (阈值: 50%)
[2026-04-08 03:30:33] ✅ 上下文使用率正常
[2026-04-08 05:32:19] 估算上下文使用率: 1% (阈值: 50%)
[2026-04-08 05:32:19] ✅ 上下文使用率正常
[2026-04-08 06:02:19] 估算上下文使用率: 1% (阈值: 50%)
[2026-04-08 06:02:19] ✅ 上下文使用率正常
[2026-04-08 07:02:18] 估算上下文使用率: 1% (阈值: 50%)
[2026-04-08 07:02:18] ✅ 上下文使用率正常
[2026-04-08 07:32:25] 估算上下文使用率: 1% (阈值: 50%)
[2026-04-08 07:32:25] ✅ 上下文使用率正常
[2026-04-08 07:33:03] 估算上下文使用率: 1% (阈值: 50%)
[2026-04-08 07:33:03] ✅ 上下文使用率正常
[2026-04-08 07:49:59] 估算上下文使用率: 1% (阈值: 50%)
[2026-04-08 07:49:59] ✅ 上下文使用率正常
[2026-04-08 07:50:25] 估算上下文使用率: 1% (阈值: 50%)
[2026-04-08 07:50:25] ✅ 上下文使用率正常
[2026-04-08 08:20:22] 估算上下文使用率: 1% (阈值: 50%)
[2026-04-08 08:20:22] ✅ 上下文使用率正常
[2026-04-08 08:50:22] 估算上下文使用率: 1% (阈值: 50%)
[2026-04-08 08:50:22] ✅ 上下文使用率正常
[2026-04-08 09:03:53] 估算上下文使用率: 1% (阈值: 50%)
[2026-04-08 09:03:53] ✅ 上下文使用率正常
[2026-04-08 09:33:54] 估算上下文使用率: 1% (阈值: 50%)
[2026-04-08 09:33:54] ✅ 上下文使用率正常
[2026-04-08 10:50:09] 估算上下文使用率: 1% (阈值: 50%)
[2026-04-08 10:50:09] ✅ 上下文使用率正常
[2026-04-08 10:51:06] 估算上下文使用率: 1% (阈值: 50%)
[2026-04-08 10:51:06] ✅ 上下文使用率正常
[2026-04-08 11:20:54] 估算上下文使用率: 1% (阈值: 50%)
[2026-04-08 11:20:54] ✅ 上下文使用率正常
[2026-04-08 11:50:43] 估算上下文使用率: 1% (阈值: 50%)
[2026-04-08 11:50:43] ✅ 上下文使用率正常
[2026-04-08 11:51:32] 估算上下文使用率: 1% (阈值: 50%)
[2026-04-08 11:51:32] ✅ 上下文使用率正常
[2026-04-08 11:52:13] 估算上下文使用率: 1% (阈值: 50%)
[2026-04-08 11:52:13] ✅ 上下文使用率正常
[2026-04-08 11:52:50] 估算上下文使用率: 1% (阈值: 50%)
[2026-04-08 11:52:50] ✅ 上下文使用率正常
[2026-04-08 12:22:54] 估算上下文使用率: 1% (阈值: 50%)
[2026-04-08 12:22:54] ✅ 上下文使用率正常
[2026-04-08 12:23:34] 估算上下文使用率: 1% (阈值: 50%)
[2026-04-08 12:23:34] ✅ 上下文使用率正常
[2026-04-08 13:23:36] 估算上下文使用率: 1% (阈值: 50%)
[2026-04-08 13:23:36] ✅ 上下文使用率正常
[2026-04-08 13:53:35] 估算上下文使用率: 1% (阈值: 50%)
[2026-04-08 13:53:35] ✅ 上下文使用率正常
[2026-04-08 13:54:32] 估算上下文使用率: 1% (阈值: 50%)
[2026-04-08 13:54:32] ✅ 上下文使用率正常
[2026-04-08 14:19:59] 估算上下文使用率: 1% (阈值: 50%)
[2026-04-08 14:19:59] ✅ 上下文使用率正常
[2026-04-08 14:24:30] 估算上下文使用率: 1% (阈值: 50%)
[2026-04-08 14:24:30] ✅ 上下文使用率正常
[2026-04-08 14:54:31] 估算上下文使用率: 1% (阈值: 50%)
[2026-04-08 14:54:31] ✅ 上下文使用率正常
[2026-04-08 15:24:40] 估算上下文使用率: 1% (阈值: 50%)
[2026-04-08 15:24:40] ✅ 上下文使用率正常
[2026-04-08 18:00:12] 估算上下文使用率: 1% (阈值: 50%)
[2026-04-08 18:00:12] ✅ 上下文使用率正常
[2026-04-08 18:30:11] 估算上下文使用率: 1% (阈值: 50%)
[2026-04-08 18:30:11] ✅ 上下文使用率正常
[2026-04-08 19:00:12] 估算上下文使用率: 1% (阈值: 50%)
[2026-04-08 19:00:12] ✅ 上下文使用率正常
[2026-04-08 19:19:59] 估算上下文使用率: 1% (阈值: 50%)
[2026-04-08 19:19:59] ✅ 上下文使用率正常
[2026-04-08 19:20:42] 估算上下文使用率: 1% (阈值: 50%)
[2026-04-08 19:20:42] ✅ 上下文使用率正常
[2026-04-08 19:21:33] 估算上下文使用率: 1% (阈值: 50%)
[2026-04-08 19:21:33] ✅ 上下文使用率正常
[2026-04-08 19:22:19] 估算上下文使用率: 1% (阈值: 50%)
[2026-04-08 19:22:19] ✅ 上下文使用率正常
[2026-04-08 19:52:19] 估算上下文使用率: 1% (阈值: 50%)
[2026-04-08 19:52:19] ✅ 上下文使用率正常
[2026-04-08 20:22:17] 估算上下文使用率: 1% (阈值: 50%)
[2026-04-08 20:22:17] ✅ 上下文使用率正常
[2026-04-08 20:52:17] 估算上下文使用率: 1% (阈值: 50%)
[2026-04-08 20:52:17] ✅ 上下文使用率正常
[2026-04-08 21:22:20] 估算上下文使用率: 1% (阈值: 50%)
[2026-04-08 21:22:20] ✅ 上下文使用率正常
[2026-04-08 21:52:25] 估算上下文使用率: 1% (阈值: 50%)
[2026-04-08 21:52:25] ✅ 上下文使用率正常
[2026-04-08 22:30:08] 估算上下文使用率: 1% (阈值: 50%)
[2026-04-08 22:30:08] ✅ 上下文使用率正常
[2026-04-09 00:00:10] 估算上下文使用率: 1% (阈值: 50%)
[2026-04-09 00:00:10] ✅ 上下文使用率正常
[2026-04-09 00:20:02] 估算上下文使用率: 1% (阈值: 50%)
[2026-04-09 00:20:02] ✅ 上下文使用率正常
[2026-04-09 00:30:13] 估算上下文使用率: 1% (阈值: 50%)
[2026-04-09 00:30:13] ✅ 上下文使用率正常
[2026-04-09 01:30:12] 估算上下文使用率: 1% (阈值: 50%)
[2026-04-09 01:30:12] ✅ 上下文使用率正常
[2026-04-09 02:00:28] 估算上下文使用率: 1% (阈值: 50%)
[2026-04-09 02:00:28] ✅ 上下文使用率正常
[2026-04-09 03:19:57] 估算上下文使用率: 1% (阈值: 50%)
[2026-04-09 03:19:57] ✅ 上下文使用率正常
[2026-04-09 03:30:28] 估算上下文使用率: 1% (阈值: 50%)
[2026-04-09 03:30:28] ✅ 上下文使用率正常
[2026-04-09 04:30:10] 估算上下文使用率: 1% (阈值: 50%)
[2026-04-09 04:30:10] ✅ 上下文使用率正常
[2026-04-09 06:20:00] 估算上下文使用率: 1% (阈值: 50%)
[2026-04-09 06:20:00] ✅ 上下文使用率正常
[2026-04-09 06:30:11] 估算上下文使用率: 1% (阈值: 50%)
[2026-04-09 06:30:11] ✅ 上下文使用率正常
[2026-04-09 07:00:10] 估算上下文使用率: 1% (阈值: 50%)
[2026-04-09 07:00:10] ✅ 上下文使用率正常
[2026-04-09 07:30:12] 估算上下文使用率: 1% (阈值: 50%)
[2026-04-09 07:30:12] ✅ 上下文使用率正常
[2026-04-09 07:31:00] 估算上下文使用率: 1% (阈值: 50%)
[2026-04-09 07:31:00] ✅ 上下文使用率正常
[2026-04-09 07:31:39] 估算上下文使用率: 1% (阈值: 50%)
[2026-04-09 07:31:39] ✅ 上下文使用率正常
[2026-04-09 08:01:38] 估算上下文使用率: 1% (阈值: 50%)
[2026-04-09 08:01:38] ✅ 上下文使用率正常
[2026-04-09 08:31:37] 估算上下文使用率: 1% (阈值: 50%)
[2026-04-09 08:31:37] ✅ 上下文使用率正常
[2026-04-09 09:33:32] 估算上下文使用率: 1% (阈值: 50%)
[2026-04-09 09:33:32] ✅ 上下文使用率正常
[2026-04-09 10:30:16] 估算上下文使用率: 1% (阈值: 50%)
[2026-04-09 10:30:16] ✅ 上下文使用率正常
[2026-04-09 10:31:21] 估算上下文使用率: 1% (阈值: 50%)
[2026-04-09 10:31:21] ✅ 上下文使用率正常
[2026-04-09 11:01:14] 估算上下文使用率: 1% (阈值: 50%)
[2026-04-09 11:01:14] ✅ 上下文使用率正常
[2026-04-09 11:31:16] 估算上下文使用率: 1% (阈值: 50%)
[2026-04-09 11:31:16] ✅ 上下文使用率正常
[2026-04-09 12:01:11] 估算上下文使用率: 1% (阈值: 50%)
[2026-04-09 12:01:11] ✅ 上下文使用率正常
[2026-04-09 12:02:01] 估算上下文使用率: 1% (阈值: 50%)
[2026-04-09 12:02:01] ✅ 上下文使用率正常
[2026-04-09 12:04:18] 估算上下文使用率: 1% (阈值: 50%)
[2026-04-09 12:04:18] ✅ 上下文使用率正常
[2026-04-09 13:03:05] 估算上下文使用率: 1% (阈值: 50%)
[2026-04-09 13:03:05] ✅ 上下文使用率正常
[2026-04-09 13:33:27] 估算上下文使用率: 1% (阈值: 50%)
[2026-04-09 13:33:27] ✅ 上下文使用率正常
[2026-04-09 14:33:31] 估算上下文使用率: 1% (阈值: 50%)
[2026-04-09 14:33:31] ✅ 上下文使用率正常
[2026-04-09 18:00:12] 估算上下文使用率: 1% (阈值: 50%)
[2026-04-09 18:00:12] ✅ 上下文使用率正常
[2026-04-09 18:30:11] 估算上下文使用率: 1% (阈值: 50%)
[2026-04-09 18:30:11] ✅ 上下文使用率正常
[2026-04-09 19:00:10] 估算上下文使用率: 1% (阈值: 50%)
[2026-04-09 19:00:10] ✅ 上下文使用率正常
[2026-04-09 19:30:10] 估算上下文使用率: 1% (阈值: 50%)
[2026-04-09 19:30:10] ✅ 上下文使用率正常
[2026-04-09 20:00:21] 估算上下文使用率: 1% (阈值: 50%)
[2026-04-09 20:00:21] ✅ 上下文使用率正常
[2026-04-09 20:30:15] 估算上下文使用率: 1% (阈值: 50%)
[2026-04-09 20:30:15] ✅ 上下文使用率正常
[2026-05-01 08:02:56] 估算上下文使用率: 1% (阈值: 50%)
[2026-05-01 08:02:56] ✅ 上下文使用率正常
[2026-05-01 08:33:46] 估算上下文使用率: 1% (阈值: 50%)
[2026-05-01 08:33:46] ✅ 上下文使用率正常
[2026-05-01 09:01:09] 估算上下文使用率: 1% (阈值: 50%)
[2026-05-01 09:01:09] ✅ 上下文使用率正常
[2026-05-01 09:31:11] 估算上下文使用率: 1% (阈值: 50%)
[2026-05-01 09:31:11] ✅ 上下文使用率正常
[2026-05-01 10:30:06] 估算上下文使用率: 1% (阈值: 50%)
[2026-05-01 10:30:06] ✅ 上下文使用率正常
[2026-05-01 11:00:23] 估算上下文使用率: 1% (阈值: 50%)
[2026-05-01 11:00:23] ✅ 上下文使用率正常
[2026-05-01 11:30:23] 估算上下文使用率: 1% (阈值: 50%)
[2026-05-01 11:30:23] ✅ 上下文使用率正常
[2026-05-01 12:00:16] 估算上下文使用率: 1% (阈值: 50%)
[2026-05-01 12:00:16] ✅ 上下文使用率正常
[2026-05-01 12:30:20] 估算上下文使用率: 1% (阈值: 50%)
[2026-05-01 12:30:20] ✅ 上下文使用率正常
[2026-05-01 13:00:15] 估算上下文使用率: 1% (阈值: 50%)
[2026-05-01 13:00:15] ✅ 上下文使用率正常
[2026-05-01 13:30:34] 估算上下文使用率: 1% (阈值: 50%)
[2026-05-01 13:30:34] ✅ 上下文使用率正常
[2026-05-01 14:00:13] 估算上下文使用率: 1% (阈值: 50%)
[2026-05-01 14:00:13] ✅ 上下文使用率正常
[2026-05-01 14:01:24] 估算上下文使用率: 1% (阈值: 50%)
[2026-05-01 14:01:24] ✅ 上下文使用率正常
[2026-05-01 14:31:23] 估算上下文使用率: 1% (阈值: 50%)
[2026-05-01 14:31:23] ✅ 上下文使用率正常
[2026-05-01 15:01:36] 估算上下文使用率: 1% (阈值: 50%)
[2026-05-01 15:01:36] ✅ 上下文使用率正常
[2026-05-01 15:31:24] 估算上下文使用率: 1% (阈值: 50%)
[2026-05-01 15:31:24] ✅ 上下文使用率正常
[2026-05-01 16:30:33] 估算上下文使用率: 1% (阈值: 50%)
[2026-05-01 16:30:33] ✅ 上下文使用率正常
[2026-05-01 17:00:16] 估算上下文使用率: 1% (阈值: 50%)
[2026-05-01 17:00:16] ✅ 上下文使用率正常
[2026-05-01 17:02:00] 估算上下文使用率: 1% (阈值: 50%)
[2026-05-01 17:02:00] ✅ 上下文使用率正常
[2026-05-01 17:32:00] 估算上下文使用率: 1% (阈值: 50%)
[2026-05-01 17:32:00] ✅ 上下文使用率正常
[2026-05-01 17:33:33] 估算上下文使用率: 1% (阈值: 50%)
[2026-05-01 17:33:33] ✅ 上下文使用率正常
[2026-05-01 18:03:34] 估算上下文使用率: 1% (阈值: 50%)
[2026-05-01 18:03:34] ✅ 上下文使用率正常
[2026-05-01 18:33:28] 估算上下文使用率: 1% (阈值: 50%)
[2026-05-01 18:33:28] ✅ 上下文使用率正常
[2026-05-01 19:03:36] 估算上下文使用率: 1% (阈值: 50%)
[2026-05-01 19:03:36] ✅ 上下文使用率正常
[2026-05-01 19:09:14] 估算上下文使用率: 1% (阈值: 50%)
[2026-05-01 19:09:14] ✅ 上下文使用率正常
[2026-05-01 19:33:28] 估算上下文使用率: 1% (阈值: 50%)
[2026-05-01 19:33:28] ✅ 上下文使用率正常
[2026-05-01 20:03:35] 估算上下文使用率: 1% (阈值: 50%)
[2026-05-01 20:03:35] ✅ 上下文使用率正常
[2026-05-01 20:33:36] 估算上下文使用率: 1% (阈值: 50%)
[2026-05-01 20:33:36] ✅ 上下文使用率正常
[2026-05-01 21:03:54] 估算上下文使用率: 1% (阈值: 50%)
[2026-05-01 21:03:54] ✅ 上下文使用率正常
[2026-05-01 21:05:33] 估算上下文使用率: 1% (阈值: 50%)
[2026-05-01 21:05:33] ✅ 上下文使用率正常
[2026-05-01 21:06:18] 估算上下文使用率: 1% (阈值: 50%)
[2026-05-01 21:06:18] ✅ 上下文使用率正常
[2026-05-01 21:36:25] 估算上下文使用率: 1% (阈值: 50%)
[2026-05-01 21:36:25] ✅ 上下文使用率正常
[2026-05-01 22:30:24] 估算上下文使用率: 1% (阈值: 50%)
[2026-05-01 22:30:24] ✅ 上下文使用率正常
[2026-05-01 22:39:09] 估算上下文使用率: 1% (阈值: 50%)
[2026-05-01 22:39:09] ✅ 上下文使用率正常
[2026-05-01 23:00:29] 估算上下文使用率: 1% (阈值: 50%)
[2026-05-01 23:00:29] ✅ 上下文使用率正常
[2026-05-01 23:39:15] 估算上下文使用率: 1% (阈值: 50%)
[2026-05-01 23:39:15] ✅ 上下文使用率正常
[2026-05-02 00:00:28] 估算上下文使用率: 1% (阈值: 50%)
[2026-05-02 00:00:28] ✅ 上下文使用率正常
[2026-05-02 00:30:24] 估算上下文使用率: 1% (阈值: 50%)
[2026-05-02 00:30:24] ✅ 上下文使用率正常
[2026-05-02 01:00:27] 估算上下文使用率: 1% (阈值: 50%)
[2026-05-02 01:00:27] ✅ 上下文使用率正常
[2026-05-02 01:02:22] 估算上下文使用率: 1% (阈值: 50%)
[2026-05-02 01:02:22] ✅ 上下文使用率正常
[2026-05-02 01:30:11] 估算上下文使用率: 1% (阈值: 50%)
[2026-05-02 01:30:11] ✅ 上下文使用率正常
[2026-05-02 01:32:04] 估算上下文使用率: 1% (阈值: 50%)
[2026-05-02 01:32:04] ✅ 上下文使用率正常
[2026-05-02 02:01:35] 估算上下文使用率: 1% (阈值: 50%)
[2026-05-02 02:01:36] ✅ 上下文使用率正常
[2026-05-02 02:31:48] 估算上下文使用率: 1% (阈值: 50%)
[2026-05-02 02:31:48] ✅ 上下文使用率正常
[2026-05-02 03:01:03] 估算上下文使用率: 1% (阈值: 50%)
[2026-05-02 03:01:03] ✅ 上下文使用率正常
[2026-05-02 03:09:26] 估算上下文使用率: 1% (阈值: 50%)
[2026-05-02 03:09:26] ✅ 上下文使用率正常
[2026-05-02 04:01:47] 估算上下文使用率: 1% (阈值: 50%)
[2026-05-02 04:01:47] ✅ 上下文使用率正常
[2026-05-02 05:09:11] 估算上下文使用率: 1% (阈值: 50%)
[2026-05-02 05:09:11] ✅ 上下文使用率正常
[2026-05-02 05:31:37] 估算上下文使用率: 1% (阈值: 50%)
[2026-05-02 05:31:37] ✅ 上下文使用率正常
[2026-05-02 06:01:40] 估算上下文使用率: 1% (阈值: 50%)
[2026-05-02 06:01:40] ✅ 上下文使用率正常
[2026-05-02 06:31:37] 估算上下文使用率: 1% (阈值: 50%)
[2026-05-02 06:31:37] ✅ 上下文使用率正常
[2026-05-02 07:01:38] 估算上下文使用率: 1% (阈值: 50%)
[2026-05-02 07:01:38] ✅ 上下文使用率正常
[2026-05-02 07:02:37] 估算上下文使用率: 1% (阈值: 50%)
[2026-05-02 07:02:37] ✅ 上下文使用率正常
[2026-05-02 07:03:33] 估算上下文使用率: 1% (阈值: 50%)
[2026-05-02 07:03:33] ✅ 上下文使用率正常
[2026-05-02 07:04:34] 估算上下文使用率: 1% (阈值: 50%)
[2026-05-02 07:04:34] ✅ 上下文使用率正常
[2026-05-02 07:05:22] 估算上下文使用率: 1% (阈值: 50%)
[2026-05-02 07:05:22] ✅ 上下文使用率正常
[2026-05-02 07:35:21] 估算上下文使用率: 1% (阈值: 50%)
[2026-05-02 07:35:21] ✅ 上下文使用率正常
[2026-05-02 08:05:21] 估算上下文使用率: 1% (阈值: 50%)
[2026-05-02 08:05:21] ✅ 上下文使用率正常
[2026-05-02 08:06:27] 估算上下文使用率: 1% (阈值: 50%)
[2026-05-02 08:06:27] ✅ 上下文使用率正常
[2026-05-02 08:36:30] 估算上下文使用率: 1% (阈值: 50%)
[2026-05-02 08:36:30] ✅ 上下文使用率正常
[2026-05-02 09:01:26] 估算上下文使用率: 1% (阈值: 50%)
[2026-05-02 09:01:26] ✅ 上下文使用率正常
[2026-05-02 09:31:22] 估算上下文使用率: 1% (阈值: 50%)
[2026-05-02 09:31:22] ✅ 上下文使用率正常
[2026-05-02 10:30:09] 估算上下文使用率: 1% (阈值: 50%)
[2026-05-02 10:30:09] ✅ 上下文使用率正常
[2026-05-02 12:00:14] 估算上下文使用率: 1% (阈值: 50%)
[2026-05-02 12:00:14] ✅ 上下文使用率正常
[2026-05-02 12:30:10] 估算上下文使用率: 1% (阈值: 50%)
[2026-05-02 12:30:10] ✅ 上下文使用率正常
[2026-05-02 15:32:47] 估算上下文使用率: 1% (阈值: 50%)
[2026-05-02 15:32:47] ✅ 上下文使用率正常
[2026-05-02 15:34:06] 估算上下文使用率: 1% (阈值: 50%)
[2026-05-02 15:34:06] ✅ 上下文使用率正常
[2026-05-02 15:39:11] 估算上下文使用率: 1% (阈值: 50%)
[2026-05-02 15:39:11] ✅ 上下文使用率正常
[2026-05-02 16:30:11] 估算上下文使用率: 1% (阈值: 50%)
[2026-05-02 16:30:11] ✅ 上下文使用率正常
[2026-05-02 17:00:09] 估算上下文使用率: 1% (阈值: 50%)
[2026-05-02 17:00:09] ✅ 上下文使用率正常
[2026-05-02 17:30:08] 估算上下文使用率: 1% (阈值: 50%)
[2026-05-02 17:30:08] ✅ 上下文使用率正常
[2026-05-02 18:01:16] 估算上下文使用率: 1% (阈值: 50%)
[2026-05-02 18:01:16] ✅ 上下文使用率正常
[2026-05-02 18:31:17] 估算上下文使用率: 1% (阈值: 50%)
[2026-05-02 18:31:17] ✅ 上下文使用率正常
[2026-05-02 19:01:17] 估算上下文使用率: 1% (阈值: 50%)
[2026-05-02 19:01:17] ✅ 上下文使用率正常
[2026-05-02 19:02:10] 估算上下文使用率: 1% (阈值: 50%)
[2026-05-02 19:02:10] ✅ 上下文使用率正常
[2026-05-02 19:32:12] 估算上下文使用率: 1% (阈值: 50%)
[2026-05-02 19:32:12] ✅ 上下文使用率正常
[2026-05-02 20:02:13] 估算上下文使用率: 1% (阈值: 50%)
[2026-05-02 20:02:13] ✅ 上下文使用率正常
[2026-05-02 20:09:11] 估算上下文使用率: 1% (阈值: 50%)
[2026-05-02 20:09:11] ✅ 上下文使用率正常
[2026-05-02 20:32:13] 估算上下文使用率: 1% (阈值: 50%)
[2026-05-02 20:32:13] ✅ 上下文使用率正常
[2026-05-02 21:02:15] 估算上下文使用率: 1% (阈值: 50%)
[2026-05-02 21:02:15] ✅ 上下文使用率正常
[2026-05-02 21:32:22] 估算上下文使用率: 1% (阈值: 50%)
[2026-05-02 21:32:22] ✅ 上下文使用率正常
[2026-05-02 22:30:12] 估算上下文使用率: 1% (阈值: 50%)
[2026-05-02 22:30:12] ✅ 上下文使用率正常
[2026-05-02 23:00:17] 估算上下文使用率: 1% (阈值: 50%)
[2026-05-02 23:00:17] ✅ 上下文使用率正常
[2026-05-03 00:00:10] 估算上下文使用率: 1% (阈值: 50%)
[2026-05-03 00:00:10] ✅ 上下文使用率正常
[2026-05-03 00:30:08] 估算上下文使用率: 1% (阈值: 50%)
[2026-05-03 00:30:08] ✅ 上下文使用率正常
[2026-05-03 01:00:10] 估算上下文使用率: 1% (阈值: 50%)
[2026-05-03 01:00:10] ✅ 上下文使用率正常
[2026-05-03 02:00:35] 估算上下文使用率: 1% (阈值: 50%)
[2026-05-03 02:00:35] ✅ 上下文使用率正常
[2026-05-03 02:30:35] 估算上下文使用率: 1% (阈值: 50%)
[2026-05-03 02:30:35] ✅ 上下文使用率正常
[2026-05-03 02:32:01] 估算上下文使用率: 1% (阈值: 50%)
[2026-05-03 02:32:01] ✅ 上下文使用率正常
[2026-05-03 03:02:03] 估算上下文使用率: 1% (阈值: 50%)
[2026-05-03 03:02:03] ✅ 上下文使用率正常
[2026-05-03 03:32:02] 估算上下文使用率: 1% (阈值: 50%)
[2026-05-03 03:32:02] ✅ 上下文使用率正常
[2026-05-03 05:01:54] 估算上下文使用率: 1% (阈值: 50%)
[2026-05-03 05:01:54] ✅ 上下文使用率正常
[2026-05-03 05:31:46] 估算上下文使用率: 1% (阈值: 50%)
[2026-05-03 05:31:46] ✅ 上下文使用率正常
[2026-05-03 06:01:46] 估算上下文使用率: 1% (阈值: 50%)
[2026-05-03 06:01:46] ✅ 上下文使用率正常
[2026-05-03 07:31:50] 估算上下文使用率: 1% (阈值: 50%)
[2026-05-03 07:31:50] ✅ 上下文使用率正常
[2026-05-03 08:02:38] 估算上下文使用率: 1% (阈值: 50%)
[2026-05-03 08:02:38] ✅ 上下文使用率正常
[2026-05-03 08:03:50] 估算上下文使用率: 1% (阈值: 50%)
[2026-05-03 08:03:50] ✅ 上下文使用率正常
[2026-05-03 08:33:41] 估算上下文使用率: 1% (阈值: 50%)
[2026-05-03 08:33:41] ✅ 上下文使用率正常
[2026-05-03 08:34:46] 估算上下文使用率: 1% (阈值: 50%)
[2026-05-03 08:34:46] ✅ 上下文使用率正常
[2026-05-03 09:05:51] 估算上下文使用率: 1% (阈值: 50%)
[2026-05-03 09:05:51] ✅ 上下文使用率正常
[2026-05-03 09:36:42] 估算上下文使用率: 1% (阈值: 50%)
[2026-05-03 09:36:42] ✅ 上下文使用率正常
[2026-05-03 10:09:18] 估算上下文使用率: 1% (阈值: 50%)
[2026-05-03 10:09:18] ✅ 上下文使用率正常
[2026-05-03 11:00:06] 估算上下文使用率: 1% (阈值: 50%)
[2026-05-03 11:00:06] ✅ 上下文使用率正常
[2026-05-03 11:30:07] 估算上下文使用率: 1% (阈值: 50%)
[2026-05-03 11:30:07] ✅ 上下文使用率正常
[2026-05-03 12:00:07] 估算上下文使用率: 1% (阈值: 50%)
[2026-05-03 12:00:07] ✅ 上下文使用率正常
[2026-05-03 12:30:09] 估算上下文使用率: 1% (阈值: 50%)
[2026-05-03 12:30:09] ✅ 上下文使用率正常
[2026-05-03 13:00:06] 估算上下文使用率: 1% (阈值: 50%)
[2026-05-03 13:00:06] ✅ 上下文使用率正常
[2026-05-03 13:30:06] 估算上下文使用率: 1% (阈值: 50%)
[2026-05-03 13:30:06] ✅ 上下文使用率正常
[2026-05-03 14:00:06] 估算上下文使用率: 1% (阈值: 50%)
[2026-05-03 14:00:06] ✅ 上下文使用率正常
[2026-05-03 14:30:07] 估算上下文使用率: 1% (阈值: 50%)
[2026-05-03 14:30:07] ✅ 上下文使用率正常
[2026-05-03 14:39:16] 估算上下文使用率: 1% (阈值: 50%)
[2026-05-03 14:39:16] ✅ 上下文使用率正常
[2026-05-03 15:00:09] 估算上下文使用率: 1% (阈值: 50%)
[2026-05-03 15:00:09] ✅ 上下文使用率正常
[2026-05-03 15:30:08] 估算上下文使用率: 1% (阈值: 50%)
[2026-05-03 15:30:08] ✅ 上下文使用率正常
[2026-05-03 15:30:59] 估算上下文使用率: 1% (阈值: 50%)
[2026-05-03 15:30:59] ✅ 上下文使用率正常
[2026-05-03 16:30:08] 估算上下文使用率: 1% (阈值: 50%)
[2026-05-03 16:30:08] ✅ 上下文使用率正常
[2026-05-03 17:00:07] 估算上下文使用率: 1% (阈值: 50%)
[2026-05-03 17:00:07] ✅ 上下文使用率正常
[2026-05-03 17:30:07] 估算上下文使用率: 1% (阈值: 50%)
[2026-05-03 17:30:07] ✅ 上下文使用率正常
[2026-05-03 17:30:56] 估算上下文使用率: 1% (阈值: 50%)
[2026-05-03 17:30:56] ✅ 上下文使用率正常
[2026-05-03 18:00:52] 估算上下文使用率: 1% (阈值: 50%)
[2026-05-03 18:00:52] ✅ 上下文使用率正常
[2026-05-03 18:01:33] 估算上下文使用率: 1% (阈值: 50%)
[2026-05-03 18:01:33] ✅ 上下文使用率正常
[2026-05-03 18:02:31] 估算上下文使用率: 1% (阈值: 50%)
[2026-05-03 18:02:31] ✅ 上下文使用率正常
[2026-05-03 18:03:24] 估算上下文使用率: 1% (阈值: 50%)
[2026-05-03 18:03:24] ✅ 上下文使用率正常
[2026-05-03 18:04:30] 估算上下文使用率: 1% (阈值: 50%)
[2026-05-03 18:04:30] ✅ 上下文使用率正常
[2026-05-03 18:34:23] 估算上下文使用率: 1% (阈值: 50%)
[2026-05-03 18:34:23] ✅ 上下文使用率正常
[2026-05-03 18:35:21] 估算上下文使用率: 1% (阈值: 50%)
[2026-05-03 18:35:21] ✅ 上下文使用率正常
[2026-05-03 18:36:24] 估算上下文使用率: 1% (阈值: 50%)
[2026-05-03 18:36:24] ✅ 上下文使用率正常
[2026-05-03 18:37:21] 估算上下文使用率: 1% (阈值: 50%)
[2026-05-03 18:37:21] ✅ 上下文使用率正常
[2026-05-03 19:07:20] 估算上下文使用率: 1% (阈值: 50%)
[2026-05-03 19:07:20] ✅ 上下文使用率正常
[2026-05-03 19:37:20] 估算上下文使用率: 1% (阈值: 50%)
[2026-05-03 19:37:20] ✅ 上下文使用率正常
[2026-05-03 20:07:22] 估算上下文使用率: 1% (阈值: 50%)
[2026-05-03 20:07:22] ✅ 上下文使用率正常
[2026-05-03 20:37:20] 估算上下文使用率: 1% (阈值: 50%)
[2026-05-03 20:37:20] ✅ 上下文使用率正常
[2026-05-03 21:07:26] 估算上下文使用率: 1% (阈值: 50%)
[2026-05-03 21:07:26] ✅ 上下文使用率正常
[2026-05-03 21:07:59] 估算上下文使用率: 1% (阈值: 50%)
[2026-05-03 21:07:59] ✅ 上下文使用率正常
[2026-05-03 21:09:02] 估算上下文使用率: 1% (阈值: 50%)
[2026-05-03 21:09:02] ✅ 上下文使用率正常
[2026-05-03 21:39:58] 估算上下文使用率: 1% (阈值: 50%)
[2026-05-03 21:39:58] ✅ 上下文使用率正常
[2026-05-03 22:30:09] 估算上下文使用率: 1% (阈值: 50%)
[2026-05-03 22:30:09] ✅ 上下文使用率正常
[2026-05-03 23:00:09] 估算上下文使用率: 1% (阈值: 50%)
[2026-05-03 23:00:09] ✅ 上下文使用率正常
[2026-05-04 01:00:09] 估算上下文使用率: 1% (阈值: 50%)
[2026-05-04 01:00:09] ✅ 上下文使用率正常
[2026-05-04 01:01:34] 估算上下文使用率: 1% (阈值: 50%)
[2026-05-04 01:01:34] ✅ 上下文使用率正常
[2026-05-04 01:31:36] 估算上下文使用率: 1% (阈值: 50%)
[2026-05-04 01:31:36] ✅ 上下文使用率正常
[2026-05-04 02:00:39] 估算上下文使用率: 1% (阈值: 50%)
[2026-05-04 02:00:39] ✅ 上下文使用率正常
[2026-05-04 02:30:39] 估算上下文使用率: 1% (阈值: 50%)
[2026-05-04 02:30:39] ✅ 上下文使用率正常
[2026-05-04 03:00:44] 估算上下文使用率: 1% (阈值: 50%)
[2026-05-04 03:00:44] ✅ 上下文使用率正常
[2026-05-04 03:30:38] 估算上下文使用率: 1% (阈值: 50%)
[2026-05-04 03:30:38] ✅ 上下文使用率正常
[2026-05-04 04:31:41] 估算上下文使用率: 1% (阈值: 50%)
[2026-05-04 04:31:41] ✅ 上下文使用率正常
[2026-05-04 05:01:43] 估算上下文使用率: 1% (阈值: 50%)
[2026-05-04 05:01:43] ✅ 上下文使用率正常
[2026-05-04 05:31:33] 估算上下文使用率: 1% (阈值: 50%)
[2026-05-04 05:31:33] ✅ 上下文使用率正常
[2026-05-04 06:01:37] 估算上下文使用率: 1% (阈值: 50%)
[2026-05-04 06:01:37] ✅ 上下文使用率正常
[2026-05-04 06:31:33] 估算上下文使用率: 1% (阈值: 50%)
[2026-05-04 06:31:33] ✅ 上下文使用率正常
[2026-05-04 07:01:35] 估算上下文使用率: 1% (阈值: 50%)
[2026-05-04 07:01:35] ✅ 上下文使用率正常
[2026-05-04 07:31:37] 估算上下文使用率: 1% (阈值: 50%)
[2026-05-04 07:31:37] ✅ 上下文使用率正常
[2026-05-04 08:01:35] 估算上下文使用率: 1% (阈值: 50%)
[2026-05-04 08:01:35] ✅ 上下文使用率正常
[2026-05-04 08:31:37] 估算上下文使用率: 1% (阈值: 50%)
[2026-05-04 08:31:37] ✅ 上下文使用率正常
[2026-05-04 08:34:42] 估算上下文使用率: 1% (阈值: 50%)
[2026-05-04 08:34:42] ✅ 上下文使用率正常
[2026-05-04 09:05:50] 估算上下文使用率: 27% (阈值: 50%)
[2026-05-04 09:05:50] ✅ 上下文使用率正常
[2026-05-04 09:35:54] 估算上下文使用率: 27% (阈值: 50%)
[2026-05-04 09:35:54] ✅ 上下文使用率正常
[2026-05-04 10:30:17] 估算上下文使用率: 27% (阈值: 50%)
[2026-05-04 10:30:17] ✅ 上下文使用率正常
[2026-05-04 10:31:08] 估算上下文使用率: 27% (阈值: 50%)
[2026-05-04 10:31:08] ✅ 上下文使用率正常
[2026-05-04 11:01:13] 估算上下文使用率: 27% (阈值: 50%)
[2026-05-04 11:01:13] ✅ 上下文使用率正常
[2026-05-04 11:02:10] 估算上下文使用率: 27% (阈值: 50%)
[2026-05-04 11:02:10] ✅ 上下文使用率正常
[2026-05-04 11:02:49] 估算上下文使用率: 27% (阈值: 50%)
[2026-05-04 11:02:49] ✅ 上下文使用率正常
[2026-05-04 11:03:47] 估算上下文使用率: 27% (阈值: 50%)
[2026-05-04 11:03:47] ✅ 上下文使用率正常
[2026-05-04 11:04:36] 估算上下文使用率: 27% (阈值: 50%)
[2026-05-04 11:04:36] ✅ 上下文使用率正常
[2026-05-04 11:34:52] 估算上下文使用率: 27% (阈值: 50%)
[2026-05-04 11:34:52] ✅ 上下文使用率正常
[2026-05-04 12:04:38] 估算上下文使用率: 27% (阈值: 50%)
[2026-05-04 12:04:38] ✅ 上下文使用率正常
[2026-05-04 12:09:15] 估算上下文使用率: 27% (阈值: 50%)
[2026-05-04 12:09:15] ✅ 上下文使用率正常
[2026-05-04 12:34:39] 估算上下文使用率: 27% (阈值: 50%)
[2026-05-04 12:34:39] ✅ 上下文使用率正常
[2026-05-04 13:04:39] 估算上下文使用率: 27% (阈值: 50%)
[2026-05-04 13:04:39] ✅ 上下文使用率正常
[2026-05-04 13:34:38] 估算上下文使用率: 27% (阈值: 50%)
[2026-05-04 13:34:38] ✅ 上下文使用率正常
[2026-05-04 13:39:27] 估算上下文使用率: 27% (阈值: 50%)
[2026-05-04 13:39:27] ✅ 上下文使用率正常
[2026-05-04 14:04:44] 估算上下文使用率: 27% (阈值: 50%)
[2026-05-04 14:04:44] ✅ 上下文使用率正常
[2026-05-04 14:06:18] 估算上下文使用率: 27% (阈值: 50%)
[2026-05-04 14:06:18] ✅ 上下文使用率正常
[2026-05-04 14:06:49] 估算上下文使用率: 27% (阈值: 50%)
[2026-05-04 14:06:49] ✅ 上下文使用率正常
[2026-05-04 14:07:24] 估算上下文使用率: 27% (阈值: 50%)
[2026-05-04 14:07:24] ✅ 上下文使用率正常
[2026-05-04 14:37:22] 估算上下文使用率: 27% (阈值: 50%)
[2026-05-04 14:37:22] ✅ 上下文使用率正常
[2026-05-04 15:07:31] 估算上下文使用率: 27% (阈值: 50%)
[2026-05-04 15:07:31] ✅ 上下文使用率正常
[2026-05-04 15:37:25] 估算上下文使用率: 27% (阈值: 50%)
[2026-05-04 15:37:25] ✅ 上下文使用率正常
[2026-05-04 16:09:22] 估算上下文使用率: 27% (阈值: 50%)
[2026-05-04 16:09:22] ✅ 上下文使用率正常
[2026-05-04 16:30:15] 估算上下文使用率: 27% (阈值: 50%)
[2026-05-04 16:30:15] ✅ 上下文使用率正常
[2026-05-04 17:00:15] 估算上下文使用率: 27% (阈值: 50%)
[2026-05-04 17:00:15] ✅ 上下文使用率正常
[2026-05-04 17:00:57] 估算上下文使用率: 27% (阈值: 50%)
[2026-05-04 17:00:57] ✅ 上下文使用率正常
[2026-05-04 17:01:45] 估算上下文使用率: 27% (阈值: 50%)
[2026-05-04 17:01:45] ✅ 上下文使用率正常
[2026-05-04 17:02:34] 估算上下文使用率: 27% (阈值: 50%)
[2026-05-04 17:02:34] ✅ 上下文使用率正常
[2026-05-04 17:03:41] 估算上下文使用率: 27% (阈值: 50%)
[2026-05-04 17:03:41] ✅ 上下文使用率正常
[2026-05-04 17:04:22] 估算上下文使用率: 27% (阈值: 50%)
[2026-05-04 17:04:22] ✅ 上下文使用率正常
[2026-05-04 17:34:30] 估算上下文使用率: 27% (阈值: 50%)
[2026-05-04 17:34:30] ✅ 上下文使用率正常
[2026-05-04 18:04:37] 估算上下文使用率: 27% (阈值: 50%)
[2026-05-04 18:04:37] ✅ 上下文使用率正常
[2026-05-04 18:05:53] 估算上下文使用率: 27% (阈值: 50%)
[2026-05-04 18:05:53] ✅ 上下文使用率正常
[2026-05-04 18:35:44] 估算上下文使用率: 27% (阈值: 50%)
[2026-05-04 18:35:44] ✅ 上下文使用率正常
[2026-05-04 19:05:46] 估算上下文使用率: 27% (阈值: 50%)
[2026-05-04 19:05:46] ✅ 上下文使用率正常
[2026-05-04 19:35:48] 估算上下文使用率: 27% (阈值: 50%)
[2026-05-04 19:35:48] ✅ 上下文使用率正常
[2026-05-04 20:05:48] 估算上下文使用率: 27% (阈值: 50%)
[2026-05-04 20:05:48] ✅ 上下文使用率正常
[2026-05-04 20:36:02] 估算上下文使用率: 27% (阈值: 50%)
[2026-05-04 20:36:02] ✅ 上下文使用率正常
[2026-05-04 21:05:44] 估算上下文使用率: 27% (阈值: 50%)
[2026-05-04 21:05:44] ✅ 上下文使用率正常
[2026-05-04 21:35:43] 估算上下文使用率: 27% (阈值: 50%)
[2026-05-04 21:35:43] ✅ 上下文使用率正常
[2026-05-04 21:36:53] 估算上下文使用率: 27% (阈值: 50%)
[2026-05-04 21:36:53] ✅ 上下文使用率正常
[2026-05-04 22:30:17] 估算上下文使用率: 27% (阈值: 50%)
[2026-05-04 22:30:17] ✅ 上下文使用率正常
[2026-05-05 00:30:14] 估算上下文使用率: 27% (阈值: 50%)
[2026-05-05 00:30:14] ✅ 上下文使用率正常
[2026-05-05 01:30:14] 估算上下文使用率: 27% (阈值: 50%)
[2026-05-05 01:30:14] ✅ 上下文使用率正常
[2026-05-05 02:30:40] 估算上下文使用率: 27% (阈值: 50%)
[2026-05-05 02:30:40] ✅ 上下文使用率正常
[2026-05-05 03:30:42] 估算上下文使用率: 27% (阈值: 50%)
[2026-05-05 03:30:42] ✅ 上下文使用率正常
[2026-05-05 05:02:08] 估算上下文使用率: 27% (阈值: 50%)
[2026-05-05 05:02:08] ✅ 上下文使用率正常
[2026-05-05 05:32:09] 估算上下文使用率: 27% (阈值: 50%)
[2026-05-05 05:32:09] ✅ 上下文使用率正常
[2026-05-05 06:02:09] 估算上下文使用率: 27% (阈值: 50%)
[2026-05-05 06:02:09] ✅ 上下文使用率正常
[2026-05-05 06:32:04] 估算上下文使用率: 27% (阈值: 50%)
[2026-05-05 06:32:04] ✅ 上下文使用率正常
[2026-05-05 06:39:39] 估算上下文使用率: 27% (阈值: 50%)
[2026-05-05 06:39:39] ✅ 上下文使用率正常
[2026-05-05 07:02:04] 估算上下文使用率: 27% (阈值: 50%)
[2026-05-05 07:02:04] ✅ 上下文使用率正常
[2026-05-05 07:32:05] 估算上下文使用率: 27% (阈值: 50%)
[2026-05-05 07:32:05] ✅ 上下文使用率正常
[2026-05-05 08:02:03] 估算上下文使用率: 27% (阈值: 50%)
[2026-05-05 08:02:03] ✅ 上下文使用率正常
[2026-05-05 08:03:18] 估算上下文使用率: 27% (阈值: 50%)
[2026-05-05 08:03:18] ✅ 上下文使用率正常
[2026-05-05 08:33:21] 估算上下文使用率: 27% (阈值: 50%)
[2026-05-05 08:33:21] ✅ 上下文使用率正常
[2026-05-05 09:25:34] 估算上下文使用率: 27% (阈值: 50%)
[2026-05-05 09:25:34] ✅ 上下文使用率正常
[2026-05-05 09:55:42] 估算上下文使用率: 27% (阈值: 50%)
[2026-05-05 09:55:42] ✅ 上下文使用率正常
[2026-05-05 10:30:20] 估算上下文使用率: 27% (阈值: 50%)
[2026-05-05 10:30:20] ✅ 上下文使用率正常
[2026-05-05 11:00:16] 估算上下文使用率: 27% (阈值: 50%)
[2026-05-05 11:00:16] ✅ 上下文使用率正常
[2026-05-05 11:30:14] 估算上下文使用率: 27% (阈值: 50%)
[2026-05-05 11:30:14] ✅ 上下文使用率正常
[2026-05-05 12:00:14] 估算上下文使用率: 27% (阈值: 50%)
[2026-05-05 12:00:14] ✅ 上下文使用率正常
[2026-05-05 13:01:32] 估算上下文使用率: 27% (阈值: 50%)
[2026-05-05 13:01:32] ✅ 上下文使用率正常
[2026-05-05 14:01:29] 估算上下文使用率: 27% (阈值: 50%)
[2026-05-05 14:01:29] ✅ 上下文使用率正常
[2026-05-05 14:31:30] 估算上下文使用率: 27% (阈值: 50%)
[2026-05-05 14:31:30] ✅ 上下文使用率正常
[2026-05-05 15:01:31] 估算上下文使用率: 27% (阈值: 50%)
[2026-05-05 15:01:31] ✅ 上下文使用率正常
[2026-05-05 15:31:29] 估算上下文使用率: 27% (阈值: 50%)
[2026-05-05 15:31:29] ✅ 上下文使用率正常
[2026-05-05 16:30:08] 估算上下文使用率: 27% (阈值: 50%)
[2026-05-05 16:30:08] ✅ 上下文使用率正常
[2026-05-05 17:00:09] 估算上下文使用率: 27% (阈值: 50%)
[2026-05-05 17:00:09] ✅ 上下文使用率正常
[2026-05-05 17:30:07] 估算上下文使用率: 27% (阈值: 50%)
[2026-05-05 17:30:07] ✅ 上下文使用率正常
[2026-05-05 18:00:08] 估算上下文使用率: 27% (阈值: 50%)
[2026-05-05 18:00:08] ✅ 上下文使用率正常
[2026-05-05 18:10:49] 估算上下文使用率: 27% (阈值: 50%)
[2026-05-05 18:10:49] ✅ 上下文使用率正常
[2026-05-05 18:30:07] 估算上下文使用率: 27% (阈值: 50%)
[2026-05-05 18:30:07] ✅ 上下文使用率正常
[2026-05-05 19:00:12] 估算上下文使用率: 27% (阈值: 50%)
[2026-05-05 19:00:12] ✅ 上下文使用率正常
[2026-05-05 19:30:07] 估算上下文使用率: 27% (阈值: 50%)
[2026-05-05 19:30:07] ✅ 上下文使用率正常
[2026-05-05 20:00:12] 估算上下文使用率: 27% (阈值: 50%)
[2026-05-05 20:00:12] ✅ 上下文使用率正常
[2026-05-05 20:30:08] 估算上下文使用率: 27% (阈值: 50%)
[2026-05-05 20:30:08] ✅ 上下文使用率正常
[2026-05-05 20:30:51] 估算上下文使用率: 27% (阈值: 50%)
[2026-05-05 20:30:52] ✅ 上下文使用率正常
[2026-05-05 21:00:52] 估算上下文使用率: 27% (阈值: 50%)
[2026-05-05 21:00:52] ✅ 上下文使用率正常
[2026-05-05 21:30:52] 估算上下文使用率: 27% (阈值: 50%)
[2026-05-05 21:30:52] ✅ 上下文使用率正常
[2026-05-05 22:30:08] 估算上下文使用率: 27% (阈值: 50%)
[2026-05-05 22:30:08] ✅ 上下文使用率正常
[2026-05-06 00:30:09] 估算上下文使用率: 27% (阈值: 50%)
[2026-05-06 00:30:09] ✅ 上下文使用率正常
[2026-05-06 01:00:10] 估算上下文使用率: 27% (阈值: 50%)
[2026-05-06 01:00:10] ✅ 上下文使用率正常
[2026-05-06 01:01:50] 估算上下文使用率: 27% (阈值: 50%)
[2026-05-06 01:01:50] ✅ 上下文使用率正常
[2026-05-06 01:31:41] 估算上下文使用率: 27% (阈值: 50%)
[2026-05-06 01:31:41] ✅ 上下文使用率正常
[2026-05-06 02:00:21] 估算上下文使用率: 27% (阈值: 50%)
[2026-05-06 02:00:21] ✅ 上下文使用率正常
[2026-05-06 02:30:23] 估算上下文使用率: 27% (阈值: 50%)
[2026-05-06 02:30:23] ✅ 上下文使用率正常
[2026-05-06 03:01:21] 估算上下文使用率: 27% (阈值: 50%)
[2026-05-06 03:01:21] ✅ 上下文使用率正常
[2026-05-06 03:31:19] 估算上下文使用率: 27% (阈值: 50%)
[2026-05-06 03:31:19] ✅ 上下文使用率正常
[2026-05-06 04:02:03] 估算上下文使用率: 27% (阈值: 50%)
[2026-05-06 04:02:03] ✅ 上下文使用率正常
[2026-05-06 04:32:04] 估算上下文使用率: 27% (阈值: 50%)
[2026-05-06 04:32:04] ✅ 上下文使用率正常
[2026-05-06 05:02:04] 估算上下文使用率: 27% (阈值: 50%)
[2026-05-06 05:02:04] ✅ 上下文使用率正常
[2026-05-06 05:32:00] 估算上下文使用率: 27% (阈值: 50%)
[2026-05-06 05:32:00] ✅ 上下文使用率正常
[2026-05-06 06:02:02] 估算上下文使用率: 27% (阈值: 50%)
[2026-05-06 06:02:02] ✅ 上下文使用率正常
[2026-05-06 06:32:01] 估算上下文使用率: 27% (阈值: 50%)
[2026-05-06 06:32:01] ✅ 上下文使用率正常
[2026-05-06 07:02:03] 估算上下文使用率: 27% (阈值: 50%)
[2026-05-06 07:02:03] ✅ 上下文使用率正常
[2026-05-06 07:03:37] 估算上下文使用率: 27% (阈值: 50%)
[2026-05-06 07:03:37] ✅ 上下文使用率正常
[2026-05-06 07:33:42] 估算上下文使用率: 27% (阈值: 50%)
[2026-05-06 07:33:43] ✅ 上下文使用率正常
[2026-05-06 08:03:44] 估算上下文使用率: 27% (阈值: 50%)
[2026-05-06 08:03:44] ✅ 上下文使用率正常
[2026-05-06 08:04:45] 估算上下文使用率: 27% (阈值: 50%)
[2026-05-06 08:04:45] ✅ 上下文使用率正常
[2026-05-06 08:34:54] 估算上下文使用率: 27% (阈值: 50%)
[2026-05-06 08:34:54] ✅ 上下文使用率正常
[2026-05-06 09:04:11] 估算上下文使用率: 27% (阈值: 50%)
[2026-05-06 09:04:11] ✅ 上下文使用率正常
[2026-05-06 09:33:55] 估算上下文使用率: 27% (阈值: 50%)
[2026-05-06 09:33:55] ✅ 上下文使用率正常
[2026-05-06 10:30:22] 估算上下文使用率: 1% (阈值: 50%)
[2026-05-06 10:30:22] ✅ 上下文使用率正常
[2026-05-06 11:00:36] 估算上下文使用率: 1% (阈值: 50%)
[2026-05-06 11:00:36] ✅ 上下文使用率正常
[2026-05-06 11:01:25] 估算上下文使用率: 1% (阈值: 50%)
[2026-05-06 11:01:25] ✅ 上下文使用率正常
[2026-05-06 11:02:01] 估算上下文使用率: 1% (阈值: 50%)
[2026-05-06 11:02:01] ✅ 上下文使用率正常
[2026-05-06 11:32:04] 估算上下文使用率: 1% (阈值: 50%)
[2026-05-06 11:32:04] ✅ 上下文使用率正常
[2026-05-06 12:02:11] 估算上下文使用率: 1% (阈值: 50%)
[2026-05-06 12:02:11] ✅ 上下文使用率正常
[2026-05-06 12:03:23] 估算上下文使用率: 1% (阈值: 50%)
[2026-05-06 12:03:23] ✅ 上下文使用率正常
[2026-05-06 12:33:19] 估算上下文使用率: 1% (阈值: 50%)
[2026-05-06 12:33:19] ✅ 上下文使用率正常
[2026-05-06 13:03:17] 估算上下文使用率: 1% (阈值: 50%)
[2026-05-06 13:03:17] ✅ 上下文使用率正常
[2026-05-06 13:33:19] 估算上下文使用率: 1% (阈值: 50%)
[2026-05-06 13:33:19] ✅ 上下文使用率正常
[2026-05-06 14:03:19] 估算上下文使用率: 1% (阈值: 50%)
[2026-05-06 14:03:19] ✅ 上下文使用率正常
[2026-05-06 14:33:23] 估算上下文使用率: 1% (阈值: 50%)
[2026-05-06 14:33:23] ✅ 上下文使用率正常
[2026-05-06 15:03:24] 估算上下文使用率: 1% (阈值: 50%)
[2026-05-06 15:03:24] ✅ 上下文使用率正常
[2026-05-06 15:33:20] 估算上下文使用率: 1% (阈值: 50%)
[2026-05-06 15:33:20] ✅ 上下文使用率正常
[2026-05-06 16:31:28] 估算上下文使用率: 1% (阈值: 50%)
[2026-05-06 16:31:28] ✅ 上下文使用率正常
[2026-05-06 17:01:27] 估算上下文使用率: 1% (阈值: 50%)
[2026-05-06 17:01:27] ✅ 上下文使用率正常
[2026-05-06 17:31:57] 估算上下文使用率: 1% (阈值: 50%)
[2026-05-06 17:31:57] ✅ 上下文使用率正常
[2026-05-06 17:32:14] 估算上下文使用率: 1% (阈值: 50%)
[2026-05-06 17:32:14] ✅ 上下文使用率正常
[2026-05-06 17:33:33] 估算上下文使用率: 1% (阈值: 50%)
[2026-05-06 17:33:33] ✅ 上下文使用率正常
[2026-05-06 18:03:10] 估算上下文使用率: 1% (阈值: 50%)
[2026-05-06 18:03:10] ✅ 上下文使用率正常
[2026-05-06 18:33:09] 估算上下文使用率: 1% (阈值: 50%)
[2026-05-06 18:33:09] ✅ 上下文使用率正常
[2026-05-06 18:40:50] 估算上下文使用率: 1% (阈值: 50%)
[2026-05-06 18:40:50] ✅ 上下文使用率正常
[2026-05-06 19:03:15] 估算上下文使用率: 1% (阈值: 50%)
[2026-05-06 19:03:15] ✅ 上下文使用率正常
[2026-05-06 19:10:35] 估算上下文使用率: 1% (阈值: 50%)
[2026-05-06 19:10:35] ✅ 上下文使用率正常
[2026-05-06 19:33:16] 估算上下文使用率: 1% (阈值: 50%)
[2026-05-06 19:33:16] ✅ 上下文使用率正常
[2026-05-06 20:03:09] 估算上下文使用率: 1% (阈值: 50%)
[2026-05-06 20:03:09] ✅ 上下文使用率正常
[2026-05-06 21:03:11] 估算上下文使用率: 1% (阈值: 50%)
[2026-05-06 21:03:11] ✅ 上下文使用率正常
[2026-05-06 21:33:13] 估算上下文使用率: 1% (阈值: 50%)
[2026-05-06 21:33:13] ✅ 上下文使用率正常
[2026-05-06 21:40:38] 估算上下文使用率: 1% (阈值: 50%)
[2026-05-06 21:40:38] ✅ 上下文使用率正常
[2026-05-06 21:41:17] 估算上下文使用率: 1% (阈值: 50%)
[2026-05-06 21:41:17] ✅ 上下文使用率正常
[2026-05-06 23:00:23] 估算上下文使用率: 1% (阈值: 50%)
[2026-05-06 23:00:23] ✅ 上下文使用率正常
[2026-05-07 00:30:14] 估算上下文使用率: 1% (阈值: 50%)
[2026-05-07 00:30:14] ✅ 上下文使用率正常
[2026-05-07 01:00:13] 估算上下文使用率: 1% (阈值: 50%)
[2026-05-07 01:00:13] ✅ 上下文使用率正常
[2026-05-07 01:30:20] 估算上下文使用率: 1% (阈值: 50%)
[2026-05-07 01:30:20] ✅ 上下文使用率正常
[2026-05-07 02:00:41] 估算上下文使用率: 1% (阈值: 50%)
[2026-05-07 02:00:41] ✅ 上下文使用率正常
[2026-05-07 02:30:36] 估算上下文使用率: 1% (阈值: 50%)
[2026-05-07 02:30:36] ✅ 上下文使用率正常
[2026-05-07 03:30:33] 估算上下文使用率: 1% (阈值: 50%)
[2026-05-07 03:30:33] ✅ 上下文使用率正常
[2026-05-07 05:01:54] 估算上下文使用率: 1% (阈值: 50%)
[2026-05-07 05:01:54] ✅ 上下文使用率正常
[2026-05-07 05:31:53] 估算上下文使用率: 1% (阈值: 50%)
[2026-05-07 05:31:53] ✅ 上下文使用率正常
[2026-05-07 06:01:51] 估算上下文使用率: 1% (阈值: 50%)
[2026-05-07 06:01:51] ✅ 上下文使用率正常
[2026-05-07 06:10:35] 估算上下文使用率: 1% (阈值: 50%)
[2026-05-07 06:10:35] ✅ 上下文使用率正常
[2026-05-07 06:31:50] 估算上下文使用率: 1% (阈值: 50%)
[2026-05-07 06:31:50] ✅ 上下文使用率正常
[2026-05-07 07:01:50] 估算上下文使用率: 1% (阈值: 50%)
[2026-05-07 07:01:50] ✅ 上下文使用率正常
[2026-05-07 07:10:33] 估算上下文使用率: 1% (阈值: 50%)
[2026-05-07 07:10:33] ✅ 上下文使用率正常
[2026-05-07 07:31:51] 估算上下文使用率: 1% (阈值: 50%)
[2026-05-07 07:31:51] ✅ 上下文使用率正常
[2026-05-07 08:01:50] 估算上下文使用率: 1% (阈值: 50%)
[2026-05-07 08:01:50] ✅ 上下文使用率正常
[2026-05-07 08:32:06] 估算上下文使用率: 1% (阈值: 50%)
[2026-05-07 08:32:06] ✅ 上下文使用率正常
[2026-05-07 09:04:52] 估算上下文使用率: 1% (阈值: 50%)
[2026-05-07 09:04:52] ✅ 上下文使用率正常
[2026-05-07 09:05:55] 估算上下文使用率: 1% (阈值: 50%)
[2026-05-07 09:05:55] ✅ 上下文使用率正常
[2026-05-07 09:36:02] 估算上下文使用率: 1% (阈值: 50%)
[2026-05-07 09:36:02] ✅ 上下文使用率正常
[2026-05-07 10:30:13] 估算上下文使用率: 1% (阈值: 50%)
[2026-05-07 10:30:13] ✅ 上下文使用率正常
[2026-05-07 11:00:22] 估算上下文使用率: 1% (阈值: 50%)
[2026-05-07 11:00:22] ✅ 上下文使用率正常
[2026-05-07 11:30:16] 估算上下文使用率: 1% (阈值: 50%)
[2026-05-07 11:30:16] ✅ 上下文使用率正常
[2026-05-07 11:31:21] 估算上下文使用率: 1% (阈值: 50%)
[2026-05-07 11:31:21] ✅ 上下文使用率正常
[2026-05-07 12:01:29] 估算上下文使用率: 1% (阈值: 50%)
[2026-05-07 12:01:29] ✅ 上下文使用率正常
[2026-05-07 12:31:25] 估算上下文使用率: 1% (阈值: 50%)
[2026-05-07 12:31:25] ✅ 上下文使用率正常
[2026-05-07 13:01:24] 估算上下文使用率: 1% (阈值: 50%)
[2026-05-07 13:01:24] ✅ 上下文使用率正常
[2026-05-07 13:31:23] 估算上下文使用率: 1% (阈值: 50%)
[2026-05-07 13:31:23] ✅ 上下文使用率正常
[2026-05-07 14:01:33] 估算上下文使用率: 1% (阈值: 50%)
[2026-05-07 14:01:33] ✅ 上下文使用率正常
[2026-05-07 14:31:33] 估算上下文使用率: 1% (阈值: 50%)
[2026-05-07 14:31:33] ✅ 上下文使用率正常
[2026-05-07 14:32:28] 估算上下文使用率: 1% (阈值: 50%)
[2026-05-07 14:32:28] ✅ 上下文使用率正常
[2026-05-07 15:02:27] 估算上下文使用率: 1% (阈值: 50%)
[2026-05-07 15:02:27] ✅ 上下文使用率正常
[2026-05-07 15:32:25] 估算上下文使用率: 1% (阈值: 50%)
[2026-05-07 15:32:25] ✅ 上下文使用率正常
[2026-05-07 16:30:11] 估算上下文使用率: 1% (阈值: 50%)
[2026-05-07 16:30:11] ✅ 上下文使用率正常
[2026-05-07 17:00:14] 估算上下文使用率: 1% (阈值: 50%)
[2026-05-07 17:00:14] ✅ 上下文使用率正常
[2026-05-07 17:01:20] 估算上下文使用率: 1% (阈值: 50%)
[2026-05-07 17:01:20] ✅ 上下文使用率正常
[2026-05-07 17:31:22] 估算上下文使用率: 1% (阈值: 50%)
[2026-05-07 17:31:22] ✅ 上下文使用率正常
[2026-05-07 18:01:18] 估算上下文使用率: 1% (阈值: 50%)
[2026-05-07 18:01:18] ✅ 上下文使用率正常
[2026-05-07 18:31:20] 估算上下文使用率: 1% (阈值: 50%)
[2026-05-07 18:31:20] ✅ 上下文使用率正常
[2026-05-07 18:40:37] 估算上下文使用率: 1% (阈值: 50%)
[2026-05-07 18:40:37] ✅ 上下文使用率正常
[2026-05-07 19:01:18] 估算上下文使用率: 1% (阈值: 50%)
[2026-05-07 19:01:18] ✅ 上下文使用率正常
[2026-05-07 19:31:17] 估算上下文使用率: 1% (阈值: 50%)
[2026-05-07 19:31:17] ✅ 上下文使用率正常
[2026-05-07 20:01:19] 估算上下文使用率: 1% (阈值: 50%)
[2026-05-07 20:01:19] ✅ 上下文使用率正常
[2026-05-07 20:02:23] 估算上下文使用率: 1% (阈值: 50%)
[2026-05-07 20:02:23] ✅ 上下文使用率正常
[2026-05-07 20:32:22] 估算上下文使用率: 1% (阈值: 50%)
[2026-05-07 20:32:22] ✅ 上下文使用率正常
[2026-05-07 21:02:28] 估算上下文使用率: 1% (阈值: 50%)
[2026-05-07 21:02:28] ✅ 上下文使用率正常
[2026-05-07 21:32:32] 估算上下文使用率: 1% (阈值: 50%)
[2026-05-07 21:32:32] ✅ 上下文使用率正常
[2026-05-07 22:30:26] 估算上下文使用率: 1% (阈值: 50%)
[2026-05-07 22:30:26] ✅ 上下文使用率正常
[2026-05-07 23:00:18] 估算上下文使用率: 1% (阈值: 50%)
[2026-05-07 23:00:18] ✅ 上下文使用率正常
[2026-05-08 00:00:18] 估算上下文使用率: 1% (阈值: 50%)
[2026-05-08 00:00:18] ✅ 上下文使用率正常
[2026-05-08 00:30:22] 估算上下文使用率: 1% (阈值: 50%)
[2026-05-08 00:30:22] ✅ 上下文使用率正常
[2026-05-08 00:40:37] 估算上下文使用率: 1% (阈值: 50%)
[2026-05-08 00:40:37] ✅ 上下文使用率正常
[2026-05-08 01:31:55] 估算上下文使用率: 1% (阈值: 50%)
[2026-05-08 01:31:55] ✅ 上下文使用率正常
[2026-05-08 02:30:39] 估算上下文使用率: 1% (阈值: 50%)
[2026-05-08 02:30:39] ✅ 上下文使用率正常
[2026-05-08 03:00:54] 估算上下文使用率: 1% (阈值: 50%)
[2026-05-08 03:00:54] ✅ 上下文使用率正常
[2026-05-08 03:30:40] 估算上下文使用率: 1% (阈值: 50%)
[2026-05-08 03:30:40] ✅ 上下文使用率正常
[2026-05-08 04:31:48] 估算上下文使用率: 1% (阈值: 50%)
[2026-05-08 04:31:48] ✅ 上下文使用率正常
[2026-05-08 05:01:53] 估算上下文使用率: 1% (阈值: 50%)
[2026-05-08 05:01:53] ✅ 上下文使用率正常
[2026-05-08 06:01:48] 估算上下文使用率: 1% (阈值: 50%)
[2026-05-08 06:01:48] ✅ 上下文使用率正常
[2026-05-08 06:31:48] 估算上下文使用率: 1% (阈值: 50%)
[2026-05-08 06:31:48] ✅ 上下文使用率正常
[2026-05-08 07:01:50] 估算上下文使用率: 1% (阈值: 50%)
[2026-05-08 07:01:50] ✅ 上下文使用率正常
[2026-05-08 07:02:50] 估算上下文使用率: 1% (阈值: 50%)
[2026-05-08 07:02:50] ✅ 上下文使用率正常
[2026-05-08 07:03:41] 估算上下文使用率: 1% (阈值: 50%)
[2026-05-08 07:03:41] ✅ 上下文使用率正常
[2026-05-08 07:04:31] 估算上下文使用率: 1% (阈值: 50%)
[2026-05-08 07:04:31] ✅ 上下文使用率正常
[2026-05-08 07:34:33] 估算上下文使用率: 1% (阈值: 50%)
[2026-05-08 07:34:33] ✅ 上下文使用率正常
[2026-05-08 07:36:01] 估算上下文使用率: 1% (阈值: 50%)
[2026-05-08 07:36:01] ✅ 上下文使用率正常
[2026-05-08 07:36:18] 估算上下文使用率: 1% (阈值: 50%)
[2026-05-08 07:36:18] ✅ 上下文使用率正常
[2026-05-08 07:37:25] 估算上下文使用率: 1% (阈值: 50%)
[2026-05-08 07:37:25] ✅ 上下文使用率正常
[2026-05-08 07:38:06] 估算上下文使用率: 1% (阈值: 50%)
[2026-05-08 07:38:06] ✅ 上下文使用率正常
[2026-05-08 08:08:12] 估算上下文使用率: 1% (阈值: 50%)
[2026-05-08 08:08:12] ✅ 上下文使用率正常
[2026-05-08 08:38:10] 估算上下文使用率: 1% (阈值: 50%)
[2026-05-08 08:38:10] ✅ 上下文使用率正常
[2026-05-08 08:39:22] 估算上下文使用率: 1% (阈值: 50%)
[2026-05-08 08:39:22] ✅ 上下文使用率正常
[2026-05-08 09:04:25] 估算上下文使用率: 1% (阈值: 50%)
[2026-05-08 09:04:25] ✅ 上下文使用率正常
[2026-05-08 09:34:20] 估算上下文使用率: 1% (阈值: 50%)
[2026-05-08 09:34:20] ✅ 上下文使用率正常
[2026-05-08 10:30:10] 估算上下文使用率: 1% (阈值: 50%)
[2026-05-08 10:30:10] ✅ 上下文使用率正常
[2026-05-08 10:31:18] 估算上下文使用率: 1% (阈值: 50%)
[2026-05-08 10:31:18] ✅ 上下文使用率正常
[2026-05-08 10:32:17] 估算上下文使用率: 1% (阈值: 50%)
[2026-05-08 10:32:17] ✅ 上下文使用率正常
[2026-05-08 10:33:40] 估算上下文使用率: 1% (阈值: 50%)
[2026-05-08 10:33:40] ✅ 上下文使用率正常
[2026-05-08 11:03:43] 估算上下文使用率: 1% (阈值: 50%)
[2026-05-08 11:03:43] ✅ 上下文使用率正常
[2026-05-08 11:33:48] 估算上下文使用率: 1% (阈值: 50%)
[2026-05-08 11:33:48] ✅ 上下文使用率正常
[2026-05-08 12:03:56] 估算上下文使用率: 1% (阈值: 50%)
[2026-05-08 12:03:56] ✅ 上下文使用率正常
[2026-05-08 12:05:02] 估算上下文使用率: 1% (阈值: 50%)
[2026-05-08 12:05:02] ✅ 上下文使用率正常
[2026-05-08 12:10:36] 估算上下文使用率: 1% (阈值: 50%)
[2026-05-08 12:10:36] ✅ 上下文使用率正常
[2026-05-08 12:35:12] 估算上下文使用率: 1% (阈值: 50%)
[2026-05-08 12:35:12] ✅ 上下文使用率正常
[2026-05-08 12:36:04] 估算上下文使用率: 1% (阈值: 50%)
[2026-05-08 12:36:04] ✅ 上下文使用率正常
[2026-05-08 13:06:13] 估算上下文使用率: 1% (阈值: 50%)
[2026-05-08 13:06:13] ✅ 上下文使用率正常
[2026-05-08 13:36:06] 估算上下文使用率: 1% (阈值: 50%)
[2026-05-08 13:36:06] ✅ 上下文使用率正常
[2026-05-08 13:37:30] 估算上下文使用率: 1% (阈值: 50%)
[2026-05-08 13:37:30] ✅ 上下文使用率正常
[2026-05-08 13:38:21] 估算上下文使用率: 1% (阈值: 50%)
[2026-05-08 13:38:21] ✅ 上下文使用率正常
[2026-05-08 14:08:27] 估算上下文使用率: 1% (阈值: 50%)
[2026-05-08 14:08:27] ✅ 上下文使用率正常
[2026-05-08 14:38:31] 估算上下文使用率: 1% (阈值: 50%)
[2026-05-08 14:38:31] ✅ 上下文使用率正常
[2026-05-08 14:56:37] 估算上下文使用率: 1% (阈值: 50%)
[2026-05-08 14:56:37] ✅ 上下文使用率正常
[2026-05-08 14:57:52] 估算上下文使用率: 1% (阈值: 50%)
[2026-05-08 14:57:52] ✅ 上下文使用率正常
[2026-05-08 15:28:01] 估算上下文使用率: 1% (阈值: 50%)
[2026-05-08 15:28:01] ✅ 上下文使用率正常
[2026-05-08 15:58:17] 估算上下文使用率: 1% (阈值: 50%)
[2026-05-08 15:58:17] ✅ 上下文使用率正常
[2026-05-08 16:30:24] 估算上下文使用率: 1% (阈值: 50%)
[2026-05-08 16:30:24] ✅ 上下文使用率正常
[2026-05-08 16:31:50] 估算上下文使用率: 1% (阈值: 50%)
[2026-05-08 16:31:50] ✅ 上下文使用率正常
[2026-05-08 17:02:02] 估算上下文使用率: 1% (阈值: 50%)
[2026-05-08 17:02:02] ✅ 上下文使用率正常
[2026-05-08 17:03:24] 估算上下文使用率: 1% (阈值: 50%)
[2026-05-08 17:03:24] ✅ 上下文使用率正常
[2026-05-08 17:04:41] 估算上下文使用率: 1% (阈值: 50%)
[2026-05-08 17:04:41] ✅ 上下文使用率正常
[2026-05-08 17:34:48] 估算上下文使用率: 1% (阈值: 50%)
[2026-05-08 17:34:48] ✅ 上下文使用率正常
[2026-05-08 18:06:40] 估算上下文使用率: 1% (阈值: 50%)
[2026-05-08 18:06:40] ✅ 上下文使用率正常
[2026-05-08 18:08:04] 估算上下文使用率: 1% (阈值: 50%)
[2026-05-08 18:08:04] ✅ 上下文使用率正常
[2026-05-08 18:38:07] 估算上下文使用率: 1% (阈值: 50%)
[2026-05-08 18:38:07] ✅ 上下文使用率正常
[2026-05-08 19:08:01] 估算上下文使用率: 1% (阈值: 50%)
[2026-05-08 19:08:01] ✅ 上下文使用率正常
[2026-05-08 19:08:51] 估算上下文使用率: 1% (阈值: 50%)
[2026-05-08 19:08:51] ✅ 上下文使用率正常
[2026-05-08 19:38:58] 估算上下文使用率: 1% (阈值: 50%)
[2026-05-08 19:38:58] ✅ 上下文使用率正常
[2026-05-08 20:09:04] 估算上下文使用率: 1% (阈值: 50%)
[2026-05-08 20:09:04] ✅ 上下文使用率正常
[2026-05-08 20:10:39] 估算上下文使用率: 1% (阈值: 50%)
[2026-05-08 20:10:39] ✅ 上下文使用率正常
[2026-05-08 20:38:57] 估算上下文使用率: 1% (阈值: 50%)
[2026-05-08 20:38:57] ✅ 上下文使用率正常
[2026-05-08 21:08:54] 估算上下文使用率: 1% (阈值: 50%)
[2026-05-08 21:08:54] ✅ 上下文使用率正常
[2026-05-08 21:10:45] 估算上下文使用率: 1% (阈值: 50%)
[2026-05-08 21:10:45] ✅ 上下文使用率正常
[2026-05-08 21:38:51] 估算上下文使用率: 1% (阈值: 50%)
[2026-05-08 21:38:51] ✅ 上下文使用率正常
[2026-05-08 21:41:21] 估算上下文使用率: 1% (阈值: 50%)
[2026-05-08 21:41:21] ✅ 上下文使用率正常
[2026-05-08 22:30:11] 估算上下文使用率: 1% (阈值: 50%)
[2026-05-08 22:30:11] ✅ 上下文使用率正常
[2026-05-08 23:00:18] 估算上下文使用率: 1% (阈值: 50%)
[2026-05-08 23:00:18] ✅ 上下文使用率正常
[2026-05-09 00:30:32] 估算上下文使用率: 1% (阈值: 50%)
[2026-05-09 00:30:32] ✅ 上下文使用率正常
[2026-05-09 03:01:04] 估算上下文使用率: 1% (阈值: 50%)
[2026-05-09 03:01:04] ✅ 上下文使用率正常
[2026-05-09 04:31:57] 估算上下文使用率: 1% (阈值: 50%)
[2026-05-09 04:31:57] ✅ 上下文使用率正常
[2026-05-09 05:01:55] 估算上下文使用率: 1% (阈值: 50%)
[2026-05-09 05:01:55] ✅ 上下文使用率正常
[2026-05-09 05:31:58] 估算上下文使用率: 1% (阈值: 50%)
[2026-05-09 05:31:58] ✅ 上下文使用率正常
[2026-05-09 06:01:54] 估算上下文使用率: 1% (阈值: 50%)
[2026-05-09 06:01:54] ✅ 上下文使用率正常
[2026-05-09 06:31:53] 估算上下文使用率: 1% (阈值: 50%)
[2026-05-09 06:31:53] ✅ 上下文使用率正常
[2026-05-09 07:01:58] 估算上下文使用率: 1% (阈值: 50%)
[2026-05-09 07:01:58] ✅ 上下文使用率正常
[2026-05-09 07:03:32] 估算上下文使用率: 1% (阈值: 50%)
[2026-05-09 07:03:32] ✅ 上下文使用率正常
[2026-05-09 07:33:37] 估算上下文使用率: 1% (阈值: 50%)
[2026-05-09 07:33:37] ✅ 上下文使用率正常
[2026-05-09 08:03:35] 估算上下文使用率: 1% (阈值: 50%)
[2026-05-09 08:03:35] ✅ 上下文使用率正常
[2026-05-09 08:04:46] 估算上下文使用率: 1% (阈值: 50%)
[2026-05-09 08:04:46] ✅ 上下文使用率正常
[2026-05-09 08:34:51] 估算上下文使用率: 1% (阈值: 50%)
[2026-05-09 08:34:51] ✅ 上下文使用率正常
[2026-05-09 09:03:57] 估算上下文使用率: 1% (阈值: 50%)
[2026-05-09 09:03:57] ✅ 上下文使用率正常
[2026-05-09 09:34:12] 估算上下文使用率: 1% (阈值: 50%)
[2026-05-09 09:34:12] ✅ 上下文使用率正常
[2026-05-09 10:30:12] 估算上下文使用率: 1% (阈值: 50%)
[2026-05-09 10:30:12] ✅ 上下文使用率正常
[2026-05-09 11:00:11] 估算上下文使用率: 1% (阈值: 50%)
[2026-05-09 11:00:11] ✅ 上下文使用率正常
[2026-05-09 11:10:40] 估算上下文使用率: 1% (阈值: 50%)
[2026-05-09 11:10:41] ✅ 上下文使用率正常
[2026-05-09 11:11:33] 估算上下文使用率: 1% (阈值: 50%)
[2026-05-09 11:11:33] ✅ 上下文使用率正常
[2026-05-09 11:12:31] 估算上下文使用率: 1% (阈值: 50%)
[2026-05-09 11:12:31] ✅ 上下文使用率正常
[2026-05-09 11:42:33] 估算上下文使用率: 1% (阈值: 50%)
[2026-05-09 11:42:33] ✅ 上下文使用率正常
[2026-05-09 12:12:36] 估算上下文使用率: 1% (阈值: 50%)
[2026-05-09 12:12:36] ✅ 上下文使用率正常
[2026-05-09 12:42:33] 估算上下文使用率: 1% (阈值: 50%)
[2026-05-09 12:42:33] ✅ 上下文使用率正常
[2026-05-09 13:12:33] 估算上下文使用率: 1% (阈值: 50%)
[2026-05-09 13:12:33] ✅ 上下文使用率正常
[2026-05-09 13:13:27] 估算上下文使用率: 1% (阈值: 50%)
[2026-05-09 13:13:27] ✅ 上下文使用率正常
[2026-05-09 13:14:12] 估算上下文使用率: 1% (阈值: 50%)
[2026-05-09 13:14:12] ✅ 上下文使用率正常
[2026-05-09 13:44:13] 估算上下文使用率: 1% (阈值: 50%)
[2026-05-09 13:44:13] ✅ 上下文使用率正常
[2026-05-09 13:45:06] 估算上下文使用率: 1% (阈值: 50%)
[2026-05-09 13:45:06] ✅ 上下文使用率正常
[2026-05-09 14:15:03] 估算上下文使用率: 1% (阈值: 50%)
[2026-05-09 14:15:03] ✅ 上下文使用率正常
[2026-05-09 14:16:04] 估算上下文使用率: 1% (阈值: 50%)
[2026-05-09 14:16:04] ✅ 上下文使用率正常
[2026-05-09 14:45:57] 估算上下文使用率: 1% (阈值: 50%)
[2026-05-09 14:45:57] ✅ 上下文使用率正常
[2026-05-09 15:15:55] 估算上下文使用率: 1% (阈值: 50%)
[2026-05-09 15:15:55] ✅ 上下文使用率正常
[2026-05-09 15:45:58] 估算上下文使用率: 1% (阈值: 50%)
[2026-05-09 15:45:58] ✅ 上下文使用率正常
[2026-05-09 15:47:00] 估算上下文使用率: 1% (阈值: 50%)
[2026-05-09 15:47:00] ✅ 上下文使用率正常
[2026-05-09 15:47:48] 估算上下文使用率: 1% (阈值: 50%)
[2026-05-09 15:47:48] ✅ 上下文使用率正常
[2026-05-09 16:01:16] 估算上下文使用率: 1% (阈值: 50%)
[2026-05-09 16:01:16] ✅ 上下文使用率正常
[2026-05-09 16:31:13] 估算上下文使用率: 1% (阈值: 50%)
[2026-05-09 16:31:13] ✅ 上下文使用率正常
[2026-05-09 17:01:18] 估算上下文使用率: 1% (阈值: 50%)
[2026-05-09 17:01:18] ✅ 上下文使用率正常
[2026-05-09 17:02:11] 估算上下文使用率: 1% (阈值: 50%)
[2026-05-09 17:02:11] ✅ 上下文使用率正常
[2026-05-09 17:32:11] 估算上下文使用率: 1% (阈值: 50%)
[2026-05-09 17:32:11] ✅ 上下文使用率正常
[2026-05-09 18:02:11] 估算上下文使用率: 1% (阈值: 50%)
[2026-05-09 18:02:11] ✅ 上下文使用率正常
[2026-05-09 18:32:10] 估算上下文使用率: 1% (阈值: 50%)
[2026-05-09 18:32:10] ✅ 上下文使用率正常
[2026-05-09 18:32:57] 估算上下文使用率: 1% (阈值: 50%)
[2026-05-09 18:32:57] ✅ 上下文使用率正常
[2026-05-09 19:02:52] 估算上下文使用率: 1% (阈值: 50%)
[2026-05-09 19:02:52] ✅ 上下文使用率正常
[2026-05-09 19:32:58] 估算上下文使用率: 1% (阈值: 50%)
[2026-05-09 19:32:58] ✅ 上下文使用率正常
[2026-05-09 19:33:42] 估算上下文使用率: 1% (阈值: 50%)
[2026-05-09 19:33:42] ✅ 上下文使用率正常
[2026-05-09 19:34:57] 估算上下文使用率: 1% (阈值: 50%)
[2026-05-09 19:34:57] ✅ 上下文使用率正常
[2026-05-09 20:04:41] 估算上下文使用率: 1% (阈值: 50%)
[2026-05-09 20:04:41] ✅ 上下文使用率正常
[2026-05-09 20:34:42] 估算上下文使用率: 1% (阈值: 50%)
[2026-05-09 20:34:42] ✅ 上下文使用率正常
[2026-05-09 21:04:42] 估算上下文使用率: 1% (阈值: 50%)
[2026-05-09 21:04:42] ✅ 上下文使用率正常
[2026-05-09 21:34:41] 估算上下文使用率: 1% (阈值: 50%)
[2026-05-09 21:34:41] ✅ 上下文使用率正常
[2026-05-09 22:02:03] 估算上下文使用率: 1% (阈值: 50%)
[2026-05-09 22:02:03] ✅ 上下文使用率正常
[2026-05-09 22:02:46] 估算上下文使用率: 1% (阈值: 50%)
[2026-05-09 22:02:46] ✅ 上下文使用率正常
[2026-05-09 22:32:38] 估算上下文使用率: 1% (阈值: 50%)
[2026-05-09 22:32:38] ✅ 上下文使用率正常
[2026-05-09 23:02:35] 估算上下文使用率: 1% (阈值: 50%)
[2026-05-09 23:02:35] ✅ 上下文使用率正常
[2026-05-10 00:00:13] 估算上下文使用率: 1% (阈值: 50%)
[2026-05-10 00:00:13] ✅ 上下文使用率正常
[2026-05-10 00:30:09] 估算上下文使用率: 1% (阈值: 50%)
[2026-05-10 00:30:09] ✅ 上下文使用率正常
[2026-05-10 01:00:12] 估算上下文使用率: 1% (阈值: 50%)
[2026-05-10 01:00:12] ✅ 上下文使用率正常
[2026-05-10 02:00:52] 估算上下文使用率: 1% (阈值: 50%)
[2026-05-10 02:00:52] ✅ 上下文使用率正常
[2026-05-10 03:00:54] 估算上下文使用率: 1% (阈值: 50%)
[2026-05-10 03:00:54] ✅ 上下文使用率正常
[2026-05-10 03:02:39] 估算上下文使用率: 1% (阈值: 50%)
[2026-05-10 03:02:39] ✅ 上下文使用率正常
[2026-05-10 03:32:35] 估算上下文使用率: 1% (阈值: 50%)
[2026-05-10 03:32:35] ✅ 上下文使用率正常
[2026-05-10 04:02:03] 估算上下文使用率: 1% (阈值: 50%)
[2026-05-10 04:02:03] ✅ 上下文使用率正常
[2026-05-10 05:32:12] 估算上下文使用率: 1% (阈值: 50%)
[2026-05-10 05:32:12] ✅ 上下文使用率正常
[2026-05-10 05:40:43] 估算上下文使用率: 1% (阈值: 50%)
[2026-05-10 05:40:43] ✅ 上下文使用率正常
[2026-05-10 06:32:03] 估算上下文使用率: 1% (阈值: 50%)
[2026-05-10 06:32:03] ✅ 上下文使用率正常
[2026-05-10 07:02:05] 估算上下文使用率: 1% (阈值: 50%)
[2026-05-10 07:02:05] ✅ 上下文使用率正常
[2026-05-10 07:03:05] 估算上下文使用率: 1% (阈值: 50%)
[2026-05-10 07:03:05] ✅ 上下文使用率正常
[2026-05-10 07:10:40] 估算上下文使用率: 1% (阈值: 50%)
[2026-05-10 07:10:40] ✅ 上下文使用率正常
[2026-05-10 07:33:07] 估算上下文使用率: 1% (阈值: 50%)
[2026-05-10 07:33:07] ✅ 上下文使用率正常
[2026-05-10 07:34:19] 估算上下文使用率: 1% (阈值: 50%)
[2026-05-10 07:34:19] ✅ 上下文使用率正常
[2026-05-10 08:04:21] 估算上下文使用率: 1% (阈值: 50%)
[2026-05-10 08:04:21] ✅ 上下文使用率正常
[2026-05-10 08:34:26] 估算上下文使用率: 1% (阈值: 50%)
[2026-05-10 08:34:26] ✅ 上下文使用率正常
[2026-05-10 08:35:38] 估算上下文使用率: 1% (阈值: 50%)
[2026-05-10 08:35:38] ✅ 上下文使用率正常
[2026-05-10 09:07:19] 估算上下文使用率: 1% (阈值: 50%)
[2026-05-10 09:07:19] ✅ 上下文使用率正常
[2026-05-10 09:37:38] 估算上下文使用率: 1% (阈值: 50%)
[2026-05-10 09:37:38] ✅ 上下文使用率正常
[2026-05-10 10:30:09] 估算上下文使用率: 1% (阈值: 50%)
[2026-05-10 10:30:09] ✅ 上下文使用率正常
[2026-05-10 11:00:17] 估算上下文使用率: 1% (阈值: 50%)
[2026-05-10 11:00:17] ✅ 上下文使用率正常
[2026-05-10 11:30:12] 估算上下文使用率: 1% (阈值: 50%)
[2026-05-10 11:30:12] ✅ 上下文使用率正常
[2026-05-10 11:31:24] 估算上下文使用率: 1% (阈值: 50%)
[2026-05-10 11:31:24] ✅ 上下文使用率正常
[2026-05-10 12:01:37] 估算上下文使用率: 1% (阈值: 50%)
[2026-05-10 12:01:37] ✅ 上下文使用率正常
[2026-05-10 12:31:17] 估算上下文使用率: 1% (阈值: 50%)
[2026-05-10 12:31:17] ✅ 上下文使用率正常
[2026-05-10 13:01:18] 估算上下文使用率: 1% (阈值: 50%)
[2026-05-10 13:01:18] ✅ 上下文使用率正常
[2026-05-10 13:02:42] 估算上下文使用率: 1% (阈值: 50%)
[2026-05-10 13:02:42] ✅ 上下文使用率正常
[2026-05-10 13:32:50] 估算上下文使用率: 1% (阈值: 50%)
[2026-05-10 13:32:50] ✅ 上下文使用率正常
[2026-05-10 14:02:46] 估算上下文使用率: 1% (阈值: 50%)
[2026-05-10 14:02:46] ✅ 上下文使用率正常
[2026-05-10 14:03:44] 估算上下文使用率: 1% (阈值: 50%)
[2026-05-10 14:03:44] ✅ 上下文使用率正常
[2026-05-10 14:33:50] 估算上下文使用率: 1% (阈值: 50%)
[2026-05-10 14:33:50] ✅ 上下文使用率正常
[2026-05-10 15:03:52] 估算上下文使用率: 1% (阈值: 50%)
[2026-05-10 15:03:52] ✅ 上下文使用率正常
[2026-05-10 15:33:49] 估算上下文使用率: 1% (阈值: 50%)
[2026-05-10 15:33:49] ✅ 上下文使用率正常
[2026-05-10 16:30:08] 估算上下文使用率: 1% (阈值: 50%)
[2026-05-10 16:30:08] ✅ 上下文使用率正常
[2026-05-10 16:30:56] 估算上下文使用率: 1% (阈值: 50%)
[2026-05-10 16:30:56] ✅ 上下文使用率正常
[2026-05-10 16:31:50] 估算上下文使用率: 1% (阈值: 50%)
[2026-05-10 16:31:50] ✅ 上下文使用率正常
[2026-05-10 17:01:55] 估算上下文使用率: 1% (阈值: 50%)
[2026-05-10 17:01:55] ✅ 上下文使用率正常
[2026-05-10 17:03:27] 估算上下文使用率: 1% (阈值: 50%)
[2026-05-10 17:03:27] ✅ 上下文使用率正常
[2026-05-10 17:10:51] 估算上下文使用率: 1% (阈值: 50%)
[2026-05-10 17:10:51] ✅ 上下文使用率正常
[2026-05-10 17:33:31] 估算上下文使用率: 1% (阈值: 50%)
[2026-05-10 17:33:31] ✅ 上下文使用率正常
[2026-05-10 18:03:59] 估算上下文使用率: 1% (阈值: 50%)
[2026-05-10 18:03:59] ✅ 上下文使用率正常
[2026-05-10 18:05:39] 估算上下文使用率: 1% (阈值: 50%)
[2026-05-10 18:05:39] ✅ 上下文使用率正常
[2026-05-10 18:35:33] 估算上下文使用率: 1% (阈值: 50%)
[2026-05-10 18:35:33] ✅ 上下文使用率正常
[2026-05-10 18:36:52] 估算上下文使用率: 1% (阈值: 50%)
[2026-05-10 18:36:52] ✅ 上下文使用率正常
[2026-05-10 19:06:57] 估算上下文使用率: 1% (阈值: 50%)
[2026-05-10 19:06:57] ✅ 上下文使用率正常
[2026-05-10 19:36:54] 估算上下文使用率: 1% (阈值: 50%)
[2026-05-10 19:36:54] ✅ 上下文使用率正常
[2026-05-10 20:07:05] 估算上下文使用率: 1% (阈值: 50%)
[2026-05-10 20:07:05] ✅ 上下文使用率正常
[2026-05-10 20:36:56] 估算上下文使用率: 1% (阈值: 50%)
[2026-05-10 20:36:56] ✅ 上下文使用率正常
[2026-05-10 21:06:54] 估算上下文使用率: 1% (阈值: 50%)
[2026-05-10 21:06:54] ✅ 上下文使用率正常
[2026-05-10 21:37:04] 估算上下文使用率: 1% (阈值: 50%)
[2026-05-10 21:37:04] ✅ 上下文使用率正常
[2026-05-10 22:30:14] 估算上下文使用率: 1% (阈值: 50%)
[2026-05-10 22:30:14] ✅ 上下文使用率正常
[2026-06-02 08:06:24] 估算上下文使用率: 1% (阈值: 50%)
[2026-06-02 08:06:24] ✅ 上下文使用率正常
[2026-06-02 08:06:42] 估算上下文使用率: 1% (阈值: 50%)
[2026-06-02 08:06:42] ✅ 上下文使用率正常
[2026-06-02 08:36:44] 估算上下文使用率: 1% (阈值: 50%)
[2026-06-02 08:36:44] ✅ 上下文使用率正常
[2026-06-02 08:37:38] 估算上下文使用率: 1% (阈值: 50%)
[2026-06-02 08:37:38] ✅ 上下文使用率正常
[2026-06-02 09:04:44] 估算上下文使用率: 1% (阈值: 50%)
[2026-06-02 09:04:44] ✅ 上下文使用率正常
[2026-06-02 09:36:03] 估算上下文使用率: 1% (阈值: 50%)
[2026-06-02 09:36:03] ✅ 上下文使用率正常
[2026-06-02 10:00:40] 估算上下文使用率: 1% (阈值: 50%)
[2026-06-02 10:00:40] ✅ 上下文使用率正常
[2026-06-02 10:30:39] 估算上下文使用率: 1% (阈值: 50%)
[2026-06-02 10:30:39] ✅ 上下文使用率正常
[2026-06-02 10:31:15] 估算上下文使用率: 1% (阈值: 50%)
[2026-06-02 10:31:15] ✅ 上下文使用率正常
[2026-06-02 11:01:15] 估算上下文使用率: 1% (阈值: 50%)
[2026-06-02 11:01:15] ✅ 上下文使用率正常
[2026-06-02 11:31:14] 估算上下文使用率: 1% (阈值: 50%)
[2026-06-02 11:31:14] ✅ 上下文使用率正常
[2026-06-02 11:41:31] 估算上下文使用率: 1% (阈值: 50%)
[2026-06-02 11:41:31] ✅ 上下文使用率正常
[2026-06-02 11:42:01] 估算上下文使用率: 1% (阈值: 50%)
[2026-06-02 11:42:01] ✅ 上下文使用率正常
[2026-06-02 12:12:02] 估算上下文使用率: 1% (阈值: 50%)
[2026-06-02 12:12:02] ✅ 上下文使用率正常
[2026-06-02 12:12:37] 估算上下文使用率: 1% (阈值: 50%)
[2026-06-02 12:12:37] ✅ 上下文使用率正常
[2026-06-02 12:42:34] 估算上下文使用率: 1% (阈值: 50%)
[2026-06-02 12:42:34] ✅ 上下文使用率正常
[2026-06-02 13:11:29] 估算上下文使用率: 1% (阈值: 50%)
[2026-06-02 13:11:29] ✅ 上下文使用率正常
[2026-06-02 13:12:34] 估算上下文使用率: 1% (阈值: 50%)
[2026-06-02 13:12:34] ✅ 上下文使用率正常
[2026-06-02 13:13:04] 估算上下文使用率: 1% (阈值: 50%)
[2026-06-02 13:13:04] ✅ 上下文使用率正常
[2026-06-02 13:43:05] 估算上下文使用率: 1% (阈值: 50%)
[2026-06-02 13:43:05] ✅ 上下文使用率正常
[2026-06-02 14:13:10] 估算上下文使用率: 1% (阈值: 50%)
[2026-06-02 14:13:10] ✅ 上下文使用率正常
[2026-06-02 14:43:09] 估算上下文使用率: 1% (阈值: 50%)
[2026-06-02 14:43:09] ✅ 上下文使用率正常
[2026-06-02 15:13:05] 估算上下文使用率: 1% (阈值: 50%)
[2026-06-02 15:13:05] ✅ 上下文使用率正常
[2026-06-02 15:43:05] 估算上下文使用率: 1% (阈值: 50%)
[2026-06-02 15:43:05] ✅ 上下文使用率正常
[2026-06-02 16:30:07] 估算上下文使用率: 1% (阈值: 50%)
[2026-06-02 16:30:07] ✅ 上下文使用率正常
[2026-06-02 17:00:07] 估算上下文使用率: 1% (阈值: 50%)
[2026-06-02 17:00:07] ✅ 上下文使用率正常
[2026-06-02 17:00:38] 估算上下文使用率: 1% (阈值: 50%)
[2026-06-02 17:00:38] ✅ 上下文使用率正常
[2026-06-02 17:01:19] 估算上下文使用率: 1% (阈值: 50%)
[2026-06-02 17:01:19] ✅ 上下文使用率正常
[2026-06-02 17:02:15] 估算上下文使用率: 1% (阈值: 50%)
[2026-06-02 17:02:15] ✅ 上下文使用率正常
[2026-06-02 17:02:46] 估算上下文使用率: 1% (阈值: 50%)
[2026-06-02 17:02:46] ✅ 上下文使用率正常
[2026-06-02 17:32:47] 估算上下文使用率: 1% (阈值: 50%)
[2026-06-02 17:32:47] ✅ 上下文使用率正常
[2026-06-02 18:02:48] 估算上下文使用率: 1% (阈值: 50%)
[2026-06-02 18:02:48] ✅ 上下文使用率正常
[2026-06-02 18:32:49] 估算上下文使用率: 1% (阈值: 50%)
[2026-06-02 18:32:49] ✅ 上下文使用率正常
[2026-06-02 19:02:47] 估算上下文使用率: 1% (阈值: 50%)
[2026-06-02 19:02:47] ✅ 上下文使用率正常
[2026-06-02 19:32:48] 估算上下文使用率: 1% (阈值: 50%)
[2026-06-02 19:32:48] ✅ 上下文使用率正常
[2026-06-02 19:33:23] 估算上下文使用率: 1% (阈值: 50%)
[2026-06-02 19:33:23] ✅ 上下文使用率正常
[2026-06-02 20:03:22] 估算上下文使用率: 1% (阈值: 50%)
[2026-06-02 20:03:22] ✅ 上下文使用率正常
[2026-06-02 20:33:23] 估算上下文使用率: 1% (阈值: 50%)
[2026-06-02 20:33:23] ✅ 上下文使用率正常
[2026-06-02 21:03:23] 估算上下文使用率: 1% (阈值: 50%)
[2026-06-02 21:03:23] ✅ 上下文使用率正常
[2026-06-02 21:34:03] 估算上下文使用率: 1% (阈值: 50%)
[2026-06-02 21:34:03] ✅ 上下文使用率正常
[2026-06-02 22:30:10] 估算上下文使用率: 1% (阈值: 50%)
[2026-06-02 22:30:10] ✅ 上下文使用率正常
[2026-06-02 23:00:07] 估算上下文使用率: 1% (阈值: 50%)
[2026-06-02 23:00:07] ✅ 上下文使用率正常
[2026-06-02 23:41:37] 估算上下文使用率: 1% (阈值: 50%)
[2026-06-02 23:41:37] ✅ 上下文使用率正常
[2026-06-03 00:00:08] 估算上下文使用率: 1% (阈值: 50%)
[2026-06-03 00:00:08] ✅ 上下文使用率正常
[2026-06-03 00:11:32] 估算上下文使用率: 1% (阈值: 50%)
[2026-06-03 00:11:32] ✅ 上下文使用率正常
[2026-06-03 00:30:08] 估算上下文使用率: 1% (阈值: 50%)
[2026-06-03 00:30:08] ✅ 上下文使用率正常
[2026-06-03 02:00:46] 估算上下文使用率: 1% (阈值: 50%)
[2026-06-03 02:00:46] ✅ 上下文使用率正常
[2026-06-03 02:02:00] 估算上下文使用率: 1% (阈值: 50%)
[2026-06-03 02:02:00] ✅ 上下文使用率正常
[2026-06-03 02:31:57] 估算上下文使用率: 1% (阈值: 50%)
[2026-06-03 02:31:57] ✅ 上下文使用率正常
[2026-06-03 03:01:56] 估算上下文使用率: 1% (阈值: 50%)
[2026-06-03 03:01:56] ✅ 上下文使用率正常
[2026-06-03 04:01:38] 估算上下文使用率: 1% (阈值: 50%)
[2026-06-03 04:01:38] ✅ 上下文使用率正常
[2026-06-03 04:31:37] 估算上下文使用率: 1% (阈值: 50%)
[2026-06-03 04:31:37] ✅ 上下文使用率正常
[2026-06-03 05:31:34] 估算上下文使用率: 1% (阈值: 50%)
[2026-06-03 05:31:34] ✅ 上下文使用率正常
[2026-06-03 06:00:33] 估算上下文使用率: 1% (阈值: 50%)
[2026-06-03 06:00:33] ✅ 上下文使用率正常
[2026-06-03 06:30:33] 估算上下文使用率: 1% (阈值: 50%)
[2026-06-03 06:30:33] ✅ 上下文使用率正常
[2026-06-03 07:00:33] 估算上下文使用率: 1% (阈值: 50%)
[2026-06-03 07:00:33] ✅ 上下文使用率正常
[2026-06-03 07:30:34] 估算上下文使用率: 1% (阈值: 50%)
[2026-06-03 07:30:34] ✅ 上下文使用率正常
[2026-06-03 07:41:29] 估算上下文使用率: 1% (阈值: 50%)
[2026-06-03 07:41:29] ✅ 上下文使用率正常
[2026-06-03 08:00:33] 估算上下文使用率: 1% (阈值: 50%)
[2026-06-03 08:00:33] ✅ 上下文使用率正常
[2026-06-03 08:02:30] 估算上下文使用率: 1% (阈值: 50%)
[2026-06-03 08:02:30] ✅ 上下文使用率正常
[2026-06-03 08:03:21] 估算上下文使用率: 1% (阈值: 50%)
[2026-06-03 08:03:21] ✅ 上下文使用率正常
[2026-06-03 08:33:18] 估算上下文使用率: 1% (阈值: 50%)
[2026-06-03 08:33:18] ✅ 上下文使用率正常
[2026-06-03 08:33:58] 估算上下文使用率: 1% (阈值: 50%)
[2026-06-03 08:33:58] ✅ 上下文使用率正常
[2026-06-03 08:34:38] 估算上下文使用率: 1% (阈值: 50%)
[2026-06-03 08:34:38] ✅ 上下文使用率正常
[2026-06-03 08:35:22] 估算上下文使用率: 1% (阈值: 50%)
[2026-06-03 08:35:22] ✅ 上下文使用率正常
[2026-06-03 09:04:32] 估算上下文使用率: 1% (阈值: 50%)
[2026-06-03 09:04:32] ✅ 上下文使用率正常
[2026-06-03 09:11:29] 估算上下文使用率: 1% (阈值: 50%)
[2026-06-03 09:11:29] ✅ 上下文使用率正常
[2026-06-03 09:34:22] 估算上下文使用率: 1% (阈值: 50%)
[2026-06-03 09:34:22] ✅ 上下文使用率正常
[2026-06-03 10:30:08] 估算上下文使用率: 1% (阈值: 50%)
[2026-06-03 10:30:08] ✅ 上下文使用率正常
[2026-06-03 11:00:15] 估算上下文使用率: 1% (阈值: 50%)
[2026-06-03 11:00:15] ✅ 上下文使用率正常
[2026-06-03 11:01:27] 估算上下文使用率: 1% (阈值: 50%)
[2026-06-03 11:01:27] ✅ 上下文使用率正常
[2026-06-03 11:02:53] 估算上下文使用率: 1% (阈值: 50%)
[2026-06-03 11:02:53] ✅ 上下文使用率正常
[2026-06-03 11:32:51] 估算上下文使用率: 1% (阈值: 50%)
[2026-06-03 11:32:51] ✅ 上下文使用率正常
[2026-06-03 12:02:56] 估算上下文使用率: 1% (阈值: 50%)
[2026-06-03 12:02:56] ✅ 上下文使用率正常
[2026-06-03 12:33:01] 估算上下文使用率: 1% (阈值: 50%)
[2026-06-03 12:33:01] ✅ 上下文使用率正常
[2026-06-03 13:02:52] 估算上下文使用率: 1% (阈值: 50%)
[2026-06-03 13:02:52] ✅ 上下文使用率正常
[2026-06-03 13:32:51] 估算上下文使用率: 1% (阈值: 50%)
[2026-06-03 13:32:51] ✅ 上下文使用率正常
[2026-06-03 14:02:52] 估算上下文使用率: 1% (阈值: 50%)
[2026-06-03 14:02:52] ✅ 上下文使用率正常
[2026-06-03 15:03:03] 估算上下文使用率: 1% (阈值: 50%)
[2026-06-03 15:03:03] ✅ 上下文使用率正常
[2026-06-03 15:04:12] 估算上下文使用率: 1% (阈值: 50%)
[2026-06-03 15:04:12] ✅ 上下文使用率正常
[2026-06-03 15:33:50] 估算上下文使用率: 1% (阈值: 50%)
[2026-06-03 15:33:50] ✅ 上下文使用率正常
[2026-06-03 16:00:17] 估算上下文使用率: 1% (阈值: 50%)
[2026-06-03 16:00:17] ✅ 上下文使用率正常
[2026-06-03 16:30:13] 估算上下文使用率: 1% (阈值: 50%)
[2026-06-03 16:30:13] ✅ 上下文使用率正常
[2026-06-03 16:31:39] 估算上下文使用率: 1% (阈值: 50%)
[2026-06-03 16:31:39] ✅ 上下文使用率正常
[2026-06-03 16:33:43] 估算上下文使用率: 1% (阈值: 50%)
[2026-06-03 16:33:43] ✅ 上下文使用率正常
[2026-06-03 17:02:44] 估算上下文使用率: 1% (阈值: 50%)
[2026-06-03 17:02:44] ✅ 上下文使用率正常
[2026-06-03 17:32:40] 估算上下文使用率: 1% (阈值: 50%)
[2026-06-03 17:32:40] ✅ 上下文使用率正常
[2026-06-03 17:33:47] 估算上下文使用率: 1% (阈值: 50%)
[2026-06-03 17:33:47] ✅ 上下文使用率正常
[2026-06-03 18:03:46] 估算上下文使用率: 1% (阈值: 50%)
[2026-06-03 18:03:46] ✅ 上下文使用率正常
[2026-06-03 18:33:46] 估算上下文使用率: 1% (阈值: 50%)
[2026-06-03 18:33:46] ✅ 上下文使用率正常
[2026-06-03 19:03:48] 估算上下文使用率: 1% (阈值: 50%)
[2026-06-03 19:03:48] ✅ 上下文使用率正常
[2026-06-03 19:33:46] 估算上下文使用率: 1% (阈值: 50%)
[2026-06-03 19:33:46] ✅ 上下文使用率正常
[2026-06-03 20:03:53] 估算上下文使用率: 1% (阈值: 50%)
[2026-06-03 20:03:53] ✅ 上下文使用率正常
[2026-06-03 20:33:49] 估算上下文使用率: 1% (阈值: 50%)
[2026-06-03 20:33:49] ✅ 上下文使用率正常
[2026-06-03 21:03:55] 估算上下文使用率: 1% (阈值: 50%)
[2026-06-03 21:03:55] ✅ 上下文使用率正常
[2026-06-03 21:33:47] 估算上下文使用率: 1% (阈值: 50%)
[2026-06-03 21:33:47] ✅ 上下文使用率正常
[2026-06-03 22:30:40] 估算上下文使用率: 1% (阈值: 50%)
[2026-06-03 22:30:40] ✅ 上下文使用率正常
[2026-06-03 23:00:09] 估算上下文使用率: 1% (阈值: 50%)
[2026-06-03 23:00:09] ✅ 上下文使用率正常
[2026-06-04 00:00:13] 估算上下文使用率: 1% (阈值: 50%)
[2026-06-04 00:00:13] ✅ 上下文使用率正常
[2026-06-04 00:30:10] 估算上下文使用率: 1% (阈值: 50%)
[2026-06-04 00:30:10] ✅ 上下文使用率正常
[2026-06-04 02:00:48] 估算上下文使用率: 1% (阈值: 50%)
[2026-06-04 02:00:48] ✅ 上下文使用率正常
[2026-06-04 03:41:32] 估算上下文使用率: 1% (阈值: 50%)
[2026-06-04 03:41:32] ✅ 上下文使用率正常
[2026-06-04 04:41:30] 估算上下文使用率: 1% (阈值: 50%)
[2026-06-04 04:41:30] ✅ 上下文使用率正常
[2026-06-04 05:00:08] 估算上下文使用率: 1% (阈值: 50%)
[2026-06-04 05:00:08] ✅ 上下文使用率正常
[2026-06-04 05:30:07] 估算上下文使用率: 1% (阈值: 50%)
[2026-06-04 05:30:07] ✅ 上下文使用率正常
[2026-06-04 06:00:07] 估算上下文使用率: 1% (阈值: 50%)
[2026-06-04 06:00:07] ✅ 上下文使用率正常
[2026-06-04 07:00:06] 估算上下文使用率: 1% (阈值: 50%)
[2026-06-04 07:00:06] ✅ 上下文使用率正常
[2026-06-04 07:00:42] 估算上下文使用率: 1% (阈值: 50%)
[2026-06-04 07:00:42] ✅ 上下文使用率正常
[2026-06-04 07:30:41] 估算上下文使用率: 1% (阈值: 50%)
[2026-06-04 07:30:41] ✅ 上下文使用率正常
[2026-06-04 08:00:41] 估算上下文使用率: 1% (阈值: 50%)
[2026-06-04 08:00:41] ✅ 上下文使用率正常
[2026-06-04 08:11:32] 估算上下文使用率: 1% (阈值: 50%)
[2026-06-04 08:11:32] ✅ 上下文使用率正常
[2026-06-04 08:12:01] 估算上下文使用率: 1% (阈值: 50%)
[2026-06-04 08:12:01] ✅ 上下文使用率正常
[2026-06-04 08:42:00] 估算上下文使用率: 1% (阈值: 50%)
[2026-06-04 08:42:00] ✅ 上下文使用率正常
[2026-06-04 08:42:39] 估算上下文使用率: 1% (阈值: 50%)
[2026-06-04 08:42:39] ✅ 上下文使用率正常
[2026-06-04 11:30:34] 估算上下文使用率: 1% (阈值: 50%)
[2026-06-04 11:30:34] ✅ 上下文使用率正常
[2026-06-04 11:31:19] 估算上下文使用率: 1% (阈值: 50%)
[2026-06-04 11:31:19] ✅ 上下文使用率正常
[2026-06-04 12:02:19] 估算上下文使用率: 1% (阈值: 50%)
[2026-06-04 12:02:19] ✅ 上下文使用率正常
[2026-06-04 12:32:13] 估算上下文使用率: 1% (阈值: 50%)
[2026-06-04 12:32:13] ✅ 上下文使用率正常
[2026-06-04 13:02:10] 估算上下文使用率: 1% (阈值: 50%)
[2026-06-04 13:02:10] ✅ 上下文使用率正常
[2026-06-04 13:11:29] 估算上下文使用率: 1% (阈值: 50%)
[2026-06-04 13:11:29] ✅ 上下文使用率正常
[2026-06-04 14:02:12] 估算上下文使用率: 1% (阈值: 50%)
[2026-06-04 14:02:12] ✅ 上下文使用率正常
[2026-06-04 14:32:19] 估算上下文使用率: 1% (阈值: 50%)
[2026-06-04 14:32:19] ✅ 上下文使用率正常
[2026-06-04 17:00:15] 估算上下文使用率: 1% (阈值: 50%)
[2026-06-04 17:00:15] ✅ 上下文使用率正常
[2026-06-04 18:00:13] 估算上下文使用率: 1% (阈值: 50%)
[2026-06-04 18:00:13] ✅ 上下文使用率正常
[2026-06-04 18:30:10] 估算上下文使用率: 1% (阈值: 50%)
[2026-06-04 18:30:10] ✅ 上下文使用率正常
[2026-06-04 19:00:15] 估算上下文使用率: 1% (阈值: 50%)
[2026-06-04 19:00:15] ✅ 上下文使用率正常
[2026-06-04 19:01:04] 估算上下文使用率: 1% (阈值: 50%)
[2026-06-04 19:01:04] ✅ 上下文使用率正常
[2026-06-04 19:31:07] 估算上下文使用率: 1% (阈值: 50%)
[2026-06-04 19:31:07] ✅ 上下文使用率正常
[2026-06-04 20:01:18] 估算上下文使用率: 1% (阈值: 50%)
[2026-06-04 20:01:18] ✅ 上下文使用率正常
[2026-06-04 21:01:09] 估算上下文使用率: 1% (阈值: 50%)
[2026-06-04 21:01:09] ✅ 上下文使用率正常
[2026-06-04 22:30:11] 估算上下文使用率: 1% (阈值: 50%)
[2026-06-04 22:30:11] ✅ 上下文使用率正常
[2026-06-04 23:00:17] 估算上下文使用率: 1% (阈值: 50%)
[2026-06-04 23:00:17] ✅ 上下文使用率正常
[2026-06-05 00:00:10] 估算上下文使用率: 1% (阈值: 50%)
[2026-06-05 00:00:10] ✅ 上下文使用率正常
[2026-06-05 02:11:39] 估算上下文使用率: 1% (阈值: 50%)
[2026-06-05 02:11:39] ✅ 上下文使用率正常
[2026-06-05 04:01:31] 估算上下文使用率: 1% (阈值: 50%)
[2026-06-05 04:01:31] ✅ 上下文使用率正常
[2026-06-05 04:11:32] 估算上下文使用率: 1% (阈值: 50%)
[2026-06-05 04:11:32] ✅ 上下文使用率正常
[2026-06-05 04:31:33] 估算上下文使用率: 1% (阈值: 50%)
[2026-06-05 04:31:33] ✅ 上下文使用率正常
[2026-06-05 05:01:33] 估算上下文使用率: 1% (阈值: 50%)
[2026-06-05 05:01:33] ✅ 上下文使用率正常
[2026-06-05 05:31:53] 估算上下文使用率: 1% (阈值: 50%)
[2026-06-05 05:31:53] ✅ 上下文使用率正常
[2026-06-05 06:31:34] 估算上下文使用率: 1% (阈值: 50%)
[2026-06-05 06:31:34] ✅ 上下文使用率正常
[2026-06-05 07:01:39] 估算上下文使用率: 1% (阈值: 50%)
[2026-06-05 07:01:39] ✅ 上下文使用率正常
[2026-06-05 07:02:13] 估算上下文使用率: 1% (阈值: 50%)
[2026-06-05 07:02:13] ✅ 上下文使用率正常
[2026-06-05 07:11:30] 估算上下文使用率: 1% (阈值: 50%)
[2026-06-05 07:11:30] ✅ 上下文使用率正常
[2026-06-05 08:02:18] 估算上下文使用率: 1% (阈值: 50%)
[2026-06-05 08:02:18] ✅ 上下文使用率正常
[2026-06-05 08:11:32] 估算上下文使用率: 1% (阈值: 50%)
[2026-06-05 08:11:32] ✅ 上下文使用率正常
[2026-06-05 08:11:58] 估算上下文使用率: 1% (阈值: 50%)
[2026-06-05 08:11:58] ✅ 上下文使用率正常
[2026-06-05 08:12:45] 估算上下文使用率: 1% (阈值: 50%)
[2026-06-05 08:12:45] ✅ 上下文使用率正常
[2026-06-05 08:42:44] 估算上下文使用率: 1% (阈值: 50%)
[2026-06-05 08:42:44] ✅ 上下文使用率正常
[2026-06-05 09:03:48] 估算上下文使用率: 1% (阈值: 50%)
[2026-06-05 09:03:48] ✅ 上下文使用率正常
[2026-06-05 10:30:24] 估算上下文使用率: 1% (阈值: 50%)
[2026-06-05 10:30:24] ✅ 上下文使用率正常
[2026-06-05 11:00:15] 估算上下文使用率: 1% (阈值: 50%)
[2026-06-05 11:00:15] ✅ 上下文使用率正常
[2026-06-05 11:30:21] 估算上下文使用率: 1% (阈值: 50%)
[2026-06-05 11:30:21] ✅ 上下文使用率正常
[2026-06-05 12:01:35] 估算上下文使用率: 1% (阈值: 50%)
[2026-06-05 12:01:35] ✅ 上下文使用率正常
[2026-06-05 12:31:37] 估算上下文使用率: 1% (阈值: 50%)
[2026-06-05 12:31:37] ✅ 上下文使用率正常
[2026-06-05 12:41:33] 估算上下文使用率: 1% (阈值: 50%)
[2026-06-05 12:41:33] ✅ 上下文使用率正常
[2026-06-05 13:01:41] 估算上下文使用率: 1% (阈值: 50%)
[2026-06-05 13:01:41] ✅ 上下文使用率正常
[2026-06-05 13:31:38] 估算上下文使用率: 1% (阈值: 50%)
[2026-06-05 13:31:38] ✅ 上下文使用率正常
[2026-06-05 14:01:40] 估算上下文使用率: 1% (阈值: 50%)
[2026-06-05 14:01:40] ✅ 上下文使用率正常
[2026-06-05 14:31:40] 估算上下文使用率: 1% (阈值: 50%)
[2026-06-05 14:31:40] ✅ 上下文使用率正常
[2026-06-05 14:41:33] 估算上下文使用率: 1% (阈值: 50%)
[2026-06-05 14:41:33] ✅ 上下文使用率正常
[2026-06-05 14:42:08] 估算上下文使用率: 1% (阈值: 50%)
[2026-06-05 14:42:08] ✅ 上下文使用率正常
[2026-06-05 15:12:14] 估算上下文使用率: 1% (阈值: 50%)
[2026-06-05 15:12:14] ✅ 上下文使用率正常
[2026-06-05 15:42:35] 估算上下文使用率: 1% (阈值: 50%)
[2026-06-05 15:42:35] ✅ 上下文使用率正常
[2026-06-05 16:30:17] 估算上下文使用率: 1% (阈值: 50%)
[2026-06-05 16:30:17] ✅ 上下文使用率正常
[2026-06-05 16:31:44] 估算上下文使用率: 1% (阈值: 50%)
[2026-06-05 16:31:44] ✅ 上下文使用率正常
[2026-06-05 16:42:07] 估算上下文使用率: 1% (阈值: 50%)
[2026-06-05 16:42:07] ✅ 上下文使用率正常
[2026-06-05 17:01:39] 估算上下文使用率: 1% (阈值: 50%)
[2026-06-05 17:01:39] ✅ 上下文使用率正常
[2026-06-05 17:02:54] 估算上下文使用率: 1% (阈值: 50%)
[2026-06-05 17:02:54] ✅ 上下文使用率正常
[2026-06-05 17:33:02] 估算上下文使用率: 1% (阈值: 50%)
[2026-06-05 17:33:02] ✅ 上下文使用率正常
[2026-06-05 17:41:42] 估算上下文使用率: 1% (阈值: 50%)
[2026-06-05 17:41:42] ✅ 上下文使用率正常
[2026-06-05 18:03:03] 估算上下文使用率: 1% (阈值: 50%)
[2026-06-05 18:03:03] ✅ 上下文使用率正常
[2026-06-05 18:32:54] 估算上下文使用率: 1% (阈值: 50%)
[2026-06-05 18:32:54] ✅ 上下文使用率正常
[2026-06-05 18:33:30] 估算上下文使用率: 1% (阈值: 50%)
[2026-06-05 18:33:30] ✅ 上下文使用率正常
[2026-06-05 18:34:07] 估算上下文使用率: 1% (阈值: 50%)
[2026-06-05 18:34:07] ✅ 上下文使用率正常
[2026-06-05 18:34:35] 估算上下文使用率: 1% (阈值: 50%)
[2026-06-05 18:34:35] ✅ 上下文使用率正常
[2026-06-05 18:35:01] 估算上下文使用率: 1% (阈值: 50%)
[2026-06-05 18:35:01] ✅ 上下文使用率正常
[2026-06-05 19:05:24] 估算上下文使用率: 1% (阈值: 50%)
[2026-06-05 19:05:24] ✅ 上下文使用率正常
[2026-06-05 19:35:09] 估算上下文使用率: 1% (阈值: 50%)
[2026-06-05 19:35:09] ✅ 上下文使用率正常
[2026-06-05 20:05:04] 估算上下文使用率: 1% (阈值: 50%)
[2026-06-05 20:05:04] ✅ 上下文使用率正常
[2026-06-05 20:35:04] 估算上下文使用率: 1% (阈值: 50%)
[2026-06-05 20:35:04] ✅ 上下文使用率正常
[2026-06-05 21:05:13] 估算上下文使用率: 1% (阈值: 50%)
[2026-06-05 21:05:13] ✅ 上下文使用率正常
[2026-06-05 21:35:07] 估算上下文使用率: 1% (阈值: 50%)
[2026-06-05 21:35:07] ✅ 上下文使用率正常
[2026-06-05 22:30:07] 估算上下文使用率: 1% (阈值: 50%)
[2026-06-05 22:30:07] ✅ 上下文使用率正常
[2026-06-05 23:00:06] 估算上下文使用率: 1% (阈值: 50%)
[2026-06-05 23:00:06] ✅ 上下文使用率正常
[2026-06-06 00:00:06] 估算上下文使用率: 1% (阈值: 50%)
[2026-06-06 00:00:06] ✅ 上下文使用率正常
[2026-06-06 00:11:42] 估算上下文使用率: 1% (阈值: 50%)
[2026-06-06 00:11:42] ✅ 上下文使用率正常
[2026-06-06 00:30:09] 估算上下文使用率: 1% (阈值: 50%)
[2026-06-06 00:30:09] ✅ 上下文使用率正常
[2026-06-06 01:00:09] 估算上下文使用率: 1% (阈值: 50%)
[2026-06-06 01:00:09] ✅ 上下文使用率正常
[2026-06-06 01:30:16] 估算上下文使用率: 1% (阈值: 50%)
[2026-06-06 01:30:16] ✅ 上下文使用率正常
[2026-06-06 02:00:43] 估算上下文使用率: 1% (阈值: 50%)
[2026-06-06 02:00:43] ✅ 上下文使用率正常
[2026-06-06 02:30:43] 估算上下文使用率: 1% (阈值: 50%)
[2026-06-06 02:30:43] ✅ 上下文使用率正常
[2026-06-06 03:00:45] 估算上下文使用率: 1% (阈值: 50%)
[2026-06-06 03:00:45] ✅ 上下文使用率正常
[2026-06-06 03:02:20] 估算上下文使用率: 1% (阈值: 50%)
[2026-06-06 03:02:20] ✅ 上下文使用率正常
[2026-06-06 03:32:21] 估算上下文使用率: 1% (阈值: 50%)
[2026-06-06 03:32:21] ✅ 上下文使用率正常
[2026-06-06 04:01:47] 估算上下文使用率: 1% (阈值: 50%)
[2026-06-06 04:01:47] ✅ 上下文使用率正常
[2026-06-06 05:31:46] 估算上下文使用率: 1% (阈值: 50%)
[2026-06-06 05:31:46] ✅ 上下文使用率正常
[2026-06-06 06:01:43] 估算上下文使用率: 1% (阈值: 50%)
[2026-06-06 06:01:43] ✅ 上下文使用率正常
[2026-06-06 06:31:48] 估算上下文使用率: 1% (阈值: 50%)
[2026-06-06 06:31:48] ✅ 上下文使用率正常
[2026-06-06 07:01:43] 估算上下文使用率: 1% (阈值: 50%)
[2026-06-06 07:01:43] ✅ 上下文使用率正常
[2026-06-06 07:02:27] 估算上下文使用率: 1% (阈值: 50%)
[2026-06-06 07:02:27] ✅ 上下文使用率正常
[2026-06-06 07:03:26] 估算上下文使用率: 1% (阈值: 50%)
[2026-06-06 07:03:26] ✅ 上下文使用率正常
[2026-06-06 07:33:21] 估算上下文使用率: 1% (阈值: 50%)
[2026-06-06 07:33:21] ✅ 上下文使用率正常
[2026-06-06 08:03:19] 估算上下文使用率: 1% (阈值: 50%)
[2026-06-06 08:03:19] ✅ 上下文使用率正常
[2026-06-06 08:33:19] 估算上下文使用率: 1% (阈值: 50%)
[2026-06-06 08:33:19] ✅ 上下文使用率正常
[2026-06-06 09:04:08] 估算上下文使用率: 1% (阈值: 50%)
[2026-06-06 09:04:08] ✅ 上下文使用率正常
[2026-06-06 09:34:05] 估算上下文使用率: 1% (阈值: 50%)
[2026-06-06 09:34:05] ✅ 上下文使用率正常
[2026-06-06 09:35:00] 估算上下文使用率: 1% (阈值: 50%)
[2026-06-06 09:35:00] ✅ 上下文使用率正常
[2026-06-06 10:30:13] 估算上下文使用率: 1% (阈值: 50%)
[2026-06-06 10:30:13] ✅ 上下文使用率正常
[2026-06-06 11:31:12] 估算上下文使用率: 1% (阈值: 50%)
[2026-06-06 11:31:12] ✅ 上下文使用率正常
[2026-06-06 11:31:56] 估算上下文使用率: 1% (阈值: 50%)
[2026-06-06 11:31:56] ✅ 上下文使用率正常
[2026-06-06 12:02:10] 估算上下文使用率: 1% (阈值: 50%)
[2026-06-06 12:02:10] ✅ 上下文使用率正常
[2026-06-06 12:31:56] 估算上下文使用率: 1% (阈值: 50%)
[2026-06-06 12:31:56] ✅ 上下文使用率正常
[2026-06-06 12:32:35] 估算上下文使用率: 1% (阈值: 50%)
[2026-06-06 12:32:35] ✅ 上下文使用率正常
[2026-06-06 13:02:43] 估算上下文使用率: 1% (阈值: 50%)
[2026-06-06 13:02:43] ✅ 上下文使用率正常
[2026-06-06 13:32:37] 估算上下文使用率: 1% (阈值: 50%)
[2026-06-06 13:32:37] ✅ 上下文使用率正常
[2026-06-06 13:33:19] 估算上下文使用率: 1% (阈值: 50%)
[2026-06-06 13:33:19] ✅ 上下文使用率正常
[2026-06-06 14:03:20] 估算上下文使用率: 1% (阈值: 50%)
[2026-06-06 14:03:20] ✅ 上下文使用率正常
[2026-06-06 14:33:20] 估算上下文使用率: 1% (阈值: 50%)
[2026-06-06 14:33:20] ✅ 上下文使用率正常
[2026-06-06 14:55:47] 估算上下文使用率: 1% (阈值: 50%)
[2026-06-06 14:55:47] ✅ 上下文使用率正常
[2026-06-06 14:57:48] 估算上下文使用率: 1% (阈值: 50%)
[2026-06-06 14:57:48] ✅ 上下文使用率正常
[2026-06-06 14:58:35] 估算上下文使用率: 1% (阈值: 50%)
[2026-06-06 14:58:35] ✅ 上下文使用率正常
[2026-06-06 14:59:40] 估算上下文使用率: 1% (阈值: 50%)
[2026-06-06 14:59:40] ✅ 上下文使用率正常
[2026-06-06 15:29:44] 估算上下文使用率: 1% (阈值: 50%)
[2026-06-06 15:29:44] ✅ 上下文使用率正常
[2026-06-06 15:59:42] 估算上下文使用率: 1% (阈值: 50%)
[2026-06-06 15:59:42] ✅ 上下文使用率正常
[2026-06-06 16:11:32] 估算上下文使用率: 1% (阈值: 50%)
[2026-06-06 16:11:32] ✅ 上下文使用率正常
[2026-06-06 16:30:08] 估算上下文使用率: 1% (阈值: 50%)
[2026-06-06 16:30:08] ✅ 上下文使用率正常
[2026-06-06 16:30:53] 估算上下文使用率: 1% (阈值: 50%)
[2026-06-06 16:30:53] ✅ 上下文使用率正常
[2026-06-06 17:00:56] 估算上下文使用率: 1% (阈值: 50%)
[2026-06-06 17:00:56] ✅ 上下文使用率正常
[2026-06-06 17:01:25] 估算上下文使用率: 1% (阈值: 50%)
[2026-06-06 17:01:25] ✅ 上下文使用率正常
[2026-06-06 17:31:29] 估算上下文使用率: 1% (阈值: 50%)
[2026-06-06 17:31:29] ✅ 上下文使用率正常
[2026-06-06 18:01:29] 估算上下文使用率: 1% (阈值: 50%)
[2026-06-06 18:01:29] ✅ 上下文使用率正常
[2026-06-06 18:31:29] 估算上下文使用率: 1% (阈值: 50%)
[2026-06-06 18:31:29] ✅ 上下文使用率正常
[2026-06-06 18:32:05] 估算上下文使用率: 1% (阈值: 50%)
[2026-06-06 18:32:05] ✅ 上下文使用率正常
[2026-06-06 18:32:38] 估算上下文使用率: 1% (阈值: 50%)
[2026-06-06 18:32:38] ✅ 上下文使用率正常
[2026-06-06 18:33:21] 估算上下文使用率: 1% (阈值: 50%)
[2026-06-06 18:33:21] ✅ 上下文使用率正常
[2026-06-06 19:03:27] 估算上下文使用率: 1% (阈值: 50%)
[2026-06-06 19:03:27] ✅ 上下文使用率正常
[2026-06-06 19:33:23] 估算上下文使用率: 1% (阈值: 50%)
[2026-06-06 19:33:23] ✅ 上下文使用率正常
[2026-06-06 20:03:24] 估算上下文使用率: 1% (阈值: 50%)
[2026-06-06 20:03:24] ✅ 上下文使用率正常
[2026-06-06 20:33:25] 估算上下文使用率: 1% (阈值: 50%)
[2026-06-06 20:33:25] ✅ 上下文使用率正常
[2026-06-06 20:34:00] 估算上下文使用率: 1% (阈值: 50%)
[2026-06-06 20:34:00] ✅ 上下文使用率正常
[2026-06-06 20:34:34] 估算上下文使用率: 1% (阈值: 50%)
[2026-06-06 20:34:34] ✅ 上下文使用率正常
[2026-06-06 20:41:34] 估算上下文使用率: 1% (阈值: 50%)
[2026-06-06 20:41:34] ✅ 上下文使用率正常
[2026-06-06 21:05:43] 估算上下文使用率: 1% (阈值: 50%)
[2026-06-06 21:05:43] ✅ 上下文使用率正常
[2026-06-06 21:35:41] 估算上下文使用率: 1% (阈值: 50%)
[2026-06-06 21:35:41] ✅ 上下文使用率正常
[2026-06-06 22:30:11] 估算上下文使用率: 1% (阈值: 50%)
[2026-06-06 22:30:11] ✅ 上下文使用率正常
[2026-06-06 23:00:31] 估算上下文使用率: 1% (阈值: 50%)
[2026-06-06 23:00:31] ✅ 上下文使用率正常
[2026-06-07 00:30:15] 估算上下文使用率: 1% (阈值: 50%)
[2026-06-07 00:30:15] ✅ 上下文使用率正常
[2026-06-07 02:00:37] 估算上下文使用率: 1% (阈值: 50%)
[2026-06-07 02:00:37] ✅ 上下文使用率正常
[2026-06-07 02:30:34] 估算上下文使用率: 1% (阈值: 50%)
[2026-06-07 02:30:34] ✅ 上下文使用率正常
[2026-06-07 02:41:42] 估算上下文使用率: 1% (阈值: 50%)
[2026-06-07 02:41:42] ✅ 上下文使用率正常
[2026-06-07 03:01:10] 估算上下文使用率: 1% (阈值: 50%)
[2026-06-07 03:01:10] ✅ 上下文使用率正常
[2026-06-07 03:30:36] 估算上下文使用率: 1% (阈值: 50%)
[2026-06-07 03:30:36] ✅ 上下文使用率正常
[2026-06-07 04:01:33] 估算上下文使用率: 1% (阈值: 50%)
[2026-06-07 04:01:33] ✅ 上下文使用率正常
[2026-06-07 04:31:35] 估算上下文使用率: 1% (阈值: 50%)
[2026-06-07 04:31:35] ✅ 上下文使用率正常
[2026-06-07 05:31:35] 估算上下文使用率: 1% (阈值: 50%)
[2026-06-07 05:31:35] ✅ 上下文使用率正常
[2026-06-07 06:01:35] 估算上下文使用率: 1% (阈值: 50%)
[2026-06-07 06:01:35] ✅ 上下文使用率正常
[2026-06-07 06:31:34] 估算上下文使用率: 1% (阈值: 50%)
[2026-06-07 06:31:34] ✅ 上下文使用率正常
[2026-06-07 07:01:36] 估算上下文使用率: 1% (阈值: 50%)
[2026-06-07 07:01:36] ✅ 上下文使用率正常
[2026-06-07 07:31:34] 估算上下文使用率: 1% (阈值: 50%)
[2026-06-07 07:31:34] ✅ 上下文使用率正常
[2026-06-07 08:01:41] 估算上下文使用率: 1% (阈值: 50%)
[2026-06-07 08:01:41] ✅ 上下文使用率正常
[2026-06-07 08:31:36] 估算上下文使用率: 1% (阈值: 50%)
[2026-06-07 08:31:36] ✅ 上下文使用率正常
[2026-06-07 09:03:32] 估算上下文使用率: 1% (阈值: 50%)
[2026-06-07 09:03:32] ✅ 上下文使用率正常
[2026-06-07 09:33:30] 估算上下文使用率: 1% (阈值: 50%)
[2026-06-07 09:33:30] ✅ 上下文使用率正常
[2026-06-07 10:30:08] 估算上下文使用率: 1% (阈值: 50%)
[2026-06-07 10:30:08] ✅ 上下文使用率正常
[2026-06-07 11:00:16] 估算上下文使用率: 1% (阈值: 50%)
[2026-06-07 11:00:16] ✅ 上下文使用率正常
[2026-06-07 11:00:49] 估算上下文使用率: 1% (阈值: 50%)
[2026-06-07 11:00:49] ✅ 上下文使用率正常
[2026-06-07 11:01:20] 估算上下文使用率: 1% (阈值: 50%)
[2026-06-07 11:01:20] ✅ 上下文使用率正常
[2026-06-07 11:01:57] 估算上下文使用率: 1% (阈值: 50%)
[2026-06-07 11:01:57] ✅ 上下文使用率正常
[2026-06-07 11:11:32] 估算上下文使用率: 1% (阈值: 50%)
[2026-06-07 11:11:32] ✅ 上下文使用率正常
[2026-06-07 11:31:56] 估算上下文使用率: 1% (阈值: 50%)
[2026-06-07 11:31:56] ✅ 上下文使用率正常
[2026-06-07 12:02:00] 估算上下文使用率: 1% (阈值: 50%)
[2026-06-07 12:02:00] ✅ 上下文使用率正常
[2026-06-07 12:02:42] 估算上下文使用率: 1% (阈值: 50%)
[2026-06-07 12:02:42] ✅ 上下文使用率正常
[2026-06-07 12:32:44] 估算上下文使用率: 1% (阈值: 50%)
[2026-06-07 12:32:44] ✅ 上下文使用率正常
[2026-06-07 13:32:44] 估算上下文使用率: 1% (阈值: 50%)
[2026-06-07 13:32:44] ✅ 上下文使用率正常
[2026-06-07 13:33:15] 估算上下文使用率: 1% (阈值: 50%)
[2026-06-07 13:33:15] ✅ 上下文使用率正常
[2026-06-07 14:03:21] 估算上下文使用率: 1% (阈值: 50%)
[2026-06-07 14:03:21] ✅ 上下文使用率正常
[2026-06-07 14:33:12] 估算上下文使用率: 1% (阈值: 50%)
[2026-06-07 14:33:12] ✅ 上下文使用率正常
[2026-06-07 15:03:13] 估算上下文使用率: 1% (阈值: 50%)
[2026-06-07 15:03:13] ✅ 上下文使用率正常
[2026-06-07 15:04:07] 估算上下文使用率: 1% (阈值: 50%)
[2026-06-07 15:04:07] ✅ 上下文使用率正常
[2026-06-07 15:34:03] 估算上下文使用率: 1% (阈值: 50%)
[2026-06-07 15:34:03] ✅ 上下文使用率正常
[2026-06-07 16:30:09] 估算上下文使用率: 1% (阈值: 50%)
[2026-06-07 16:30:09] ✅ 上下文使用率正常
[2026-06-07 17:00:08] 估算上下文使用率: 1% (阈值: 50%)
[2026-06-07 17:00:08] ✅ 上下文使用率正常
[2026-06-07 17:30:10] 估算上下文使用率: 1% (阈值: 50%)
[2026-06-07 17:30:10] ✅ 上下文使用率正常
[2026-06-07 18:00:10] 估算上下文使用率: 1% (阈值: 50%)
[2026-06-07 18:00:10] ✅ 上下文使用率正常
[2026-06-07 18:30:08] 估算上下文使用率: 1% (阈值: 50%)
[2026-06-07 18:30:08] ✅ 上下文使用率正常
[2026-06-07 19:02:15] 估算上下文使用率: 1% (阈值: 50%)
[2026-06-07 19:02:15] ✅ 上下文使用率正常
[2026-06-07 19:32:13] 估算上下文使用率: 1% (阈值: 50%)
[2026-06-07 19:32:13] ✅ 上下文使用率正常
[2026-06-07 20:02:11] 估算上下文使用率: 1% (阈值: 50%)
[2026-06-07 20:02:11] ✅ 上下文使用率正常
[2026-06-07 20:32:12] 估算上下文使用率: 1% (阈值: 50%)
[2026-06-07 20:32:12] ✅ 上下文使用率正常
[2026-06-07 21:02:14] 估算上下文使用率: 1% (阈值: 50%)
[2026-06-07 21:02:14] ✅ 上下文使用率正常
[2026-06-07 21:32:11] 估算上下文使用率: 1% (阈值: 50%)
[2026-06-07 21:32:11] ✅ 上下文使用率正常
[2026-06-07 22:30:19] 估算上下文使用率: 1% (阈值: 50%)
[2026-06-07 22:30:19] ✅ 上下文使用率正常
[2026-06-07 22:41:36] 估算上下文使用率: 1% (阈值: 50%)
[2026-06-07 22:41:36] ✅ 上下文使用率正常
[2026-06-07 22:42:38] 估算上下文使用率: 1% (阈值: 50%)
[2026-06-07 22:42:38] ✅ 上下文使用率正常
[2026-06-07 23:12:35] 估算上下文使用率: 1% (阈值: 50%)
[2026-06-07 23:12:35] ✅ 上下文使用率正常
[2026-06-08 00:00:08] 估算上下文使用率: 1% (阈值: 50%)
[2026-06-08 00:00:08] ✅ 上下文使用率正常
[2026-06-08 00:11:43] 估算上下文使用率: 1% (阈值: 50%)
[2026-06-08 00:11:43] ✅ 上下文使用率正常
[2026-06-08 01:00:08] 估算上下文使用率: 1% (阈值: 50%)
[2026-06-08 01:00:08] ✅ 上下文使用率正常
[2026-06-08 01:30:09] 估算上下文使用率: 1% (阈值: 50%)
[2026-06-08 01:30:09] ✅ 上下文使用率正常
[2026-06-08 02:00:28] 估算上下文使用率: 1% (阈值: 50%)
[2026-06-08 02:00:28] ✅ 上下文使用率正常
[2026-06-08 02:30:29] 估算上下文使用率: 1% (阈值: 50%)
[2026-06-08 02:30:29] ✅ 上下文使用率正常
[2026-06-08 03:00:29] 估算上下文使用率: 1% (阈值: 50%)
[2026-06-08 03:00:29] ✅ 上下文使用率正常
[2026-06-08 03:11:53] 估算上下文使用率: 1% (阈值: 50%)
[2026-06-08 03:11:53] ✅ 上下文使用率正常
[2026-06-08 03:30:30] 估算上下文使用率: 1% (阈值: 50%)
[2026-06-08 03:30:30] ✅ 上下文使用率正常
[2026-06-08 03:32:11] 估算上下文使用率: 1% (阈值: 50%)
[2026-06-08 03:32:11] ✅ 上下文使用率正常
[2026-06-08 04:01:39] 估算上下文使用率: 1% (阈值: 50%)
[2026-06-08 04:01:39] ✅ 上下文使用率正常
[2026-06-08 04:31:37] 估算上下文使用率: 1% (阈值: 50%)
[2026-06-08 04:31:37] ✅ 上下文使用率正常
[2026-06-08 05:01:40] 估算上下文使用率: 1% (阈值: 50%)
[2026-06-08 05:01:40] ✅ 上下文使用率正常
[2026-06-08 05:31:38] 估算上下文使用率: 1% (阈值: 50%)
[2026-06-08 05:31:38] ✅ 上下文使用率正常
[2026-06-08 06:01:37] 估算上下文使用率: 1% (阈值: 50%)
[2026-06-08 06:01:37] ✅ 上下文使用率正常
[2026-06-08 06:31:38] 估算上下文使用率: 1% (阈值: 50%)
[2026-06-08 06:31:38] ✅ 上下文使用率正常
[2026-06-08 07:01:51] 估算上下文使用率: 1% (阈值: 50%)
[2026-06-08 07:01:51] ✅ 上下文使用率正常
[2026-06-08 07:02:48] 估算上下文使用率: 1% (阈值: 50%)
[2026-06-08 07:02:48] ✅ 上下文使用率正常
[2026-06-08 07:11:36] 估算上下文使用率: 1% (阈值: 50%)
[2026-06-08 07:11:36] ✅ 上下文使用率正常
[2026-06-08 07:32:52] 估算上下文使用率: 1% (阈值: 50%)
[2026-06-08 07:32:52] ✅ 上下文使用率正常
[2026-06-08 07:33:53] 估算上下文使用率: 1% (阈值: 50%)
[2026-06-08 07:33:53] ✅ 上下文使用率正常
[2026-06-08 08:04:08] 估算上下文使用率: 1% (阈值: 50%)
[2026-06-08 08:04:08] ✅ 上下文使用率正常
[2026-06-08 08:34:06] 估算上下文使用率: 1% (阈值: 50%)
[2026-06-08 08:34:06] ✅ 上下文使用率正常
[2026-06-08 08:35:29] 估算上下文使用率: 1% (阈值: 50%)
[2026-06-08 08:35:29] ✅ 上下文使用率正常
[2026-06-08 09:11:35] 估算上下文使用率: 1% (阈值: 50%)
[2026-06-08 09:11:35] ✅ 上下文使用率正常
[2026-06-08 09:30:21] 估算上下文使用率: 1% (阈值: 50%)
[2026-06-08 09:30:21] ✅ 上下文使用率正常
[2026-06-08 09:31:40] 估算上下文使用率: 1% (阈值: 50%)
[2026-06-08 09:31:40] ✅ 上下文使用率正常
[2026-06-08 10:30:13] 估算上下文使用率: 1% (阈值: 50%)
[2026-06-08 10:30:13] ✅ 上下文使用率正常
[2026-06-08 11:00:20] 估算上下文使用率: 1% (阈值: 50%)
[2026-06-08 11:00:20] ✅ 上下文使用率正常
[2026-06-08 11:02:06] 估算上下文使用率: 1% (阈值: 50%)
[2026-06-08 11:02:06] ✅ 上下文使用率正常
[2026-06-08 11:03:11] 估算上下文使用率: 1% (阈值: 50%)
[2026-06-08 11:03:11] ✅ 上下文使用率正常
[2026-06-08 11:33:28] 估算上下文使用率: 1% (阈值: 50%)
[2026-06-08 11:33:28] ✅ 上下文使用率正常
[2026-06-08 12:03:23] 估算上下文使用率: 1% (阈值: 50%)
[2026-06-08 12:03:23] ✅ 上下文使用率正常
[2026-06-08 12:33:18] 估算上下文使用率: 1% (阈值: 50%)
[2026-06-08 12:33:18] ✅ 上下文使用率正常
[2026-06-08 13:03:13] 估算上下文使用率: 1% (阈值: 50%)
[2026-06-08 13:03:13] ✅ 上下文使用率正常
[2026-06-08 13:04:42] 估算上下文使用率: 1% (阈值: 50%)
[2026-06-08 13:04:42] ✅ 上下文使用率正常
[2026-06-08 13:11:51] 估算上下文使用率: 1% (阈值: 50%)
[2026-06-08 13:11:51] ✅ 上下文使用率正常
[2026-06-08 13:12:33] 估算上下文使用率: 1% (阈值: 50%)
[2026-06-08 13:12:33] ✅ 上下文使用率正常
[2026-06-08 13:42:39] 估算上下文使用率: 1% (阈值: 50%)
[2026-06-08 13:42:39] ✅ 上下文使用率正常
[2026-06-08 14:12:29] 估算上下文使用率: 1% (阈值: 50%)
[2026-06-08 14:12:29] ✅ 上下文使用率正常
[2026-06-08 14:13:33] 估算上下文使用率: 1% (阈值: 50%)
[2026-06-08 14:13:33] ✅ 上下文使用率正常
[2026-06-08 14:43:39] 估算上下文使用率: 1% (阈值: 50%)
[2026-06-08 14:43:39] ✅ 上下文使用率正常
[2026-06-08 14:45:13] 估算上下文使用率: 1% (阈值: 50%)
[2026-06-08 14:45:13] ✅ 上下文使用率正常
[2026-06-08 14:46:47] 估算上下文使用率: 1% (阈值: 50%)
[2026-06-08 14:46:47] ✅ 上下文使用率正常
[2026-06-08 15:17:03] 估算上下文使用率: 1% (阈值: 50%)
[2026-06-08 15:17:03] ✅ 上下文使用率正常
[2026-06-08 15:46:53] 估算上下文使用率: 1% (阈值: 50%)
[2026-06-08 15:46:53] ✅ 上下文使用率正常
[2026-06-08 16:11:38] 估算上下文使用率: 1% (阈值: 50%)
[2026-06-08 16:11:38] ✅ 上下文使用率正常
[2026-06-08 16:30:13] 估算上下文使用率: 1% (阈值: 50%)
[2026-06-08 16:30:13] ✅ 上下文使用率正常
[2026-06-08 16:32:26] 估算上下文使用率: 1% (阈值: 50%)
[2026-06-08 16:32:26] ✅ 上下文使用率正常
[2026-06-08 17:02:33] 估算上下文使用率: 1% (阈值: 50%)
[2026-06-08 17:02:33] ✅ 上下文使用率正常
[2026-06-08 17:04:01] 估算上下文使用率: 1% (阈值: 50%)
[2026-06-08 17:04:01] ✅ 上下文使用率正常
[2026-06-08 17:34:07] 估算上下文使用率: 1% (阈值: 50%)
[2026-06-08 17:34:07] ✅ 上下文使用率正常
[2026-06-08 17:35:32] 估算上下文使用率: 1% (阈值: 50%)
[2026-06-08 17:35:32] ✅ 上下文使用率正常
[2026-06-08 18:06:54] 估算上下文使用率: 1% (阈值: 50%)
[2026-06-08 18:06:54] ✅ 上下文使用率正常
[2026-06-08 18:07:15] 估算上下文使用率: 1% (阈值: 50%)
[2026-06-08 18:07:15] ✅ 上下文使用率正常
[2026-06-08 18:11:34] 估算上下文使用率: 1% (阈值: 50%)
[2026-06-08 18:11:34] ✅ 上下文使用率正常
[2026-06-08 18:37:15] 估算上下文使用率: 1% (阈值: 50%)
[2026-06-08 18:37:15] ✅ 上下文使用率正常
[2026-06-08 19:07:14] 估算上下文使用率: 1% (阈值: 50%)
[2026-06-08 19:07:14] ✅ 上下文使用率正常
[2026-06-08 19:37:16] 估算上下文使用率: 1% (阈值: 50%)
[2026-06-08 19:37:16] ✅ 上下文使用率正常
[2026-06-08 20:07:14] 估算上下文使用率: 1% (阈值: 50%)
[2026-06-08 20:07:14] ✅ 上下文使用率正常
[2026-06-08 20:08:05] 估算上下文使用率: 1% (阈值: 50%)
[2026-06-08 20:08:05] ✅ 上下文使用率正常
[2026-06-08 20:09:03] 估算上下文使用率: 1% (阈值: 50%)
[2026-06-08 20:09:03] ✅ 上下文使用率正常
[2026-06-08 20:10:19] 估算上下文使用率: 1% (阈值: 50%)
[2026-06-08 20:10:19] ✅ 上下文使用率正常
[2026-06-08 20:11:09] 估算上下文使用率: 1% (阈值: 50%)
[2026-06-08 20:11:09] ✅ 上下文使用率正常
[2026-06-08 20:41:08] 估算上下文使用率: 1% (阈值: 50%)
[2026-06-08 20:41:08] ✅ 上下文使用率正常
[2026-06-08 21:11:09] 估算上下文使用率: 1% (阈值: 50%)
[2026-06-08 21:11:09] ✅ 上下文使用率正常
[2026-06-08 21:41:08] 估算上下文使用率: 1% (阈值: 50%)
[2026-06-08 21:41:08] ✅ 上下文使用率正常
[2026-06-08 22:30:17] 估算上下文使用率: 1% (阈值: 50%)
[2026-06-08 22:30:17] ✅ 上下文使用率正常
[2026-06-08 22:31:19] 估算上下文使用率: 1% (阈值: 50%)
[2026-06-08 22:31:19] ✅ 上下文使用率正常
[2026-06-08 23:01:33] 估算上下文使用率: 1% (阈值: 50%)
[2026-06-08 23:01:33] ✅ 上下文使用率正常
[2026-06-08 23:11:38] 估算上下文使用率: 1% (阈值: 50%)
[2026-06-08 23:11:38] ✅ 上下文使用率正常
[2026-06-09 00:00:16] 估算上下文使用率: 1% (阈值: 50%)
[2026-06-09 00:00:16] ✅ 上下文使用率正常
[2026-06-09 00:02:03] 估算上下文使用率: 1% (阈值: 50%)
[2026-06-09 00:02:03] ✅ 上下文使用率正常
[2026-06-09 01:02:25] 估算上下文使用率: 1% (阈值: 50%)
[2026-06-09 01:02:25] ✅ 上下文使用率正常
[2026-06-09 01:32:11] 估算上下文使用率: 1% (阈值: 50%)
[2026-06-09 01:32:11] ✅ 上下文使用率正常
[2026-06-09 01:41:45] 估算上下文使用率: 1% (阈值: 50%)
[2026-06-09 01:41:45] ✅ 上下文使用率正常
[2026-06-09 02:30:41] 估算上下文使用率: 1% (阈值: 50%)
[2026-06-09 02:30:41] ✅ 上下文使用率正常
[2026-06-09 03:00:57] 估算上下文使用率: 1% (阈值: 50%)
[2026-06-09 03:00:57] ✅ 上下文使用率正常
[2026-06-09 03:30:39] 估算上下文使用率: 1% (阈值: 50%)
[2026-06-09 03:30:39] ✅ 上下文使用率正常
[2026-06-09 04:02:06] 估算上下文使用率: 1% (阈值: 50%)
[2026-06-09 04:02:06] ✅ 上下文使用率正常
[2026-06-09 04:32:06] 估算上下文使用率: 1% (阈值: 50%)
[2026-06-09 04:32:06] ✅ 上下文使用率正常
[2026-06-09 05:02:06] 估算上下文使用率: 1% (阈值: 50%)
[2026-06-09 05:02:06] ✅ 上下文使用率正常
[2026-06-09 05:32:05] 估算上下文使用率: 1% (阈值: 50%)
[2026-06-09 05:32:05] ✅ 上下文使用率正常
[2026-06-09 05:41:42] 估算上下文使用率: 1% (阈值: 50%)
[2026-06-09 05:41:42] ✅ 上下文使用率正常
[2026-06-09 06:02:05] 估算上下文使用率: 1% (阈值: 50%)
[2026-06-09 06:02:05] ✅ 上下文使用率正常
[2026-06-09 06:32:06] 估算上下文使用率: 1% (阈值: 50%)
[2026-06-09 06:32:06] ✅ 上下文使用率正常
[2026-06-09 07:02:06] 估算上下文使用率: 1% (阈值: 50%)
[2026-06-09 07:02:07] ✅ 上下文使用率正常
[2026-06-09 07:02:57] 估算上下文使用率: 1% (阈值: 50%)
[2026-06-09 07:02:57] ✅ 上下文使用率正常
[2026-06-09 07:32:53] 估算上下文使用率: 1% (阈值: 50%)
[2026-06-09 07:32:53] ✅ 上下文使用率正常
[2026-06-09 08:02:52] 估算上下文使用率: 1% (阈值: 50%)
[2026-06-09 08:02:52] ✅ 上下文使用率正常
[2026-06-09 08:32:53] 估算上下文使用率: 1% (阈值: 50%)
[2026-06-09 08:32:53] ✅ 上下文使用率正常
[2026-06-09 09:04:56] 估算上下文使用率: 1% (阈值: 50%)
[2026-06-09 09:04:56] ✅ 上下文使用率正常
[2026-06-09 09:35:01] 估算上下文使用率: 1% (阈值: 50%)
[2026-06-09 09:35:01] ✅ 上下文使用率正常
[2026-06-09 10:30:29] 估算上下文使用率: 1% (阈值: 50%)
[2026-06-09 10:30:29] ✅ 上下文使用率正常
[2026-06-09 11:00:37] 估算上下文使用率: 1% (阈值: 50%)
[2026-06-09 11:00:37] ✅ 上下文使用率正常
[2026-06-09 12:00:17] 估算上下文使用率: 1% (阈值: 50%)
[2026-06-09 12:00:17] ✅ 上下文使用率正常
[2026-06-09 12:30:11] 估算上下文使用率: 1% (阈值: 50%)
[2026-06-09 12:30:11] ✅ 上下文使用率正常
[2026-06-09 13:01:17] 估算上下文使用率: 1% (阈值: 50%)
[2026-06-09 13:01:17] ✅ 上下文使用率正常
[2026-06-09 13:30:17] 估算上下文使用率: 1% (阈值: 50%)
[2026-06-09 13:30:17] ✅ 上下文使用率正常
[2026-06-09 14:00:45] 估算上下文使用率: 1% (阈值: 50%)
[2026-06-09 14:00:45] ✅ 上下文使用率正常
[2026-06-09 14:30:23] 估算上下文使用率: 1% (阈值: 50%)
[2026-06-09 14:30:23] ✅ 上下文使用率正常
[2026-06-09 15:00:41] 估算上下文使用率: 1% (阈值: 50%)
[2026-06-09 15:00:41] ✅ 上下文使用率正常
[2026-06-09 15:01:35] 估算上下文使用率: 1% (阈值: 50%)
[2026-06-09 15:01:35] ✅ 上下文使用率正常
[2026-06-09 15:31:51] 估算上下文使用率: 1% (阈值: 50%)
[2026-06-09 15:31:51] ✅ 上下文使用率正常
[2026-06-09 16:30:21] 估算上下文使用率: 1% (阈值: 50%)
[2026-06-09 16:30:21] ✅ 上下文使用率正常
[2026-06-09 17:01:04] 估算上下文使用率: 1% (阈值: 50%)
[2026-06-09 17:01:04] ✅ 上下文使用率正常
[2026-06-09 17:30:32] 估算上下文使用率: 1% (阈值: 50%)
[2026-06-09 17:30:32] ✅ 上下文使用率正常
[2026-06-09 17:31:32] 估算上下文使用率: 1% (阈值: 50%)
[2026-06-09 17:31:32] ✅ 上下文使用率正常
[2026-06-09 18:01:51] 估算上下文使用率: 1% (阈值: 50%)
[2026-06-09 18:01:51] ✅ 上下文使用率正常
[2026-06-09 18:31:36] 估算上下文使用率: 1% (阈值: 50%)
[2026-06-09 18:31:36] ✅ 上下文使用率正常
[2026-06-09 19:01:51] 估算上下文使用率: 1% (阈值: 50%)
[2026-06-09 19:01:51] ✅ 上下文使用率正常
[2026-06-09 19:31:37] 估算上下文使用率: 1% (阈值: 50%)
[2026-06-09 19:31:37] ✅ 上下文使用率正常
[2026-06-09 19:32:21] 估算上下文使用率: 1% (阈值: 50%)
[2026-06-09 19:32:21] ✅ 上下文使用率正常
[2026-06-09 20:02:42] 估算上下文使用率: 1% (阈值: 50%)
[2026-06-09 20:02:42] ✅ 上下文使用率正常
[2026-06-09 20:11:50] 估算上下文使用率: 1% (阈值: 50%)
[2026-06-09 20:11:50] ✅ 上下文使用率正常
[2026-06-09 20:32:26] 估算上下文使用率: 1% (阈值: 50%)
[2026-06-09 20:32:26] ✅ 上下文使用率正常
[2026-06-09 21:02:28] 估算上下文使用率: 1% (阈值: 50%)
[2026-06-09 21:02:28] ✅ 上下文使用率正常
[2026-06-09 21:32:27] 估算上下文使用率: 1% (阈值: 50%)
[2026-06-09 21:32:27] ✅ 上下文使用率正常
[2026-06-09 21:33:43] 估算上下文使用率: 1% (阈值: 50%)
[2026-06-09 21:33:43] ✅ 上下文使用率正常
[2026-06-09 22:30:14] 估算上下文使用率: 1% (阈值: 50%)
[2026-06-09 22:30:14] ✅ 上下文使用率正常
[2026-06-10 04:31:35] 估算上下文使用率: 1% (阈值: 50%)
[2026-06-10 04:31:35] ✅ 上下文使用率正常
[2026-06-10 05:31:34] 估算上下文使用率: 1% (阈值: 50%)
[2026-06-10 05:31:34] ✅ 上下文使用率正常
[2026-06-10 06:01:37] 估算上下文使用率: 1% (阈值: 50%)
[2026-06-10 06:01:38] ✅ 上下文使用率正常
[2026-06-10 06:11:40] 估算上下文使用率: 1% (阈值: 50%)
[2026-06-10 06:11:40] ✅ 上下文使用率正常
[2026-06-10 07:01:35] 估算上下文使用率: 1% (阈值: 50%)
[2026-06-10 07:01:35] ✅ 上下文使用率正常
[2026-06-10 07:31:35] 估算上下文使用率: 1% (阈值: 50%)
[2026-06-10 07:31:35] ✅ 上下文使用率正常
[2026-06-10 08:01:34] 估算上下文使用率: 1% (阈值: 50%)
[2026-06-10 08:01:34] ✅ 上下文使用率正常
[2026-06-10 08:31:35] 估算上下文使用率: 1% (阈值: 50%)
[2026-06-10 08:31:35] ✅ 上下文使用率正常
[2026-06-10 09:04:05] 估算上下文使用率: 1% (阈值: 50%)
[2026-06-10 09:04:05] ✅ 上下文使用率正常
[2026-06-10 09:33:57] 估算上下文使用率: 1% (阈值: 50%)
[2026-06-10 09:33:57] ✅ 上下文使用率正常
[2026-06-10 10:30:07] 估算上下文使用率: 1% (阈值: 50%)
[2026-06-10 10:30:07] ✅ 上下文使用率正常
[2026-06-10 10:30:36] 估算上下文使用率: 1% (阈值: 50%)
[2026-06-10 10:30:36] ✅ 上下文使用率正常
[2026-06-10 10:31:20] 估算上下文使用率: 1% (阈值: 50%)
[2026-06-10 10:31:20] ✅ 上下文使用率正常
[2026-06-10 10:33:33] 估算上下文使用率: 1% (阈值: 50%)
[2026-06-10 10:33:33] ✅ 上下文使用率正常
[2026-06-10 11:03:35] 估算上下文使用率: 1% (阈值: 50%)
[2026-06-10 11:03:35] ✅ 上下文使用率正常
[2026-06-10 11:33:34] 估算上下文使用率: 1% (阈值: 50%)
[2026-06-10 11:33:34] ✅ 上下文使用率正常
[2026-06-10 12:03:34] 估算上下文使用率: 1% (阈值: 50%)
[2026-06-10 12:03:34] ✅ 上下文使用率正常
[2026-06-10 12:33:34] 估算上下文使用率: 1% (阈值: 50%)
[2026-06-10 12:33:34] ✅ 上下文使用率正常
[2026-06-10 13:03:32] 估算上下文使用率: 1% (阈值: 50%)
[2026-06-10 13:03:32] ✅ 上下文使用率正常
[2026-06-10 13:33:34] 估算上下文使用率: 1% (阈值: 50%)
[2026-06-10 13:33:34] ✅ 上下文使用率正常
[2026-06-10 14:03:35] 估算上下文使用率: 1% (阈值: 50%)
[2026-06-10 14:03:35] ✅ 上下文使用率正常
[2026-06-10 14:05:16] 估算上下文使用率: 1% (阈值: 50%)
[2026-06-10 14:05:16] ✅ 上下文使用率正常
[2026-06-10 14:35:09] 估算上下文使用率: 1% (阈值: 50%)
[2026-06-10 14:35:09] ✅ 上下文使用率正常
[2026-06-10 15:05:09] 估算上下文使用率: 1% (阈值: 50%)
[2026-06-10 15:05:09] ✅ 上下文使用率正常
[2026-06-10 15:05:48] 估算上下文使用率: 1% (阈值: 50%)
[2026-06-10 15:05:48] ✅ 上下文使用率正常
[2026-06-10 15:35:49] 估算上下文使用率: 1% (阈值: 50%)
[2026-06-10 15:35:49] ✅ 上下文使用率正常
[2026-06-10 16:30:06] 估算上下文使用率: 1% (阈值: 50%)
[2026-06-10 16:30:06] ✅ 上下文使用率正常
[2026-06-10 17:00:07] 估算上下文使用率: 1% (阈值: 50%)
[2026-06-10 17:00:07] ✅ 上下文使用率正常
[2026-06-10 17:30:08] 估算上下文使用率: 1% (阈值: 50%)
[2026-06-10 17:30:08] ✅ 上下文使用率正常
[2026-06-10 18:00:07] 估算上下文使用率: 1% (阈值: 50%)
[2026-06-10 18:00:07] ✅ 上下文使用率正常
[2026-06-10 18:11:46] 估算上下文使用率: 1% (阈值: 50%)
[2026-06-10 18:11:46] ✅ 上下文使用率正常
[2026-06-10 18:12:12] 估算上下文使用率: 1% (阈值: 50%)
[2026-06-10 18:12:12] ✅ 上下文使用率正常
[2026-06-10 18:12:54] 估算上下文使用率: 1% (阈值: 50%)
[2026-06-10 18:12:54] ✅ 上下文使用率正常
[2026-06-10 18:41:47] 估算上下文使用率: 1% (阈值: 50%)
[2026-06-10 18:41:47] ✅ 上下文使用率正常
[2026-06-10 18:42:39] 估算上下文使用率: 1% (阈值: 50%)
[2026-06-10 18:42:39] ✅ 上下文使用率正常
[2026-06-10 19:12:39] 估算上下文使用率: 1% (阈值: 50%)
[2026-06-10 19:12:39] ✅ 上下文使用率正常
[2026-06-10 19:42:39] 估算上下文使用率: 1% (阈值: 50%)
[2026-06-10 19:42:39] ✅ 上下文使用率正常
[2026-06-10 20:12:38] 估算上下文使用率: 1% (阈值: 50%)
[2026-06-10 20:12:38] ✅ 上下文使用率正常
[2026-06-10 20:42:39] 估算上下文使用率: 1% (阈值: 50%)
[2026-06-10 20:42:39] ✅ 上下文使用率正常
[2026-06-10 20:43:14] 估算上下文使用率: 1% (阈值: 50%)
[2026-06-10 20:43:14] ✅ 上下文使用率正常
[2026-06-10 21:13:15] 估算上下文使用率: 1% (阈值: 50%)
[2026-06-10 21:13:15] ✅ 上下文使用率正常
[2026-06-10 21:13:52] 估算上下文使用率: 1% (阈值: 50%)
[2026-06-10 21:13:52] ✅ 上下文使用率正常
[2026-06-10 21:43:51] 估算上下文使用率: 1% (阈值: 50%)
[2026-06-10 21:43:51] ✅ 上下文使用率正常
[2026-06-10 22:30:07] 估算上下文使用率: 1% (阈值: 50%)
[2026-06-10 22:30:07] ✅ 上下文使用率正常
[2026-06-10 23:00:07] 估算上下文使用率: 1% (阈值: 50%)
[2026-06-10 23:00:07] ✅ 上下文使用率正常
[2026-06-11 00:00:07] 估算上下文使用率: 1% (阈值: 50%)
[2026-06-11 00:00:07] ✅ 上下文使用率正常
[2026-06-11 00:30:07] 估算上下文使用率: 1% (阈值: 50%)
[2026-06-11 00:30:07] ✅ 上下文使用率正常
[2026-06-11 01:00:07] 估算上下文使用率: 1% (阈值: 50%)
[2026-06-11 01:00:07] ✅ 上下文使用率正常
[2026-06-11 01:41:36] 估算上下文使用率: 1% (阈值: 50%)
[2026-06-11 01:41:36] ✅ 上下文使用率正常
[2026-06-11 02:00:41] 估算上下文使用率: 1% (阈值: 50%)
[2026-06-11 02:00:41] ✅ 上下文使用率正常
[2026-06-11 02:30:42] 估算上下文使用率: 1% (阈值: 50%)
[2026-06-11 02:30:42] ✅ 上下文使用率正常
[2026-06-11 03:02:13] 估算上下文使用率: 1% (阈值: 50%)
[2026-06-11 03:02:13] ✅ 上下文使用率正常
[2026-06-11 03:32:07] 估算上下文使用率: 1% (阈值: 50%)
[2026-06-11 03:32:07] ✅ 上下文使用率正常
[2026-06-11 04:32:12] 估算上下文使用率: 1% (阈值: 50%)
[2026-06-11 04:32:12] ✅ 上下文使用率正常
[2026-06-11 06:02:12] 估算上下文使用率: 1% (阈值: 50%)
[2026-06-11 06:02:12] ✅ 上下文使用率正常
[2026-06-11 06:32:12] 估算上下文使用率: 1% (阈值: 50%)
[2026-06-11 06:32:12] ✅ 上下文使用率正常
[2026-06-11 07:02:12] 估算上下文使用率: 1% (阈值: 50%)
[2026-06-11 07:02:12] ✅ 上下文使用率正常
[2026-06-11 07:32:11] 估算上下文使用率: 1% (阈值: 50%)
[2026-06-11 07:32:11] ✅ 上下文使用率正常
[2026-06-11 08:02:11] 估算上下文使用率: 1% (阈值: 50%)
[2026-06-11 08:02:11] ✅ 上下文使用率正常
[2026-06-11 08:32:16] 估算上下文使用率: 1% (阈值: 50%)
[2026-06-11 08:32:16] ✅ 上下文使用率正常
[2026-06-11 09:05:02] 估算上下文使用率: 1% (阈值: 50%)
[2026-06-11 09:05:02] ✅ 上下文使用率正常
[2026-06-11 09:34:55] 估算上下文使用率: 1% (阈值: 50%)
[2026-06-11 09:34:55] ✅ 上下文使用率正常
[2026-06-11 10:30:11] 估算上下文使用率: 1% (阈值: 50%)
[2026-06-11 10:30:11] ✅ 上下文使用率正常
[2026-06-11 10:30:56] 估算上下文使用率: 1% (阈值: 50%)
[2026-06-11 10:30:56] ✅ 上下文使用率正常
[2026-06-11 11:00:59] 估算上下文使用率: 1% (阈值: 50%)
[2026-06-11 11:00:59] ✅ 上下文使用率正常
[2026-06-11 11:30:59] 估算上下文使用率: 1% (阈值: 50%)
[2026-06-11 11:30:59] ✅ 上下文使用率正常
[2026-06-11 12:00:59] 估算上下文使用率: 1% (阈值: 50%)
[2026-06-11 12:00:59] ✅ 上下文使用率正常
[2026-06-11 12:30:58] 估算上下文使用率: 1% (阈值: 50%)
[2026-06-11 12:30:58] ✅ 上下文使用率正常
[2026-06-11 13:00:57] 估算上下文使用率: 1% (阈值: 50%)
[2026-06-11 13:00:57] ✅ 上下文使用率正常
[2026-06-11 13:30:58] 估算上下文使用率: 1% (阈值: 50%)
[2026-06-11 13:30:58] ✅ 上下文使用率正常
[2026-06-11 14:01:00] 估算上下文使用率: 1% (阈值: 50%)
[2026-06-11 14:01:00] ✅ 上下文使用率正常
[2026-06-11 14:31:00] 估算上下文使用率: 1% (阈值: 50%)
[2026-06-11 14:31:00] ✅ 上下文使用率正常
[2026-06-11 14:31:56] 估算上下文使用率: 1% (阈值: 50%)
[2026-06-11 14:31:56] ✅ 上下文使用率正常
[2026-06-11 14:33:28] 估算上下文使用率: 1% (阈值: 50%)
[2026-06-11 14:33:28] ✅ 上下文使用率正常
[2026-06-11 15:03:24] 估算上下文使用率: 1% (阈值: 50%)
[2026-06-11 15:03:24] ✅ 上下文使用率正常
[2026-06-11 15:33:20] 估算上下文使用率: 1% (阈值: 50%)
[2026-06-11 15:33:20] ✅ 上下文使用率正常
[2026-06-11 16:30:07] 估算上下文使用率: 1% (阈值: 50%)
[2026-06-11 16:30:07] ✅ 上下文使用率正常
[2026-06-11 17:00:08] 估算上下文使用率: 1% (阈值: 50%)
[2026-06-11 17:00:08] ✅ 上下文使用率正常
[2026-06-11 17:30:14] 估算上下文使用率: 1% (阈值: 50%)
[2026-06-11 17:30:14] ✅ 上下文使用率正常
[2026-06-11 18:00:08] 估算上下文使用率: 1% (阈值: 50%)
[2026-06-11 18:00:08] ✅ 上下文使用率正常
[2026-06-11 18:01:14] 估算上下文使用率: 1% (阈值: 50%)
[2026-06-11 18:01:14] ✅ 上下文使用率正常
[2026-06-11 18:01:47] 估算上下文使用率: 1% (阈值: 50%)
[2026-06-11 18:01:47] ✅ 上下文使用率正常
[2026-06-11 18:11:50] 估算上下文使用率: 1% (阈值: 50%)
[2026-06-11 18:11:50] ✅ 上下文使用率正常
[2026-06-11 18:31:44] 估算上下文使用率: 1% (阈值: 50%)
[2026-06-11 18:31:44] ✅ 上下文使用率正常
[2026-06-11 19:01:46] 估算上下文使用率: 1% (阈值: 50%)
[2026-06-11 19:01:46] ✅ 上下文使用率正常
[2026-06-11 19:02:40] 估算上下文使用率: 1% (阈值: 50%)
[2026-06-11 19:02:40] ✅ 上下文使用率正常
[2026-06-11 19:32:34] 估算上下文使用率: 1% (阈值: 50%)
[2026-06-11 19:32:34] ✅ 上下文使用率正常
[2026-06-11 19:33:24] 估算上下文使用率: 1% (阈值: 50%)
[2026-06-11 19:33:24] ✅ 上下文使用率正常
[2026-06-11 20:03:23] 估算上下文使用率: 1% (阈值: 50%)
[2026-06-11 20:03:23] ✅ 上下文使用率正常
[2026-06-11 20:33:21] 估算上下文使用率: 1% (阈值: 50%)
[2026-06-11 20:33:21] ✅ 上下文使用率正常
[2026-06-11 21:03:35] 估算上下文使用率: 1% (阈值: 50%)
[2026-06-11 21:03:35] ✅ 上下文使用率正常
[2026-06-11 21:33:32] 估算上下文使用率: 1% (阈值: 50%)
[2026-06-11 21:33:32] ✅ 上下文使用率正常
[2026-06-11 21:35:05] 估算上下文使用率: 1% (阈值: 50%)
[2026-06-11 21:35:05] ✅ 上下文使用率正常
[2026-06-11 22:30:07] 估算上下文使用率: 1% (阈值: 50%)
[2026-06-11 22:30:07] ✅ 上下文使用率正常
[2026-06-11 23:00:07] 估算上下文使用率: 1% (阈值: 50%)
[2026-06-11 23:00:07] ✅ 上下文使用率正常
[2026-06-12 00:01:06] 估算上下文使用率: 1% (阈值: 50%)
[2026-06-12 00:01:06] ✅ 上下文使用率正常
[2026-06-12 00:31:06] 估算上下文使用率: 1% (阈值: 50%)
[2026-06-12 00:31:06] ✅ 上下文使用率正常
[2026-06-12 00:32:18] 估算上下文使用率: 1% (阈值: 50%)
[2026-06-12 00:32:18] ✅ 上下文使用率正常
[2026-06-12 01:02:20] 估算上下文使用率: 1% (阈值: 50%)
[2026-06-12 01:02:20] ✅ 上下文使用率正常
[2026-06-12 01:32:32] 估算上下文使用率: 1% (阈值: 50%)
[2026-06-12 01:32:32] ✅ 上下文使用率正常
[2026-06-12 02:01:03] 估算上下文使用率: 1% (阈值: 50%)
[2026-06-12 02:01:03] ✅ 上下文使用率正常
[2026-06-12 02:31:04] 估算上下文使用率: 1% (阈值: 50%)
[2026-06-12 02:31:04] ✅ 上下文使用率正常
[2026-06-12 03:31:06] 估算上下文使用率: 1% (阈值: 50%)
[2026-06-12 03:31:06] ✅ 上下文使用率正常
[2026-06-12 05:01:32] 估算上下文使用率: 1% (阈值: 50%)
[2026-06-12 05:01:32] ✅ 上下文使用率正常
[2026-06-12 05:31:32] 估算上下文使用率: 1% (阈值: 50%)
[2026-06-12 05:31:32] ✅ 上下文使用率正常
[2026-06-12 06:31:32] 估算上下文使用率: 1% (阈值: 50%)
[2026-06-12 06:31:32] ✅ 上下文使用率正常
[2026-06-12 07:01:35] 估算上下文使用率: 1% (阈值: 50%)
[2026-06-12 07:01:35] ✅ 上下文使用率正常
[2026-06-12 07:31:32] 估算上下文使用率: 1% (阈值: 50%)
[2026-06-12 07:31:32] ✅ 上下文使用率正常
[2026-06-12 07:32:09] 估算上下文使用率: 1% (阈值: 50%)
[2026-06-12 07:32:09] ✅ 上下文使用率正常
[2026-06-12 07:32:58] 估算上下文使用率: 1% (阈值: 50%)
[2026-06-12 07:32:58] ✅ 上下文使用率正常
[2026-06-12 07:33:40] 估算上下文使用率: 1% (阈值: 50%)
[2026-06-12 07:33:40] ✅ 上下文使用率正常
[2026-06-12 08:03:35] 估算上下文使用率: 1% (阈值: 50%)
[2026-06-12 08:03:35] ✅ 上下文使用率正常
[2026-06-12 08:33:34] 估算上下文使用率: 1% (阈值: 50%)
[2026-06-12 08:33:34] ✅ 上下文使用率正常
[2026-06-12 09:05:25] 估算上下文使用率: 1% (阈值: 50%)
[2026-06-12 09:05:25] ✅ 上下文使用率正常
[2026-06-12 09:34:19] 估算上下文使用率: 1% (阈值: 50%)
[2026-06-12 09:34:19] ✅ 上下文使用率正常
[2026-06-12 10:12:10] 估算上下文使用率: 1% (阈值: 50%)
[2026-06-12 10:12:10] ✅ 上下文使用率正常
[2026-06-12 10:30:06] 估算上下文使用率: 1% (阈值: 50%)
[2026-06-12 10:30:06] ✅ 上下文使用率正常
[2026-06-12 11:00:13] 估算上下文使用率: 1% (阈值: 50%)
[2026-06-12 11:00:13] ✅ 上下文使用率正常
[2026-06-12 11:30:08] 估算上下文使用率: 1% (阈值: 50%)
[2026-06-12 11:30:08] ✅ 上下文使用率正常
[2026-06-12 11:30:52] 估算上下文使用率: 1% (阈值: 50%)
[2026-06-12 11:30:52] ✅ 上下文使用率正常
[2026-06-12 11:31:52] 估算上下文使用率: 1% (阈值: 50%)
[2026-06-12 11:31:52] ✅ 上下文使用率正常
[2026-06-12 11:32:33] 估算上下文使用率: 1% (阈值: 50%)
[2026-06-12 11:32:33] ✅ 上下文使用率正常
[2026-06-12 12:02:24] 估算上下文使用率: 1% (阈值: 50%)
[2026-06-12 12:02:24] ✅ 上下文使用率正常
[2026-06-12 12:32:24] 估算上下文使用率: 1% (阈值: 50%)
[2026-06-12 12:32:24] ✅ 上下文使用率正常
[2026-06-12 13:02:24] 估算上下文使用率: 1% (阈值: 50%)
[2026-06-12 13:02:24] ✅ 上下文使用率正常
[2026-06-12 13:32:24] 估算上下文使用率: 1% (阈值: 50%)
[2026-06-12 13:32:24] ✅ 上下文使用率正常
[2026-06-12 13:41:44] 估算上下文使用率: 1% (阈值: 50%)
[2026-06-12 13:41:44] ✅ 上下文使用率正常
[2026-06-12 14:02:24] 估算上下文使用率: 1% (阈值: 50%)
[2026-06-12 14:02:24] ✅ 上下文使用率正常
[2026-06-12 14:02:52] 估算上下文使用率: 1% (阈值: 50%)
[2026-06-12 14:02:52] ✅ 上下文使用率正常
[2026-06-12 14:32:53] 估算上下文使用率: 1% (阈值: 50%)
[2026-06-12 14:32:53] ✅ 上下文使用率正常
[2026-06-12 15:02:55] 估算上下文使用率: 1% (阈值: 50%)
[2026-06-12 15:02:55] ✅ 上下文使用率正常
[2026-06-12 15:03:38] 估算上下文使用率: 1% (阈值: 50%)
[2026-06-12 15:03:38] ✅ 上下文使用率正常
[2026-06-12 15:04:15] 估算上下文使用率: 1% (阈值: 50%)
[2026-06-12 15:04:15] ✅ 上下文使用率正常
[2026-06-12 15:04:46] 估算上下文使用率: 1% (阈值: 50%)
[2026-06-12 15:04:46] ✅ 上下文使用率正常
[2026-06-12 15:05:13] 估算上下文使用率: 1% (阈值: 50%)
[2026-06-12 15:05:13] ✅ 上下文使用率正常
[2026-06-12 15:06:06] 估算上下文使用率: 1% (阈值: 50%)
[2026-06-12 15:06:06] ✅ 上下文使用率正常
[2026-06-12 15:07:29] 估算上下文使用率: 1% (阈值: 50%)
[2026-06-12 15:07:29] ✅ 上下文使用率正常
[2026-06-12 15:37:35] 估算上下文使用率: 1% (阈值: 50%)
[2026-06-12 15:37:35] ✅ 上下文使用率正常
[2026-06-12 15:38:19] 估算上下文使用率: 1% (阈值: 50%)
[2026-06-12 15:38:19] ✅ 上下文使用率正常
[2026-06-12 15:38:59] 估算上下文使用率: 1% (阈值: 50%)
[2026-06-12 15:38:59] ✅ 上下文使用率正常
[2026-06-12 15:39:38] 估算上下文使用率: 1% (阈值: 50%)
[2026-06-12 15:39:38] ✅ 上下文使用率正常
[2026-06-12 16:30:06] 估算上下文使用率: 1% (阈值: 50%)
[2026-06-12 16:30:06] ✅ 上下文使用率正常
[2026-06-12 17:00:06] 估算上下文使用率: 1% (阈值: 50%)
[2026-06-12 17:00:06] ✅ 上下文使用率正常
[2026-06-12 17:30:06] 估算上下文使用率: 1% (阈值: 50%)
[2026-06-12 17:30:06] ✅ 上下文使用率正常
[2026-06-12 17:30:37] 估算上下文使用率: 1% (阈值: 50%)
[2026-06-12 17:30:37] ✅ 上下文使用率正常
[2026-06-12 18:00:38] 估算上下文使用率: 1% (阈值: 50%)
[2026-06-12 18:00:38] ✅ 上下文使用率正常
[2026-06-12 18:01:07] 估算上下文使用率: 1% (阈值: 50%)
[2026-06-12 18:01:07] ✅ 上下文使用率正常
[2026-06-12 18:31:10] 估算上下文使用率: 1% (阈值: 50%)
[2026-06-12 18:31:10] ✅ 上下文使用率正常
[2026-06-12 19:01:08] 估算上下文使用率: 1% (阈值: 50%)
[2026-06-12 19:01:08] ✅ 上下文使用率正常
[2026-06-12 19:31:09] 估算上下文使用率: 1% (阈值: 50%)
[2026-06-12 19:31:09] ✅ 上下文使用率正常
[2026-06-12 19:31:43] 估算上下文使用率: 1% (阈值: 50%)
[2026-06-12 19:31:43] ✅ 上下文使用率正常
[2026-06-12 19:32:17] 估算上下文使用率: 1% (阈值: 50%)
[2026-06-12 19:32:17] ✅ 上下文使用率正常
[2026-06-12 20:02:18] 估算上下文使用率: 1% (阈值: 50%)
[2026-06-12 20:02:18] ✅ 上下文使用率正常
[2026-06-12 20:02:49] 估算上下文使用率: 1% (阈值: 50%)
[2026-06-12 20:02:49] ✅ 上下文使用率正常
[2026-06-12 20:03:21] 估算上下文使用率: 1% (阈值: 50%)
[2026-06-12 20:03:21] ✅ 上下文使用率正常
[2026-06-12 20:04:09] 估算上下文使用率: 1% (阈值: 50%)
[2026-06-12 20:04:09] ✅ 上下文使用率正常
[2026-06-12 20:05:05] 估算上下文使用率: 1% (阈值: 50%)
[2026-06-12 20:05:05] ✅ 上下文使用率正常
[2026-06-12 20:05:47] 估算上下文使用率: 1% (阈值: 50%)
[2026-06-12 20:05:47] ✅ 上下文使用率正常
[2026-06-12 20:35:47] 估算上下文使用率: 1% (阈值: 50%)
[2026-06-12 20:35:47] ✅ 上下文使用率正常
[2026-06-12 21:05:48] 估算上下文使用率: 1% (阈值: 50%)
[2026-06-12 21:05:48] ✅ 上下文使用率正常
[2026-06-12 21:35:48] 估算上下文使用率: 1% (阈值: 50%)
[2026-06-12 21:35:48] ✅ 上下文使用率正常
[2026-06-12 23:00:06] 估算上下文使用率: 1% (阈值: 50%)
[2026-06-12 23:00:06] ✅ 上下文使用率正常
[2026-06-12 23:01:47] 估算上下文使用率: 1% (阈值: 50%)
[2026-06-12 23:01:47] ✅ 上下文使用率正常
[2026-06-13 00:00:07] 估算上下文使用率: 1% (阈值: 50%)
[2026-06-13 00:00:07] ✅ 上下文使用率正常
[2026-06-13 00:30:08] 估算上下文使用率: 1% (阈值: 50%)
[2026-06-13 00:30:08] ✅ 上下文使用率正常
[2026-06-13 01:00:07] 估算上下文使用率: 1% (阈值: 50%)
[2026-06-13 01:00:07] ✅ 上下文使用率正常
[2026-06-13 01:30:08] 估算上下文使用率: 1% (阈值: 50%)
[2026-06-13 01:30:08] ✅ 上下文使用率正常
[2026-06-13 02:00:27] 估算上下文使用率: 1% (阈值: 50%)
[2026-06-13 02:00:27] ✅ 上下文使用率正常
[2026-06-13 02:11:38] 估算上下文使用率: 1% (阈值: 50%)
[2026-06-13 02:11:38] ✅ 上下文使用率正常
[2026-06-13 02:30:27] 估算上下文使用率: 1% (阈值: 50%)
[2026-06-13 02:30:27] ✅ 上下文使用率正常
[2026-06-13 03:00:27] 估算上下文使用率: 1% (阈值: 50%)
[2026-06-13 03:00:27] ✅ 上下文使用率正常
[2026-06-13 03:30:27] 估算上下文使用率: 1% (阈值: 50%)
[2026-06-13 03:30:27] ✅ 上下文使用率正常
[2026-06-13 04:31:29] 估算上下文使用率: 1% (阈值: 50%)
[2026-06-13 04:31:29] ✅ 上下文使用率正常
[2026-06-13 05:01:31] 估算上下文使用率: 1% (阈值: 50%)
[2026-06-13 05:01:31] ✅ 上下文使用率正常
[2026-06-13 05:31:36] 估算上下文使用率: 1% (阈值: 50%)
[2026-06-13 05:31:36] ✅ 上下文使用率正常
[2026-06-13 06:01:28] 估算上下文使用率: 1% (阈值: 50%)
[2026-06-13 06:01:28] ✅ 上下文使用率正常
[2026-06-13 06:31:28] 估算上下文使用率: 1% (阈值: 50%)
[2026-06-13 06:31:28] ✅ 上下文使用率正常
[2026-06-13 07:01:29] 估算上下文使用率: 1% (阈值: 50%)
[2026-06-13 07:01:29] ✅ 上下文使用率正常
[2026-06-13 07:31:31] 估算上下文使用率: 1% (阈值: 50%)
[2026-06-13 07:31:31] ✅ 上下文使用率正常
[2026-06-13 08:01:29] 估算上下文使用率: 1% (阈值: 50%)
[2026-06-13 08:01:29] ✅ 上下文使用率正常
[2026-06-13 08:31:28] 估算上下文使用率: 1% (阈值: 50%)
[2026-06-13 08:31:28] ✅ 上下文使用率正常
[2026-06-13 09:03:25] 估算上下文使用率: 1% (阈值: 50%)
[2026-06-13 09:03:25] ✅ 上下文使用率正常
[2026-06-13 09:11:44] 估算上下文使用率: 1% (阈值: 50%)
[2026-06-13 09:11:44] ✅ 上下文使用率正常
[2026-06-13 09:34:02] 估算上下文使用率: 1% (阈值: 50%)
[2026-06-13 09:34:02] ✅ 上下文使用率正常
[2026-06-13 10:30:06] 估算上下文使用率: 1% (阈值: 50%)
[2026-06-13 10:30:06] ✅ 上下文使用率正常
[2026-06-13 11:00:07] 估算上下文使用率: 1% (阈值: 50%)
[2026-06-13 11:00:07] ✅ 上下文使用率正常
[2026-06-13 11:30:06] 估算上下文使用率: 1% (阈值: 50%)
[2026-06-13 11:30:06] ✅ 上下文使用率正常
[2026-06-13 12:12:00] 估算上下文使用率: 1% (阈值: 50%)
[2026-06-13 12:12:00] ✅ 上下文使用率正常
[2026-06-13 13:00:06] 估算上下文使用率: 1% (阈值: 50%)
[2026-06-13 13:00:06] ✅ 上下文使用率正常
[2026-06-13 13:00:48] 估算上下文使用率: 1% (阈值: 50%)
[2026-06-13 13:00:48] ✅ 上下文使用率正常
[2026-06-13 13:01:24] 估算上下文使用率: 1% (阈值: 50%)
[2026-06-13 13:01:24] ✅ 上下文使用率正常
[2026-06-13 13:31:25] 估算上下文使用率: 1% (阈值: 50%)
[2026-06-13 13:31:25] ✅ 上下文使用率正常
[2026-06-13 14:01:25] 估算上下文使用率: 1% (阈值: 50%)
[2026-06-13 14:01:25] ✅ 上下文使用率正常
[2026-06-13 14:31:25] 估算上下文使用率: 1% (阈值: 50%)
[2026-06-13 14:31:25] ✅ 上下文使用率正常
[2026-06-13 15:01:25] 估算上下文使用率: 1% (阈值: 50%)
[2026-06-13 15:01:25] ✅ 上下文使用率正常
[2026-06-13 15:01:55] 估算上下文使用率: 1% (阈值: 50%)
[2026-06-13 15:01:55] ✅ 上下文使用率正常
[2026-06-13 15:02:32] 估算上下文使用率: 1% (阈值: 50%)
[2026-06-13 15:02:32] ✅ 上下文使用率正常
[2026-06-13 15:32:30] 估算上下文使用率: 1% (阈值: 50%)
[2026-06-13 15:32:30] ✅ 上下文使用率正常
[2026-06-13 16:30:06] 估算上下文使用率: 1% (阈值: 50%)
[2026-06-13 16:30:06] ✅ 上下文使用率正常
[2026-06-13 16:30:41] 估算上下文使用率: 1% (阈值: 50%)
[2026-06-13 16:30:41] ✅ 上下文使用率正常
[2026-06-13 17:00:42] 估算上下文使用率: 1% (阈值: 50%)
[2026-06-13 17:00:42] ✅ 上下文使用率正常
[2026-06-13 17:30:43] 估算上下文使用率: 1% (阈值: 50%)
[2026-06-13 17:30:43] ✅ 上下文使用率正常
[2026-06-13 18:00:43] 估算上下文使用率: 1% (阈值: 50%)
[2026-06-13 18:00:43] ✅ 上下文使用率正常
[2026-06-13 18:01:13] 估算上下文使用率: 1% (阈值: 50%)
[2026-06-13 18:01:13] ✅ 上下文使用率正常
[2026-06-13 18:01:44] 估算上下文使用率: 1% (阈值: 50%)
[2026-06-13 18:01:44] ✅ 上下文使用率正常
[2026-06-13 18:11:41] 估算上下文使用率: 1% (阈值: 50%)
[2026-06-13 18:11:41] ✅ 上下文使用率正常
[2026-06-13 18:31:45] 估算上下文使用率: 1% (阈值: 50%)
[2026-06-13 18:31:45] ✅ 上下文使用率正常
[2026-06-13 20:01:45] 估算上下文使用率: 1% (阈值: 50%)
[2026-06-13 20:01:45] ✅ 上下文使用率正常
[2026-06-13 20:02:19] 估算上下文使用率: 1% (阈值: 50%)
[2026-06-13 20:02:19] ✅ 上下文使用率正常
[2026-06-13 20:32:25] 估算上下文使用率: 1% (阈值: 50%)
[2026-06-13 20:32:25] ✅ 上下文使用率正常
[2026-06-13 20:33:13] 估算上下文使用率: 1% (阈值: 50%)
[2026-06-13 20:33:13] ✅ 上下文使用率正常
[2026-06-13 21:03:12] 估算上下文使用率: 1% (阈值: 50%)
[2026-06-13 21:03:12] ✅ 上下文使用率正常
[2026-06-13 21:03:44] 估算上下文使用率: 1% (阈值: 50%)
[2026-06-13 21:03:44] ✅ 上下文使用率正常
[2026-06-13 21:33:43] 估算上下文使用率: 1% (阈值: 50%)
[2026-06-13 21:33:43] ✅ 上下文使用率正常
[2026-06-13 22:30:06] 估算上下文使用率: 1% (阈值: 50%)
[2026-06-13 22:30:06] ✅ 上下文使用率正常
[2026-06-13 23:00:06] 估算上下文使用率: 1% (阈值: 50%)
[2026-06-13 23:00:06] ✅ 上下文使用率正常
[2026-06-13 23:11:43] 估算上下文使用率: 1% (阈值: 50%)
[2026-06-13 23:11:43] ✅ 上下文使用率正常
[2026-06-13 23:12:35] 估算上下文使用率: 1% (阈值: 50%)
[2026-06-13 23:12:35] ✅ 上下文使用率正常
[2026-06-13 23:14:08] 估算上下文使用率: 1% (阈值: 50%)
[2026-06-13 23:14:08] ✅ 上下文使用率正常
[2026-06-14 00:00:06] 估算上下文使用率: 1% (阈值: 50%)
[2026-06-14 00:00:06] ✅ 上下文使用率正常
[2026-06-14 00:11:39] 估算上下文使用率: 1% (阈值: 50%)
[2026-06-14 00:11:39] ✅ 上下文使用率正常
[2026-06-14 00:30:07] 估算上下文使用率: 1% (阈值: 50%)
[2026-06-14 00:30:07] ✅ 上下文使用率正常
[2026-06-14 00:41:41] 估算上下文使用率: 1% (阈值: 50%)
[2026-06-14 00:41:41] ✅ 上下文使用率正常
[2026-06-14 01:00:07] 估算上下文使用率: 1% (阈值: 50%)
[2026-06-14 01:00:07] ✅ 上下文使用率正常
[2026-06-14 01:01:34] 估算上下文使用率: 1% (阈值: 50%)
[2026-06-14 01:01:34] ✅ 上下文使用率正常
[2026-06-14 01:31:35] 估算上下文使用率: 1% (阈值: 50%)
[2026-06-14 01:31:35] ✅ 上下文使用率正常
[2026-06-14 02:00:25] 估算上下文使用率: 1% (阈值: 50%)
[2026-06-14 02:00:25] ✅ 上下文使用率正常
[2026-06-14 02:30:26] 估算上下文使用率: 1% (阈值: 50%)
[2026-06-14 02:30:26] ✅ 上下文使用率正常
[2026-06-14 02:31:53] 估算上下文使用率: 1% (阈值: 50%)
[2026-06-14 02:31:53] ✅ 上下文使用率正常
[2026-06-14 03:01:52] 估算上下文使用率: 1% (阈值: 50%)
[2026-06-14 03:01:52] ✅ 上下文使用率正常
[2026-06-14 03:31:51] 估算上下文使用率: 1% (阈值: 50%)
[2026-06-14 03:31:51] ✅ 上下文使用率正常
[2026-06-14 04:30:07] 估算上下文使用率: 1% (阈值: 50%)
[2026-06-14 04:30:07] ✅ 上下文使用率正常
[2026-06-14 05:00:09] 估算上下文使用率: 1% (阈值: 50%)
[2026-06-14 05:00:09] ✅ 上下文使用率正常
[2026-06-14 05:30:05] 估算上下文使用率: 1% (阈值: 50%)
[2026-06-14 05:30:05] ✅ 上下文使用率正常
[2026-06-14 06:00:05] 估算上下文使用率: 1% (阈值: 50%)
[2026-06-14 06:00:05] ✅ 上下文使用率正常
[2026-06-14 06:33:32] 估算上下文使用率: 1% (阈值: 50%)
[2026-06-14 06:33:32] ✅ 上下文使用率正常
[2026-06-14 07:03:33] 估算上下文使用率: 1% (阈值: 50%)
[2026-06-14 07:03:33] ✅ 上下文使用率正常
[2026-06-14 08:04:16] 估算上下文使用率: 1% (阈值: 50%)
[2026-06-14 08:04:16] ✅ 上下文使用率正常
[2026-06-14 08:34:15] 估算上下文使用率: 1% (阈值: 50%)
[2026-06-14 08:34:15] ✅ 上下文使用率正常
[2026-06-14 09:04:52] 估算上下文使用率: 1% (阈值: 50%)
[2026-06-14 09:04:52] ✅ 上下文使用率正常
[2026-06-14 09:11:41] 估算上下文使用率: 1% (阈值: 50%)
[2026-06-14 09:11:41] ✅ 上下文使用率正常
[2026-06-14 09:34:51] 估算上下文使用率: 1% (阈值: 50%)
[2026-06-14 09:34:51] ✅ 上下文使用率正常
[2026-06-14 10:30:06] 估算上下文使用率: 1% (阈值: 50%)
[2026-06-14 10:30:06] ✅ 上下文使用率正常
[2026-06-14 11:00:08] 估算上下文使用率: 1% (阈值: 50%)
[2026-06-14 11:00:08] ✅ 上下文使用率正常
[2026-06-14 11:00:39] 估算上下文使用率: 1% (阈值: 50%)
[2026-06-14 11:00:39] ✅ 上下文使用率正常
[2026-06-14 11:30:40] 估算上下文使用率: 1% (阈值: 50%)
[2026-06-14 11:30:40] ✅ 上下文使用率正常
[2026-06-14 12:00:40] 估算上下文使用率: 1% (阈值: 50%)
[2026-06-14 12:00:40] ✅ 上下文使用率正常
[2026-06-14 12:30:39] 估算上下文使用率: 1% (阈值: 50%)
[2026-06-14 12:30:39] ✅ 上下文使用率正常
[2026-06-14 13:00:40] 估算上下文使用率: 1% (阈值: 50%)
[2026-06-14 13:00:40] ✅ 上下文使用率正常
[2026-06-14 13:01:16] 估算上下文使用率: 1% (阈值: 50%)
[2026-06-14 13:01:16] ✅ 上下文使用率正常
[2026-06-14 13:01:49] 估算上下文使用率: 1% (阈值: 50%)
[2026-06-14 13:01:49] ✅ 上下文使用率正常
[2026-06-14 13:02:37] 估算上下文使用率: 1% (阈值: 50%)
[2026-06-14 13:02:37] ✅ 上下文使用率正常
[2026-06-14 13:32:38] 估算上下文使用率: 1% (阈值: 50%)
[2026-06-14 13:32:38] ✅ 上下文使用率正常
[2026-06-14 13:41:42] 估算上下文使用率: 1% (阈值: 50%)
[2026-06-14 13:41:42] ✅ 上下文使用率正常
[2026-06-14 14:02:37] 估算上下文使用率: 1% (阈值: 50%)
[2026-06-14 14:02:37] ✅ 上下文使用率正常
[2026-06-14 14:32:38] 估算上下文使用率: 1% (阈值: 50%)
[2026-06-14 14:32:38] ✅ 上下文使用率正常
[2026-06-14 15:02:38] 估算上下文使用率: 1% (阈值: 50%)
[2026-06-14 15:02:38] ✅ 上下文使用率正常
[2026-06-14 15:32:38] 估算上下文使用率: 1% (阈值: 50%)
[2026-06-14 15:32:38] ✅ 上下文使用率正常
[2026-06-14 16:30:07] 估算上下文使用率: 1% (阈值: 50%)
[2026-06-14 16:30:07] ✅ 上下文使用率正常
[2026-06-14 16:41:44] 估算上下文使用率: 1% (阈值: 50%)
[2026-06-14 16:41:44] ✅ 上下文使用率正常
[2026-06-14 16:42:24] 估算上下文使用率: 1% (阈值: 50%)
[2026-06-14 16:42:24] ✅ 上下文使用率正常
[2026-06-14 17:12:21] 估算上下文使用率: 1% (阈值: 50%)
[2026-06-14 17:12:21] ✅ 上下文使用率正常
[2026-06-14 17:13:00] 估算上下文使用率: 1% (阈值: 50%)
[2026-06-14 17:13:00] ✅ 上下文使用率正常
[2026-06-14 17:43:04] 估算上下文使用率: 1% (阈值: 50%)
[2026-06-14 17:43:04] ✅ 上下文使用率正常
[2026-06-14 18:13:02] 估算上下文使用率: 1% (阈值: 50%)
[2026-06-14 18:13:02] ✅ 上下文使用率正常
[2026-06-14 18:43:02] 估算上下文使用率: 1% (阈值: 50%)
[2026-06-14 18:43:02] ✅ 上下文使用率正常
[2026-06-14 19:13:02] 估算上下文使用率: 1% (阈值: 50%)
[2026-06-14 19:13:02] ✅ 上下文使用率正常
[2026-06-14 19:43:02] 估算上下文使用率: 1% (阈值: 50%)
[2026-06-14 19:43:02] ✅ 上下文使用率正常
[2026-06-14 20:13:02] 估算上下文使用率: 1% (阈值: 50%)
[2026-06-14 20:13:02] ✅ 上下文使用率正常
[2026-06-14 20:43:02] 估算上下文使用率: 1% (阈值: 50%)
[2026-06-14 20:43:02] ✅ 上下文使用率正常
[2026-06-14 21:13:03] 估算上下文使用率: 1% (阈值: 50%)
[2026-06-14 21:13:03] ✅ 上下文使用率正常
[2026-06-14 21:43:02] 估算上下文使用率: 1% (阈值: 50%)
[2026-06-14 21:43:02] ✅ 上下文使用率正常
[2026-06-14 22:30:06] 估算上下文使用率: 1% (阈值: 50%)
[2026-06-14 22:30:06] ✅ 上下文使用率正常
[2026-06-15 00:00:07] 估算上下文使用率: 1% (阈值: 50%)
[2026-06-15 00:00:07] ✅ 上下文使用率正常
[2026-06-15 00:30:07] 估算上下文使用率: 1% (阈值: 50%)
[2026-06-15 00:30:07] ✅ 上下文使用率正常
[2026-06-15 01:30:07] 估算上下文使用率: 1% (阈值: 50%)
[2026-06-15 01:30:07] ✅ 上下文使用率正常
[2026-06-15 02:30:28] 估算上下文使用率: 1% (阈值: 50%)
[2026-06-15 02:30:28] ✅ 上下文使用率正常
[2026-06-15 03:30:28] 估算上下文使用率: 1% (阈值: 50%)
[2026-06-15 03:30:28] ✅ 上下文使用率正常
[2026-06-15 04:01:36] 估算上下文使用率: 1% (阈值: 50%)
[2026-06-15 04:01:36] ✅ 上下文使用率正常
[2026-06-15 04:12:14] 估算上下文使用率: 1% (阈值: 50%)
[2026-06-15 04:12:14] ✅ 上下文使用率正常
[2026-06-15 04:31:36] 估算上下文使用率: 1% (阈值: 50%)
[2026-06-15 04:31:36] ✅ 上下文使用率正常
[2026-06-15 05:01:35] 估算上下文使用率: 1% (阈值: 50%)
[2026-06-15 05:01:35] ✅ 上下文使用率正常
[2026-06-15 05:31:35] 估算上下文使用率: 1% (阈值: 50%)
[2026-06-15 05:31:35] ✅ 上下文使用率正常
[2026-06-15 06:01:36] 估算上下文使用率: 1% (阈值: 50%)
[2026-06-15 06:01:36] ✅ 上下文使用率正常
[2026-06-15 07:01:35] 估算上下文使用率: 1% (阈值: 50%)
[2026-06-15 07:01:35] ✅ 上下文使用率正常
[2026-06-15 07:31:35] 估算上下文使用率: 1% (阈值: 50%)
[2026-06-15 07:31:35] ✅ 上下文使用率正常
[2026-06-15 07:41:41] 估算上下文使用率: 1% (阈值: 50%)
[2026-06-15 07:41:41] ✅ 上下文使用率正常
[2026-06-15 08:01:39] 估算上下文使用率: 1% (阈值: 50%)
[2026-06-15 08:01:39] ✅ 上下文使用率正常
[2026-06-15 08:02:10] 估算上下文使用率: 1% (阈值: 50%)
[2026-06-15 08:02:10] ✅ 上下文使用率正常
[2026-06-15 08:02:48] 估算上下文使用率: 1% (阈值: 50%)
[2026-06-15 08:02:48] ✅ 上下文使用率正常
[2026-06-15 08:32:48] 估算上下文使用率: 1% (阈值: 50%)
[2026-06-15 08:32:48] ✅ 上下文使用率正常
[2026-06-15 08:33:51] 估算上下文使用率: 1% (阈值: 50%)
[2026-06-15 08:33:51] ✅ 上下文使用率正常
[2026-06-15 08:34:38] 估算上下文使用率: 1% (阈值: 50%)
[2026-06-15 08:34:38] ✅ 上下文使用率正常
[2026-06-15 09:04:03] 估算上下文使用率: 1% (阈值: 50%)
[2026-06-15 09:04:03] ✅ 上下文使用率正常
[2026-06-15 09:34:00] 估算上下文使用率: 1% (阈值: 50%)
[2026-06-15 09:34:00] ✅ 上下文使用率正常
[2026-06-15 09:35:29] 估算上下文使用率: 1% (阈值: 50%)
[2026-06-15 09:35:29] ✅ 上下文使用率正常
[2026-06-15 09:36:23] 估算上下文使用率: 1% (阈值: 50%)
[2026-06-15 09:36:23] ✅ 上下文使用率正常
[2026-06-15 09:41:46] 估算上下文使用率: 1% (阈值: 50%)
[2026-06-15 09:41:46] ✅ 上下文使用率正常
[2026-06-15 10:30:15] 估算上下文使用率: 1% (阈值: 50%)
[2026-06-15 10:30:15] ✅ 上下文使用率正常
[2026-06-15 11:00:16] 估算上下文使用率: 1% (阈值: 50%)
[2026-06-15 11:00:16] ✅ 上下文使用率正常
[2026-06-15 11:30:14] 估算上下文使用率: 1% (阈值: 50%)
[2026-06-15 11:30:14] ✅ 上下文使用率正常
[2026-06-15 11:32:15] 估算上下文使用率: 1% (阈值: 50%)
[2026-06-15 11:32:15] ✅ 上下文使用率正常
[2026-06-15 11:41:51] 估算上下文使用率: 1% (阈值: 50%)
[2026-06-15 11:41:51] ✅ 上下文使用率正常
[2026-06-15 11:42:39] 估算上下文使用率: 1% (阈值: 50%)
[2026-06-15 11:42:39] ✅ 上下文使用率正常
[2026-06-15 12:12:33] 估算上下文使用率: 1% (阈值: 50%)
[2026-06-15 12:12:33] ✅ 上下文使用率正常
[2026-06-15 12:42:31] 估算上下文使用率: 1% (阈值: 50%)
[2026-06-15 12:42:31] ✅ 上下文使用率正常
[2026-06-15 13:12:33] 估算上下文使用率: 1% (阈值: 50%)
[2026-06-15 13:12:33] ✅ 上下文使用率正常
[2026-06-15 13:42:33] 估算上下文使用率: 1% (阈值: 50%)
[2026-06-15 13:42:33] ✅ 上下文使用率正常
[2026-06-15 14:12:33] 估算上下文使用率: 1% (阈值: 50%)
[2026-06-15 14:12:33] ✅ 上下文使用率正常
[2026-06-15 14:42:37] 估算上下文使用率: 1% (阈值: 50%)
[2026-06-15 14:42:37] ✅ 上下文使用率正常
[2026-06-15 15:12:33] 估算上下文使用率: 1% (阈值: 50%)
[2026-06-15 15:12:33] ✅ 上下文使用率正常
[2026-06-15 15:13:41] 估算上下文使用率: 1% (阈值: 50%)
[2026-06-15 15:13:41] ✅ 上下文使用率正常
[2026-06-15 15:14:15] 估算上下文使用率: 1% (阈值: 50%)
[2026-06-15 15:14:15] ✅ 上下文使用率正常
[2026-06-15 15:14:57] 估算上下文使用率: 1% (阈值: 50%)
[2026-06-15 15:14:57] ✅ 上下文使用率正常
[2026-06-15 15:16:34] 估算上下文使用率: 1% (阈值: 50%)
[2026-06-15 15:16:34] ✅ 上下文使用率正常
[2026-06-15 15:17:17] 估算上下文使用率: 1% (阈值: 50%)
[2026-06-15 15:17:17] ✅ 上下文使用率正常
[2026-06-15 15:47:23] 估算上下文使用率: 1% (阈值: 50%)
[2026-06-15 15:47:23] ✅ 上下文使用率正常
[2026-06-15 16:30:17] 估算上下文使用率: 1% (阈值: 50%)
[2026-06-15 16:30:17] ✅ 上下文使用率正常
[2026-06-15 17:00:16] 估算上下文使用率: 1% (阈值: 50%)
[2026-06-15 17:00:16] ✅ 上下文使用率正常
[2026-06-15 17:31:13] 估算上下文使用率: 1% (阈值: 50%)
[2026-06-15 17:31:13] ✅ 上下文使用率正常
[2026-06-15 17:32:14] 估算上下文使用率: 1% (阈值: 50%)
[2026-06-15 17:32:14] ✅ 上下文使用率正常
[2026-06-15 18:02:13] 估算上下文使用率: 1% (阈值: 50%)
[2026-06-15 18:02:13] ✅ 上下文使用率正常
[2026-06-15 18:32:12] 估算上下文使用率: 1% (阈值: 50%)
[2026-06-15 18:32:12] ✅ 上下文使用率正常
[2026-06-15 19:02:15] 估算上下文使用率: 1% (阈值: 50%)
[2026-06-15 19:02:15] ✅ 上下文使用率正常
[2026-06-15 19:32:14] 估算上下文使用率: 1% (阈值: 50%)
[2026-06-15 19:32:14] ✅ 上下文使用率正常
[2026-06-15 20:02:14] 估算上下文使用率: 1% (阈值: 50%)
[2026-06-15 20:02:14] ✅ 上下文使用率正常
[2026-06-15 20:11:52] 估算上下文使用率: 1% (阈值: 50%)
[2026-06-15 20:11:52] ✅ 上下文使用率正常
[2026-06-15 20:32:18] 估算上下文使用率: 1% (阈值: 50%)
[2026-06-15 20:32:18] ✅ 上下文使用率正常
[2026-06-15 21:02:16] 估算上下文使用率: 1% (阈值: 50%)
[2026-06-15 21:02:16] ✅ 上下文使用率正常
[2026-06-15 21:32:14] 估算上下文使用率: 1% (阈值: 50%)
[2026-06-15 21:32:14] ✅ 上下文使用率正常
[2026-06-15 22:30:09] 估算上下文使用率: 1% (阈值: 50%)
[2026-06-15 22:30:09] ✅ 上下文使用率正常
[2026-06-15 23:00:09] 估算上下文使用率: 1% (阈值: 50%)
[2026-06-15 23:00:09] ✅ 上下文使用率正常
[2026-06-16 00:00:15] 估算上下文使用率: 1% (阈值: 50%)
[2026-06-16 00:00:15] ✅ 上下文使用率正常
[2026-06-16 00:30:11] 估算上下文使用率: 1% (阈值: 50%)
[2026-06-16 00:30:11] ✅ 上下文使用率正常
[2026-06-16 02:11:42] 估算上下文使用率: 1% (阈值: 50%)
[2026-06-16 02:11:42] ✅ 上下文使用率正常
[2026-06-16 03:00:29] 估算上下文使用率: 1% (阈值: 50%)
[2026-06-16 03:00:29] ✅ 上下文使用率正常
[2026-06-16 03:30:30] 估算上下文使用率: 1% (阈值: 50%)
[2026-06-16 03:30:30] ✅ 上下文使用率正常
[2026-06-16 04:01:35] 估算上下文使用率: 1% (阈值: 50%)
[2026-06-16 04:01:35] ✅ 上下文使用率正常
[2026-06-16 04:31:34] 估算上下文使用率: 1% (阈值: 50%)
[2026-06-16 04:31:34] ✅ 上下文使用率正常
[2026-06-16 05:31:33] 估算上下文使用率: 1% (阈值: 50%)
[2026-06-16 05:31:33] ✅ 上下文使用率正常
[2026-06-16 06:01:33] 估算上下文使用率: 1% (阈值: 50%)
[2026-06-16 06:01:33] ✅ 上下文使用率正常
[2026-06-16 06:31:34] 估算上下文使用率: 1% (阈值: 50%)
[2026-06-16 06:31:34] ✅ 上下文使用率正常
[2026-06-16 07:01:38] 估算上下文使用率: 1% (阈值: 50%)
[2026-06-16 07:01:38] ✅ 上下文使用率正常
[2026-06-16 07:31:37] 估算上下文使用率: 1% (阈值: 50%)
[2026-06-16 07:31:37] ✅ 上下文使用率正常
[2026-06-16 08:01:38] 估算上下文使用率: 1% (阈值: 50%)
[2026-06-16 08:01:38] ✅ 上下文使用率正常
[2026-06-16 08:17:12] 估算上下文使用率: 1% (阈值: 50%)
[2026-06-16 08:17:12] ✅ 上下文使用率正常
[2026-06-16 08:47:12] 估算上下文使用率: 1% (阈值: 50%)
[2026-06-16 08:47:12] ✅ 上下文使用率正常
[2026-06-16 08:48:08] 估算上下文使用率: 1% (阈值: 50%)
[2026-06-16 08:48:08] ✅ 上下文使用率正常
[2026-06-16 08:49:16] 估算上下文使用率: 1% (阈值: 50%)
[2026-06-16 08:49:16] ✅ 上下文使用率正常
[2026-06-16 08:50:02] 估算上下文使用率: 1% (阈值: 50%)
[2026-06-16 08:50:02] ✅ 上下文使用率正常
[2026-06-16 09:03:29] 估算上下文使用率: 1% (阈值: 50%)
[2026-06-16 09:03:29] ✅ 上下文使用率正常
[2026-06-16 09:04:24] 估算上下文使用率: 1% (阈值: 50%)
[2026-06-16 09:04:24] ✅ 上下文使用率正常
[2026-06-16 09:34:16] 估算上下文使用率: 1% (阈值: 50%)
[2026-06-16 09:34:16] ✅ 上下文使用率正常
[2026-06-16 09:41:43] 估算上下文使用率: 1% (阈值: 50%)
[2026-06-16 09:41:43] ✅ 上下文使用率正常
[2026-06-16 10:30:08] 估算上下文使用率: 1% (阈值: 50%)
[2026-06-16 10:30:08] ✅ 上下文使用率正常
[2026-06-16 10:41:45] 估算上下文使用率: 1% (阈值: 50%)
[2026-06-16 10:41:45] ✅ 上下文使用率正常
[2026-06-16 10:42:18] 估算上下文使用率: 1% (阈值: 50%)
[2026-06-16 10:42:18] ✅ 上下文使用率正常
[2026-06-16 11:12:16] 估算上下文使用率: 1% (阈值: 50%)
[2026-06-16 11:12:16] ✅ 上下文使用率正常
[2026-06-16 11:12:18] 估算上下文使用率: 1% (阈值: 50%)
[2026-06-16 11:12:18] ✅ 上下文使用率正常
[2026-06-16 11:42:18] 估算上下文使用率: 1% (阈值: 50%)
[2026-06-16 11:42:18] ✅ 上下文使用率正常
[2026-06-16 12:12:18] 估算上下文使用率: 1% (阈值: 50%)
[2026-06-16 12:12:18] ✅ 上下文使用率正常
[2026-06-16 12:13:36] 估算上下文使用率: 1% (阈值: 50%)
[2026-06-16 12:13:36] ✅ 上下文使用率正常
[2026-06-16 12:14:19] 估算上下文使用率: 1% (阈值: 50%)
[2026-06-16 12:14:19] ✅ 上下文使用率正常
[2026-06-16 12:14:59] 估算上下文使用率: 1% (阈值: 50%)
[2026-06-16 12:14:59] ✅ 上下文使用率正常
[2026-06-16 12:15:51] 估算上下文使用率: 1% (阈值: 50%)
[2026-06-16 12:15:51] ✅ 上下文使用率正常
[2026-06-16 12:16:23] 估算上下文使用率: 1% (阈值: 50%)
[2026-06-16 12:16:23] ✅ 上下文使用率正常
[2026-06-16 12:46:17] 估算上下文使用率: 1% (阈值: 50%)
[2026-06-16 12:46:17] ✅ 上下文使用率正常
[2026-06-16 13:11:45] 估算上下文使用率: 1% (阈值: 50%)
[2026-06-16 13:11:45] ✅ 上下文使用率正常
[2026-06-16 13:16:17] 估算上下文使用率: 1% (阈值: 50%)
[2026-06-16 13:16:17] ✅ 上下文使用率正常
[2026-06-16 13:41:46] 估算上下文使用率: 1% (阈值: 50%)
[2026-06-16 13:41:46] ✅ 上下文使用率正常
[2026-06-16 13:46:18] 估算上下文使用率: 1% (阈值: 50%)
[2026-06-16 13:46:18] ✅ 上下文使用率正常
[2026-06-16 14:16:17] 估算上下文使用率: 1% (阈值: 50%)
[2026-06-16 14:16:17] ✅ 上下文使用率正常
[2026-06-16 14:46:26] 估算上下文使用率: 1% (阈值: 50%)
[2026-06-16 14:46:26] ✅ 上下文使用率正常
[2026-06-16 14:56:02] 估算上下文使用率: 1% (阈值: 50%)
[2026-06-16 14:56:02] ✅ 上下文使用率正常
[2026-06-16 15:26:00] 估算上下文使用率: 1% (阈值: 50%)
[2026-06-16 15:26:00] ✅ 上下文使用率正常
[2026-06-16 15:55:57] 估算上下文使用率: 1% (阈值: 50%)
[2026-06-16 15:55:57] ✅ 上下文使用率正常
[2026-06-16 16:30:07] 估算上下文使用率: 1% (阈值: 50%)
[2026-06-16 16:30:07] ✅ 上下文使用率正常
[2026-06-16 16:42:03] 估算上下文使用率: 1% (阈值: 50%)
[2026-06-16 16:42:03] ✅ 上下文使用率正常
[2026-06-16 17:00:10] 估算上下文使用率: 1% (阈值: 50%)
[2026-06-16 17:00:10] ✅ 上下文使用率正常
[2026-06-16 17:30:07] 估算上下文使用率: 1% (阈值: 50%)
[2026-06-16 17:30:07] ✅ 上下文使用率正常
[2026-06-16 18:00:08] 估算上下文使用率: 1% (阈值: 50%)
[2026-06-16 18:00:08] ✅ 上下文使用率正常
[2026-06-16 18:01:17] 估算上下文使用率: 1% (阈值: 50%)
[2026-06-16 18:01:17] ✅ 上下文使用率正常
[2026-06-16 18:31:11] 估算上下文使用率: 1% (阈值: 50%)
[2026-06-16 18:31:11] ✅ 上下文使用率正常
[2026-06-16 19:01:11] 估算上下文使用率: 1% (阈值: 50%)
[2026-06-16 19:01:11] ✅ 上下文使用率正常
[2026-06-16 19:31:11] 估算上下文使用率: 1% (阈值: 50%)
[2026-06-16 19:31:11] ✅ 上下文使用率正常
[2026-06-16 20:01:17] 估算上下文使用率: 1% (阈值: 50%)
[2026-06-16 20:01:17] ✅ 上下文使用率正常
[2026-06-16 20:02:12] 估算上下文使用率: 1% (阈值: 50%)
[2026-06-16 20:02:12] ✅ 上下文使用率正常
[2026-06-16 20:04:03] 估算上下文使用率: 1% (阈值: 50%)
[2026-06-16 20:04:03] ✅ 上下文使用率正常
[2026-06-16 20:33:46] 估算上下文使用率: 1% (阈值: 50%)
[2026-06-16 20:33:46] ✅ 上下文使用率正常
[2026-06-16 21:33:51] 估算上下文使用率: 1% (阈值: 50%)
[2026-06-16 21:33:51] ✅ 上下文使用率正常
[2026-06-16 22:30:09] 估算上下文使用率: 1% (阈值: 50%)
[2026-06-16 22:30:09] ✅ 上下文使用率正常
[2026-06-17 00:00:09] 估算上下文使用率: 1% (阈值: 50%)
[2026-06-17 00:00:09] ✅ 上下文使用率正常
[2026-06-17 00:41:46] 估算上下文使用率: 1% (阈值: 50%)
[2026-06-17 00:41:46] ✅ 上下文使用率正常
[2026-06-17 00:42:42] 估算上下文使用率: 1% (阈值: 50%)
[2026-06-17 00:42:42] ✅ 上下文使用率正常
[2026-06-17 02:00:38] 估算上下文使用率: 1% (阈值: 50%)
[2026-06-17 02:00:38] ✅ 上下文使用率正常
[2026-06-17 02:30:31] 估算上下文使用率: 1% (阈值: 50%)
[2026-06-17 02:30:31] ✅ 上下文使用率正常
[2026-06-17 03:30:30] 估算上下文使用率: 1% (阈值: 50%)
[2026-06-17 03:30:30] ✅ 上下文使用率正常
[2026-06-17 05:30:14] 估算上下文使用率: 1% (阈值: 50%)
[2026-06-17 05:30:14] ✅ 上下文使用率正常
[2026-06-17 06:00:14] 估算上下文使用率: 1% (阈值: 50%)
[2026-06-17 06:00:14] ✅ 上下文使用率正常
[2026-06-17 06:02:26] 估算上下文使用率: 1% (阈值: 50%)
[2026-06-17 06:02:26] ✅ 上下文使用率正常
[2026-06-17 06:32:15] 估算上下文使用率: 1% (阈值: 50%)
[2026-06-17 06:32:15] ✅ 上下文使用率正常
[2026-06-17 07:03:00] 估算上下文使用率: 1% (阈值: 50%)
[2026-06-17 07:03:00] ✅ 上下文使用率正常
[2026-06-17 07:32:16] 估算上下文使用率: 1% (阈值: 50%)
[2026-06-17 07:32:16] ✅ 上下文使用率正常
[2026-06-17 08:02:32] 估算上下文使用率: 1% (阈值: 50%)
[2026-06-17 08:02:32] ✅ 上下文使用率正常
[2026-06-17 08:04:26] 估算上下文使用率: 1% (阈值: 50%)
[2026-06-17 08:04:26] ✅ 上下文使用率正常
[2026-06-17 08:05:06] 估算上下文使用率: 1% (阈值: 50%)
[2026-06-17 08:05:06] ✅ 上下文使用率正常
[2026-06-17 08:35:10] 估算上下文使用率: 1% (阈值: 50%)
[2026-06-17 08:35:10] ✅ 上下文使用率正常
[2026-06-17 08:36:09] 估算上下文使用率: 1% (阈值: 50%)
[2026-06-17 08:36:09] ✅ 上下文使用率正常
[2026-06-17 09:04:15] 估算上下文使用率: 1% (阈值: 50%)
[2026-06-17 09:04:15] ✅ 上下文使用率正常
[2026-06-17 09:41:46] 估算上下文使用率: 1% (阈值: 50%)
[2026-06-17 09:41:46] ✅ 上下文使用率正常
[2026-06-17 10:30:06] 估算上下文使用率: 1% (阈值: 50%)
[2026-06-17 10:30:07] ✅ 上下文使用率正常
[2026-06-17 11:00:09] 估算上下文使用率: 1% (阈值: 50%)
[2026-06-17 11:00:09] ✅ 上下文使用率正常
[2026-06-17 11:30:44] 估算上下文使用率: 1% (阈值: 50%)
[2026-06-17 11:30:44] ✅ 上下文使用率正常
[2026-06-17 11:32:17] 估算上下文使用率: 1% (阈值: 50%)
[2026-06-17 11:32:17] ✅ 上下文使用率正常
[2026-06-17 11:34:21] 估算上下文使用率: 1% (阈值: 50%)
[2026-06-17 11:34:21] ✅ 上下文使用率正常
[2026-06-17 12:04:26] 估算上下文使用率: 1% (阈值: 50%)
[2026-06-17 12:04:26] ✅ 上下文使用率正常
[2026-06-17 12:34:25] 估算上下文使用率: 1% (阈值: 50%)
[2026-06-17 12:34:25] ✅ 上下文使用率正常
[2026-06-17 13:04:25] 估算上下文使用率: 1% (阈值: 50%)
[2026-06-17 13:04:25] ✅ 上下文使用率正常
[2026-06-17 13:34:22] 估算上下文使用率: 1% (阈值: 50%)
[2026-06-17 13:34:22] ✅ 上下文使用率正常
[2026-06-17 14:04:19] 估算上下文使用率: 1% (阈值: 50%)
[2026-06-17 14:04:19] ✅ 上下文使用率正常
[2026-06-17 15:03:53] 估算上下文使用率: 1% (阈值: 50%)
[2026-06-17 15:03:53] ✅ 上下文使用率正常
[2026-06-17 15:33:54] 估算上下文使用率: 1% (阈值: 50%)
[2026-06-17 15:33:54] ✅ 上下文使用率正常
[2026-06-17 16:30:10] 估算上下文使用率: 1% (阈值: 50%)
[2026-06-17 16:30:10] ✅ 上下文使用率正常
[2026-06-17 17:00:10] 估算上下文使用率: 1% (阈值: 50%)
[2026-06-17 17:00:10] ✅ 上下文使用率正常
[2026-06-17 18:30:52] 估算上下文使用率: 1% (阈值: 50%)
[2026-06-17 18:30:52] ✅ 上下文使用率正常
[2026-06-17 19:00:49] 估算上下文使用率: 1% (阈值: 50%)
[2026-06-17 19:00:49] ✅ 上下文使用率正常
[2026-06-17 19:31:02] 估算上下文使用率: 1% (阈值: 50%)
[2026-06-17 19:31:02] ✅ 上下文使用率正常
[2026-06-17 20:00:10] 估算上下文使用率: 1% (阈值: 50%)
[2026-06-17 20:00:10] ✅ 上下文使用率正常
[2026-06-17 20:30:08] 估算上下文使用率: 1% (阈值: 50%)
[2026-06-17 20:30:08] ✅ 上下文使用率正常
[2026-06-17 21:00:15] 估算上下文使用率: 1% (阈值: 50%)
[2026-06-17 21:00:15] ✅ 上下文使用率正常
[2026-06-17 21:30:09] 估算上下文使用率: 1% (阈值: 50%)
[2026-06-17 21:30:09] ✅ 上下文使用率正常
[2026-06-17 22:30:37] 估算上下文使用率: 1% (阈值: 50%)
[2026-06-17 22:30:37] ✅ 上下文使用率正常
[2026-06-17 23:00:08] 估算上下文使用率: 1% (阈值: 50%)
[2026-06-17 23:00:08] ✅ 上下文使用率正常
[2026-06-18 00:00:10] 估算上下文使用率: 1% (阈值: 50%)
[2026-06-18 00:00:10] ✅ 上下文使用率正常
[2026-06-18 00:30:08] 估算上下文使用率: 1% (阈值: 50%)
[2026-06-18 00:30:08] ✅ 上下文使用率正常
[2026-06-18 01:00:10] 估算上下文使用率: 1% (阈值: 50%)
[2026-06-18 01:00:10] ✅ 上下文使用率正常
[2026-06-18 01:30:10] 估算上下文使用率: 1% (阈值: 50%)
[2026-06-18 01:30:10] ✅ 上下文使用率正常
[2026-06-18 02:00:41] 估算上下文使用率: 1% (阈值: 50%)
[2026-06-18 02:00:41] ✅ 上下文使用率正常
[2026-06-18 02:30:35] 估算上下文使用率: 1% (阈值: 50%)
[2026-06-18 02:30:35] ✅ 上下文使用率正常
[2026-06-18 03:00:41] 估算上下文使用率: 1% (阈值: 50%)
[2026-06-18 03:00:41] ✅ 上下文使用率正常
[2026-06-18 03:30:38] 估算上下文使用率: 1% (阈值: 50%)
[2026-06-18 03:30:38] ✅ 上下文使用率正常
[2026-06-18 04:01:52] 估算上下文使用率: 1% (阈值: 50%)
[2026-06-18 04:01:52] ✅ 上下文使用率正常
[2026-06-18 05:11:51] 估算上下文使用率: 1% (阈值: 50%)
[2026-06-18 05:11:51] ✅ 上下文使用率正常
[2026-06-18 05:31:53] 估算上下文使用率: 1% (阈值: 50%)
[2026-06-18 05:31:53] ✅ 上下文使用率正常
[2026-06-18 06:02:00] 估算上下文使用率: 1% (阈值: 50%)
[2026-06-18 06:02:00] ✅ 上下文使用率正常
[2026-06-18 06:31:55] 估算上下文使用率: 1% (阈值: 50%)
[2026-06-18 06:31:55] ✅ 上下文使用率正常
[2026-06-18 07:01:51] 估算上下文使用率: 1% (阈值: 50%)
[2026-06-18 07:01:51] ✅ 上下文使用率正常
[2026-06-18 07:31:51] 估算上下文使用率: 1% (阈值: 50%)
[2026-06-18 07:31:51] ✅ 上下文使用率正常
[2026-06-18 07:33:08] 估算上下文使用率: 1% (阈值: 50%)
[2026-06-18 07:33:08] ✅ 上下文使用率正常
[2026-06-18 08:03:26] 估算上下文使用率: 1% (阈值: 50%)
[2026-06-18 08:03:26] ✅ 上下文使用率正常
[2026-06-18 08:05:53] 估算上下文使用率: 1% (阈值: 50%)
[2026-06-18 08:05:53] ✅ 上下文使用率正常
[2026-06-18 08:37:21] 估算上下文使用率: 1% (阈值: 50%)
[2026-06-18 08:37:21] ✅ 上下文使用率正常
[2026-06-18 09:34:57] 估算上下文使用率: 1% (阈值: 50%)
[2026-06-18 09:34:57] ✅ 上下文使用率正常
[2026-06-18 10:30:11] 估算上下文使用率: 1% (阈值: 50%)
[2026-06-18 10:30:11] ✅ 上下文使用率正常
[2026-06-18 11:00:10] 估算上下文使用率: 1% (阈值: 50%)
[2026-06-18 11:00:10] ✅ 上下文使用率正常
[2026-06-18 11:01:14] 估算上下文使用率: 1% (阈值: 50%)
[2026-06-18 11:01:14] ✅ 上下文使用率正常
[2026-06-18 11:02:06] 估算上下文使用率: 1% (阈值: 50%)
[2026-06-18 11:02:06] ✅ 上下文使用率正常
[2026-06-18 11:32:10] 估算上下文使用率: 1% (阈值: 50%)
[2026-06-18 11:32:10] ✅ 上下文使用率正常
[2026-06-18 11:41:55] 估算上下文使用率: 1% (阈值: 50%)
[2026-06-18 11:41:55] ✅ 上下文使用率正常
[2026-06-18 11:42:21] 估算上下文使用率: 1% (阈值: 50%)
[2026-06-18 11:42:21] ✅ 上下文使用率正常
[2026-06-18 11:43:49] 估算上下文使用率: 1% (阈值: 50%)
[2026-06-18 11:43:49] ✅ 上下文使用率正常
[2026-06-18 12:13:46] 估算上下文使用率: 1% (阈值: 50%)
[2026-06-18 12:13:46] ✅ 上下文使用率正常
[2026-06-18 12:14:39] 估算上下文使用率: 1% (阈值: 50%)
[2026-06-18 12:14:39] ✅ 上下文使用率正常
[2026-06-18 12:15:25] 估算上下文使用率: 1% (阈值: 50%)
[2026-06-18 12:15:25] ✅ 上下文使用率正常
[2026-06-18 12:16:14] 估算上下文使用率: 1% (阈值: 50%)
[2026-06-18 12:16:14] ✅ 上下文使用率正常
[2026-06-18 12:46:16] 估算上下文使用率: 1% (阈值: 50%)
[2026-06-18 12:46:16] ✅ 上下文使用率正常
[2026-06-18 13:16:15] 估算上下文使用率: 1% (阈值: 50%)
[2026-06-18 13:16:15] ✅ 上下文使用率正常
[2026-06-18 13:46:15] 估算上下文使用率: 1% (阈值: 50%)
[2026-06-18 13:46:15] ✅ 上下文使用率正常
[2026-06-18 13:47:08] 估算上下文使用率: 1% (阈值: 50%)
[2026-06-18 13:47:08] ✅ 上下文使用率正常
[2026-06-18 13:48:31] 估算上下文使用率: 1% (阈值: 50%)
[2026-06-18 13:48:31] ✅ 上下文使用率正常
[2026-06-18 13:49:30] 估算上下文使用率: 1% (阈值: 50%)
[2026-06-18 13:49:30] ✅ 上下文使用率正常
[2026-06-18 14:19:30] 估算上下文使用率: 1% (阈值: 50%)
[2026-06-18 14:19:30] ✅ 上下文使用率正常
[2026-06-18 14:49:29] 估算上下文使用率: 1% (阈值: 50%)
[2026-06-18 14:49:29] ✅ 上下文使用率正常
[2026-06-18 14:50:36] 估算上下文使用率: 1% (阈值: 50%)
[2026-06-18 14:50:36] ✅ 上下文使用率正常
[2026-06-18 15:20:29] 估算上下文使用率: 1% (阈值: 50%)
[2026-06-18 15:20:29] ✅ 上下文使用率正常
[2026-06-18 15:21:19] 估算上下文使用率: 1% (阈值: 50%)
[2026-06-18 15:21:19] ✅ 上下文使用率正常
[2026-06-18 15:22:25] 估算上下文使用率: 1% (阈值: 50%)
[2026-06-18 15:22:25] ✅ 上下文使用率正常
[2026-06-18 15:23:24] 估算上下文使用率: 1% (阈值: 50%)
[2026-06-18 15:23:24] ✅ 上下文使用率正常
[2026-06-18 15:54:24] 估算上下文使用率: 1% (阈值: 50%)
[2026-06-18 15:54:24] ✅ 上下文使用率正常
[2026-06-18 16:30:10] 估算上下文使用率: 1% (阈值: 50%)
[2026-06-18 16:30:10] ✅ 上下文使用率正常
[2026-06-18 17:00:09] 估算上下文使用率: 1% (阈值: 50%)
[2026-06-18 17:00:09] ✅ 上下文使用率正常
[2026-06-18 17:30:10] 估算上下文使用率: 1% (阈值: 50%)
[2026-06-18 17:30:10] ✅ 上下文使用率正常
[2026-06-18 18:00:09] 估算上下文使用率: 1% (阈值: 50%)
[2026-06-18 18:00:09] ✅ 上下文使用率正常
[2026-06-18 18:30:08] 估算上下文使用率: 1% (阈值: 50%)
[2026-06-18 18:30:08] ✅ 上下文使用率正常
[2026-06-18 19:00:09] 估算上下文使用率: 1% (阈值: 50%)
[2026-06-18 19:00:09] ✅ 上下文使用率正常
[2026-06-18 19:00:52] 估算上下文使用率: 1% (阈值: 50%)
[2026-06-18 19:00:52] ✅ 上下文使用率正常
[2026-06-18 19:01:30] 估算上下文使用率: 1% (阈值: 50%)
[2026-06-18 19:01:30] ✅ 上下文使用率正常
[2026-06-18 19:02:19] 估算上下文使用率: 1% (阈值: 50%)
[2026-06-18 19:02:19] ✅ 上下文使用率正常
[2026-06-18 19:32:20] 估算上下文使用率: 1% (阈值: 50%)
[2026-06-18 19:32:20] ✅ 上下文使用率正常
[2026-06-18 20:02:22] 估算上下文使用率: 1% (阈值: 50%)
[2026-06-18 20:02:22] ✅ 上下文使用率正常
[2026-06-18 20:32:21] 估算上下文使用率: 1% (阈值: 50%)
[2026-06-18 20:32:21] ✅ 上下文使用率正常
[2026-06-18 21:02:20] 估算上下文使用率: 1% (阈值: 50%)
[2026-06-18 21:02:20] ✅ 上下文使用率正常
[2026-06-18 21:03:08] 估算上下文使用率: 1% (阈值: 50%)
[2026-06-18 21:03:08] ✅ 上下文使用率正常
[2026-06-18 21:33:12] 估算上下文使用率: 1% (阈值: 50%)
[2026-06-18 21:33:12] ✅ 上下文使用率正常
[2026-06-18 22:30:09] 估算上下文使用率: 1% (阈值: 50%)
[2026-06-18 22:30:09] ✅ 上下文使用率正常
[2026-06-18 23:00:09] 估算上下文使用率: 1% (阈值: 50%)
[2026-06-18 23:00:09] ✅ 上下文使用率正常
[2026-06-19 00:00:09] 估算上下文使用率: 1% (阈值: 50%)
[2026-06-19 00:00:09] ✅ 上下文使用率正常
[2026-06-19 00:30:11] 估算上下文使用率: 1% (阈值: 50%)
[2026-06-19 00:30:11] ✅ 上下文使用率正常
[2026-06-19 01:00:09] 估算上下文使用率: 1% (阈值: 50%)
[2026-06-19 01:00:09] ✅ 上下文使用率正常
[2026-06-19 01:30:10] 估算上下文使用率: 1% (阈值: 50%)
[2026-06-19 01:30:10] ✅ 上下文使用率正常
[2026-06-19 02:00:35] 估算上下文使用率: 1% (阈值: 50%)
[2026-06-19 02:00:35] ✅ 上下文使用率正常
[2026-06-19 02:30:30] 估算上下文使用率: 1% (阈值: 50%)
[2026-06-19 02:30:30] ✅ 上下文使用率正常
[2026-06-19 03:00:29] 估算上下文使用率: 1% (阈值: 50%)
[2026-06-19 03:00:29] ✅ 上下文使用率正常
[2026-06-19 03:30:30] 估算上下文使用率: 1% (阈值: 50%)
[2026-06-19 03:30:30] ✅ 上下文使用率正常
[2026-06-19 04:02:15] 估算上下文使用率: 1% (阈值: 50%)
[2026-06-19 04:02:15] ✅ 上下文使用率正常
[2026-06-19 06:02:12] 估算上下文使用率: 1% (阈值: 50%)
[2026-06-19 06:02:12] ✅ 上下文使用率正常
[2026-06-19 06:32:12] 估算上下文使用率: 1% (阈值: 50%)
[2026-06-19 06:32:12] ✅ 上下文使用率正常
[2026-06-19 07:02:20] 估算上下文使用率: 1% (阈值: 50%)
[2026-06-19 07:02:20] ✅ 上下文使用率正常
[2026-06-19 07:32:13] 估算上下文使用率: 1% (阈值: 50%)
[2026-06-19 07:32:13] ✅ 上下文使用率正常
[2026-06-19 07:33:24] 估算上下文使用率: 1% (阈值: 50%)
[2026-06-19 07:33:24] ✅ 上下文使用率正常
[2026-06-19 07:34:12] 估算上下文使用率: 1% (阈值: 50%)
[2026-06-19 07:34:12] ✅ 上下文使用率正常
[2026-06-19 08:04:18] 估算上下文使用率: 1% (阈值: 50%)
[2026-06-19 08:04:18] ✅ 上下文使用率正常
[2026-06-19 08:34:29] 估算上下文使用率: 1% (阈值: 50%)
[2026-06-19 08:34:29] ✅ 上下文使用率正常
[2026-06-19 09:04:53] 估算上下文使用率: 1% (阈值: 50%)
[2026-06-19 09:04:53] ✅ 上下文使用率正常
[2026-06-19 09:34:27] 估算上下文使用率: 1% (阈值: 50%)
[2026-06-19 09:34:27] ✅ 上下文使用率正常
[2026-06-19 10:30:20] 估算上下文使用率: 1% (阈值: 50%)
[2026-06-19 10:30:20] ✅ 上下文使用率正常
[2026-06-19 11:00:06] 估算上下文使用率: 1% (阈值: 50%)
[2026-06-19 11:00:06] ✅ 上下文使用率正常
[2026-06-19 11:30:09] 估算上下文使用率: 1% (阈值: 50%)
[2026-06-19 11:30:09] ✅ 上下文使用率正常
[2026-06-19 12:00:10] 估算上下文使用率: 1% (阈值: 50%)
[2026-06-19 12:00:10] ✅ 上下文使用率正常
[2026-06-19 12:30:09] 估算上下文使用率: 1% (阈值: 50%)
[2026-06-19 12:30:09] ✅ 上下文使用率正常
[2026-06-19 13:00:42] 估算上下文使用率: 1% (阈值: 50%)
[2026-06-19 13:00:42] ✅ 上下文使用率正常
[2026-06-19 13:30:45] 估算上下文使用率: 1% (阈值: 50%)
[2026-06-19 13:30:45] ✅ 上下文使用率正常
[2026-06-19 14:00:37] 估算上下文使用率: 1% (阈值: 50%)
[2026-06-19 14:00:37] ✅ 上下文使用率正常
[2026-06-19 15:00:12] 估算上下文使用率: 1% (阈值: 50%)
[2026-06-19 15:00:12] ✅ 上下文使用率正常
[2026-06-19 15:30:09] 估算上下文使用率: 1% (阈值: 50%)
[2026-06-19 15:30:09] ✅ 上下文使用率正常
[2026-06-19 16:30:10] 估算上下文使用率: 1% (阈值: 50%)
[2026-06-19 16:30:10] ✅ 上下文使用率正常
[2026-06-19 16:30:59] 估算上下文使用率: 1% (阈值: 50%)
[2026-06-19 16:30:59] ✅ 上下文使用率正常
[2026-06-19 17:32:08] 估算上下文使用率: 1% (阈值: 50%)
[2026-06-19 17:32:08] ✅ 上下文使用率正常
[2026-06-19 18:01:53] 估算上下文使用率: 1% (阈值: 50%)
[2026-06-19 18:01:53] ✅ 上下文使用率正常
[2026-06-19 18:02:59] 估算上下文使用率: 1% (阈值: 50%)
[2026-06-19 18:02:59] ✅ 上下文使用率正常
[2026-06-19 18:32:36] 估算上下文使用率: 1% (阈值: 50%)
[2026-06-19 18:32:36] ✅ 上下文使用率正常
[2026-06-19 19:02:39] 估算上下文使用率: 1% (阈值: 50%)
[2026-06-19 19:02:39] ✅ 上下文使用率正常
[2026-06-19 19:32:40] 估算上下文使用率: 1% (阈值: 50%)
[2026-06-19 19:32:40] ✅ 上下文使用率正常
[2026-06-19 19:33:41] 估算上下文使用率: 1% (阈值: 50%)
[2026-06-19 19:33:41] ✅ 上下文使用率正常
[2026-06-19 20:03:40] 估算上下文使用率: 1% (阈值: 50%)
[2026-06-19 20:03:40] ✅ 上下文使用率正常
[2026-06-19 20:04:37] 估算上下文使用率: 1% (阈值: 50%)
[2026-06-19 20:04:37] ✅ 上下文使用率正常
[2026-06-19 20:05:33] 估算上下文使用率: 1% (阈值: 50%)
[2026-06-19 20:05:33] ✅ 上下文使用率正常
[2026-06-19 20:35:32] 估算上下文使用率: 1% (阈值: 50%)
[2026-06-19 20:35:32] ✅ 上下文使用率正常
[2026-06-19 21:05:39] 估算上下文使用率: 1% (阈值: 50%)
[2026-06-19 21:05:39] ✅ 上下文使用率正常
[2026-06-19 21:08:13] 估算上下文使用率: 1% (阈值: 50%)
[2026-06-19 21:08:13] ✅ 上下文使用率正常
[2026-06-19 21:38:17] 估算上下文使用率: 1% (阈值: 50%)
[2026-06-19 21:38:17] ✅ 上下文使用率正常
[2026-06-20 00:00:11] 估算上下文使用率: 1% (阈值: 50%)
[2026-06-20 00:00:11] ✅ 上下文使用率正常
[2026-06-20 00:30:09] 估算上下文使用率: 1% (阈值: 50%)
[2026-06-20 00:30:09] ✅ 上下文使用率正常
[2026-06-20 01:00:10] 估算上下文使用率: 1% (阈值: 50%)
[2026-06-20 01:00:10] ✅ 上下文使用率正常
[2026-06-20 02:00:36] 估算上下文使用率: 1% (阈值: 50%)
[2026-06-20 02:00:36] ✅ 上下文使用率正常
[2026-06-20 03:30:33] 估算上下文使用率: 1% (阈值: 50%)
[2026-06-20 03:30:33] ✅ 上下文使用率正常
[2026-06-20 05:00:12] 估算上下文使用率: 1% (阈值: 50%)
[2026-06-20 05:00:12] ✅ 上下文使用率正常
[2026-06-20 06:00:06] 估算上下文使用率: 1% (阈值: 50%)
[2026-06-20 06:00:06] ✅ 上下文使用率正常
[2026-06-20 06:30:11] 估算上下文使用率: 1% (阈值: 50%)
[2026-06-20 06:30:11] ✅ 上下文使用率正常
[2026-06-20 07:00:05] 估算上下文使用率: 1% (阈值: 50%)
[2026-06-20 07:00:05] ✅ 上下文使用率正常
[2026-06-20 07:30:08] 估算上下文使用率: 1% (阈值: 50%)
[2026-06-20 07:30:08] ✅ 上下文使用率正常
[2026-06-20 08:00:12] 估算上下文使用率: 1% (阈值: 50%)
[2026-06-20 08:00:12] ✅ 上下文使用率正常
[2026-06-20 08:01:06] 估算上下文使用率: 1% (阈值: 50%)
[2026-06-20 08:01:06] ✅ 上下文使用率正常
[2026-06-20 08:31:12] 估算上下文使用率: 1% (阈值: 50%)
[2026-06-20 08:31:12] ✅ 上下文使用率正常
[2026-06-20 09:34:07] 估算上下文使用率: 1% (阈值: 50%)
[2026-06-20 09:34:07] ✅ 上下文使用率正常
[2026-06-20 10:30:09] 估算上下文使用率: 1% (阈值: 50%)
[2026-06-20 10:30:09] ✅ 上下文使用率正常
[2026-06-20 11:00:09] 估算上下文使用率: 1% (阈值: 50%)
[2026-06-20 11:00:09] ✅ 上下文使用率正常
[2026-06-20 11:30:08] 估算上下文使用率: 1% (阈值: 50%)
[2026-06-20 11:30:08] ✅ 上下文使用率正常
[2026-06-20 12:00:13] 估算上下文使用率: 1% (阈值: 50%)
[2026-06-20 12:00:13] ✅ 上下文使用率正常
[2026-06-20 12:01:14] 估算上下文使用率: 1% (阈值: 50%)
[2026-06-20 12:01:14] ✅ 上下文使用率正常
[2026-06-20 12:31:14] 估算上下文使用率: 1% (阈值: 50%)
[2026-06-20 12:31:14] ✅ 上下文使用率正常
[2026-06-20 13:01:15] 估算上下文使用率: 1% (阈值: 50%)
[2026-06-20 13:01:15] ✅ 上下文使用率正常
[2026-06-20 13:11:56] 估算上下文使用率: 1% (阈值: 50%)
[2026-06-20 13:11:56] ✅ 上下文使用率正常
[2026-06-20 13:31:14] 估算上下文使用率: 1% (阈值: 50%)
[2026-06-20 13:31:14] ✅ 上下文使用率正常
[2026-06-20 14:01:13] 估算上下文使用率: 1% (阈值: 50%)
[2026-06-20 14:01:13] ✅ 上下文使用率正常
[2026-06-20 14:31:14] 估算上下文使用率: 1% (阈值: 50%)
[2026-06-20 14:31:14] ✅ 上下文使用率正常
[2026-06-20 15:01:14] 估算上下文使用率: 1% (阈值: 50%)
[2026-06-20 15:01:14] ✅ 上下文使用率正常
[2026-06-20 15:01:52] 估算上下文使用率: 1% (阈值: 50%)
[2026-06-20 15:01:52] ✅ 上下文使用率正常
[2026-06-20 15:31:53] 估算上下文使用率: 1% (阈值: 50%)
[2026-06-20 15:31:53] ✅ 上下文使用率正常
[2026-06-20 17:00:07] 估算上下文使用率: 1% (阈值: 50%)
[2026-06-20 17:00:07] ✅ 上下文使用率正常
[2026-06-20 17:30:07] 估算上下文使用率: 1% (阈值: 50%)
[2026-06-20 17:30:07] ✅ 上下文使用率正常
[2026-06-20 18:00:09] 估算上下文使用率: 1% (阈值: 50%)
[2026-06-20 18:00:09] ✅ 上下文使用率正常
[2026-06-20 18:30:07] 估算上下文使用率: 1% (阈值: 50%)
[2026-06-20 18:30:07] ✅ 上下文使用率正常
[2026-06-20 19:00:14] 估算上下文使用率: 1% (阈值: 50%)
[2026-06-20 19:00:14] ✅ 上下文使用率正常
[2026-06-20 19:30:12] 估算上下文使用率: 1% (阈值: 50%)
[2026-06-20 19:30:12] ✅ 上下文使用率正常
[2026-06-20 20:00:13] 估算上下文使用率: 1% (阈值: 50%)
[2026-06-20 20:00:13] ✅ 上下文使用率正常
[2026-06-20 20:30:08] 估算上下文使用率: 1% (阈值: 50%)
[2026-06-20 20:30:08] ✅ 上下文使用率正常
[2026-06-20 21:00:09] 估算上下文使用率: 1% (阈值: 50%)
[2026-06-20 21:00:09] ✅ 上下文使用率正常
[2026-06-20 21:30:24] 估算上下文使用率: 1% (阈值: 50%)
[2026-06-20 21:30:24] ✅ 上下文使用率正常
[2026-06-20 23:00:15] 估算上下文使用率: 1% (阈值: 50%)
[2026-06-20 23:00:15] ✅ 上下文使用率正常
[2026-06-21 00:30:09] 估算上下文使用率: 1% (阈值: 50%)
[2026-06-21 00:30:09] ✅ 上下文使用率正常
[2026-06-21 00:42:01] 估算上下文使用率: 1% (阈值: 50%)
[2026-06-21 00:42:01] ✅ 上下文使用率正常
[2026-06-21 05:00:15] 估算上下文使用率: 1% (阈值: 50%)
[2026-06-21 05:00:15] ✅ 上下文使用率正常
[2026-06-21 05:30:08] 估算上下文使用率: 1% (阈值: 50%)
[2026-06-21 05:30:08] ✅ 上下文使用率正常
[2026-06-21 06:00:07] 估算上下文使用率: 1% (阈值: 50%)
[2026-06-21 06:00:07] ✅ 上下文使用率正常
[2026-06-21 06:30:08] 估算上下文使用率: 1% (阈值: 50%)
[2026-06-21 06:30:08] ✅ 上下文使用率正常
[2026-06-21 07:00:10] 估算上下文使用率: 1% (阈值: 50%)
[2026-06-21 07:00:10] ✅ 上下文使用率正常
[2026-06-21 07:01:03] 估算上下文使用率: 1% (阈值: 50%)
[2026-06-21 07:01:03] ✅ 上下文使用率正常
[2026-06-21 07:01:40] 估算上下文使用率: 1% (阈值: 50%)
[2026-06-21 07:01:40] ✅ 上下文使用率正常
[2026-06-21 07:31:41] 估算上下文使用率: 1% (阈值: 50%)
[2026-06-21 07:31:41] ✅ 上下文使用率正常
[2026-06-21 08:01:46] 估算上下文使用率: 1% (阈值: 50%)
[2026-06-21 08:01:46] ✅ 上下文使用率正常
[2026-06-21 08:31:42] 估算上下文使用率: 1% (阈值: 50%)
[2026-06-21 08:31:42] ✅ 上下文使用率正常
[2026-06-21 09:04:38] 估算上下文使用率: 1% (阈值: 50%)
[2026-06-21 09:04:38] ✅ 上下文使用率正常
[2026-06-21 09:34:30] 估算上下文使用率: 1% (阈值: 50%)
[2026-06-21 09:34:30] ✅ 上下文使用率正常
[2026-06-21 10:30:11] 估算上下文使用率: 1% (阈值: 50%)
[2026-06-21 10:30:11] ✅ 上下文使用率正常
[2026-06-21 11:00:09] 估算上下文使用率: 1% (阈值: 50%)
[2026-06-21 11:00:09] ✅ 上下文使用率正常
[2026-06-21 11:30:07] 估算上下文使用率: 1% (阈值: 50%)
[2026-06-21 11:30:07] ✅ 上下文使用率正常
[2026-06-21 12:00:08] 估算上下文使用率: 1% (阈值: 50%)
[2026-06-21 12:00:08] ✅ 上下文使用率正常
[2026-06-21 12:30:13] 估算上下文使用率: 1% (阈值: 50%)
[2026-06-21 12:30:13] ✅ 上下文使用率正常
[2026-06-21 13:00:07] 估算上下文使用率: 1% (阈值: 50%)
[2026-06-21 13:00:07] ✅ 上下文使用率正常
[2026-06-21 13:30:08] 估算上下文使用率: 1% (阈值: 50%)
[2026-06-21 13:30:08] ✅ 上下文使用率正常
[2026-06-21 14:00:09] 估算上下文使用率: 1% (阈值: 50%)
[2026-06-21 14:00:09] ✅ 上下文使用率正常
[2026-06-21 14:30:07] 估算上下文使用率: 1% (阈值: 50%)
[2026-06-21 14:30:07] ✅ 上下文使用率正常
[2026-06-21 15:00:07] 估算上下文使用率: 1% (阈值: 50%)
[2026-06-21 15:00:07] ✅ 上下文使用率正常
[2026-06-21 15:30:09] 估算上下文使用率: 1% (阈值: 50%)
[2026-06-21 15:30:09] ✅ 上下文使用率正常
[2026-06-21 16:30:07] 估算上下文使用率: 1% (阈值: 50%)
[2026-06-21 16:30:07] ✅ 上下文使用率正常
[2026-06-21 17:00:09] 估算上下文使用率: 1% (阈值: 50%)
[2026-06-21 17:00:09] ✅ 上下文使用率正常
[2026-06-21 17:30:09] 估算上下文使用率: 1% (阈值: 50%)
[2026-06-21 17:30:09] ✅ 上下文使用率正常
[2026-06-21 18:00:09] 估算上下文使用率: 1% (阈值: 50%)
[2026-06-21 18:00:09] ✅ 上下文使用率正常
[2026-06-21 18:30:08] 估算上下文使用率: 1% (阈值: 50%)
[2026-06-21 18:30:08] ✅ 上下文使用率正常
[2026-06-21 19:00:10] 估算上下文使用率: 1% (阈值: 50%)
[2026-06-21 19:00:10] ✅ 上下文使用率正常
[2026-06-21 19:30:07] 估算上下文使用率: 1% (阈值: 50%)
[2026-06-21 19:30:07] ✅ 上下文使用率正常
[2026-06-21 19:30:41] 估算上下文使用率: 1% (阈值: 50%)
[2026-06-21 19:30:41] ✅ 上下文使用率正常
[2026-06-21 20:00:42] 估算上下文使用率: 1% (阈值: 50%)
[2026-06-21 20:00:42] ✅ 上下文使用率正常
[2026-06-21 20:30:42] 估算上下文使用率: 1% (阈值: 50%)
[2026-06-21 20:30:42] ✅ 上下文使用率正常
[2026-06-21 21:00:28] 估算上下文使用率: 1% (阈值: 50%)
[2026-06-21 21:00:28] ✅ 上下文使用率正常
[2026-06-21 21:30:26] 估算上下文使用率: 1% (阈值: 50%)
[2026-06-21 21:30:26] ✅ 上下文使用率正常
[2026-06-21 22:30:08] 估算上下文使用率: 1% (阈值: 50%)
[2026-06-21 22:30:08] ✅ 上下文使用率正常
[2026-06-22 00:00:07] 估算上下文使用率: 1% (阈值: 50%)
[2026-06-22 00:00:07] ✅ 上下文使用率正常
[2026-06-22 00:30:10] 估算上下文使用率: 1% (阈值: 50%)
[2026-06-22 00:30:10] ✅ 上下文使用率正常
[2026-06-22 01:30:15] 估算上下文使用率: 1% (阈值: 50%)
[2026-06-22 01:30:15] ✅ 上下文使用率正常
[2026-06-22 02:00:36] 估算上下文使用率: 1% (阈值: 50%)
[2026-06-22 02:00:36] ✅ 上下文使用率正常
[2026-06-22 03:00:40] 估算上下文使用率: 1% (阈值: 50%)
[2026-06-22 03:00:40] ✅ 上下文使用率正常
[2026-06-22 03:30:35] 估算上下文使用率: 1% (阈值: 50%)
[2026-06-22 03:30:35] ✅ 上下文使用率正常
[2026-06-22 04:30:16] 估算上下文使用率: 1% (阈值: 50%)
[2026-06-22 04:30:16] ✅ 上下文使用率正常
[2026-06-22 05:30:14] 估算上下文使用率: 1% (阈值: 50%)
[2026-06-22 05:30:14] ✅ 上下文使用率正常
[2026-06-22 06:00:06] 估算上下文使用率: 1% (阈值: 50%)
[2026-06-22 06:00:06] ✅ 上下文使用率正常
[2026-06-22 06:30:12] 估算上下文使用率: 1% (阈值: 50%)
[2026-06-22 06:30:12] ✅ 上下文使用率正常
[2026-06-22 07:00:08] 估算上下文使用率: 1% (阈值: 50%)
[2026-06-22 07:00:08] ✅ 上下文使用率正常
[2026-06-22 07:00:48] 估算上下文使用率: 1% (阈值: 50%)
[2026-06-22 07:00:48] ✅ 上下文使用率正常
[2026-06-22 07:30:48] 估算上下文使用率: 1% (阈值: 50%)
[2026-06-22 07:30:48] ✅ 上下文使用率正常
[2026-06-22 08:00:48] 估算上下文使用率: 1% (阈值: 50%)
[2026-06-22 08:00:48] ✅ 上下文使用率正常
[2026-06-22 08:30:54] 估算上下文使用率: 1% (阈值: 50%)
[2026-06-22 08:30:54] ✅ 上下文使用率正常
[2026-06-22 09:30:08] 估算上下文使用率: 1% (阈值: 50%)
[2026-06-22 09:30:08] ✅ 上下文使用率正常
[2026-06-22 10:30:09] 估算上下文使用率: 1% (阈值: 50%)
[2026-06-22 10:30:09] ✅ 上下文使用率正常
[2026-06-22 11:00:08] 估算上下文使用率: 1% (阈值: 50%)
[2026-06-22 11:00:08] ✅ 上下文使用率正常
[2026-06-22 11:30:07] 估算上下文使用率: 1% (阈值: 50%)
[2026-06-22 11:30:07] ✅ 上下文使用率正常
[2026-06-22 12:00:16] 估算上下文使用率: 1% (阈值: 50%)
[2026-06-22 12:00:16] ✅ 上下文使用率正常
[2026-06-22 12:00:50] 估算上下文使用率: 1% (阈值: 50%)
[2026-06-22 12:00:50] ✅ 上下文使用率正常
[2026-06-22 12:30:52] 估算上下文使用率: 1% (阈值: 50%)
[2026-06-22 12:30:52] ✅ 上下文使用率正常
[2026-06-22 13:00:53] 估算上下文使用率: 1% (阈值: 50%)
[2026-06-22 13:00:53] ✅ 上下文使用率正常
[2026-06-22 13:01:40] 估算上下文使用率: 1% (阈值: 50%)
[2026-06-22 13:01:40] ✅ 上下文使用率正常
[2026-06-22 13:31:41] 估算上下文使用率: 1% (阈值: 50%)
[2026-06-22 13:31:41] ✅ 上下文使用率正常
[2026-06-22 14:01:41] 估算上下文使用率: 1% (阈值: 50%)
[2026-06-22 14:01:41] ✅ 上下文使用率正常
[2026-06-22 14:31:40] 估算上下文使用率: 1% (阈值: 50%)
[2026-06-22 14:31:40] ✅ 上下文使用率正常
[2026-06-22 15:01:41] 估算上下文使用率: 1% (阈值: 50%)
[2026-06-22 15:01:41] ✅ 上下文使用率正常
[2026-06-22 15:31:44] 估算上下文使用率: 1% (阈值: 50%)
[2026-06-22 15:31:44] ✅ 上下文使用率正常
[2026-06-22 16:30:12] 估算上下文使用率: 1% (阈值: 50%)
[2026-06-22 16:30:12] ✅ 上下文使用率正常
[2026-06-22 17:00:11] 估算上下文使用率: 1% (阈值: 50%)
[2026-06-22 17:00:11] ✅ 上下文使用率正常
[2026-06-22 17:01:07] 估算上下文使用率: 1% (阈值: 50%)
[2026-06-22 17:01:07] ✅ 上下文使用率正常
[2026-06-22 18:01:05] 估算上下文使用率: 1% (阈值: 50%)
[2026-06-22 18:01:05] ✅ 上下文使用率正常
[2026-06-22 18:31:07] 估算上下文使用率: 1% (阈值: 50%)
[2026-06-22 18:31:07] ✅ 上下文使用率正常
[2026-06-22 19:01:06] 估算上下文使用率: 1% (阈值: 50%)
[2026-06-22 19:01:06] ✅ 上下文使用率正常
[2026-06-22 19:01:53] 估算上下文使用率: 1% (阈值: 50%)
[2026-06-22 19:01:53] ✅ 上下文使用率正常
[2026-06-22 19:02:39] 估算上下文使用率: 1% (阈值: 50%)
[2026-06-22 19:02:39] ✅ 上下文使用率正常
[2026-06-22 19:32:41] 估算上下文使用率: 1% (阈值: 50%)
[2026-06-22 19:32:41] ✅ 上下文使用率正常
[2026-06-22 20:02:41] 估算上下文使用率: 1% (阈值: 50%)
[2026-06-22 20:02:41] ✅ 上下文使用率正常
[2026-06-22 20:32:40] 估算上下文使用率: 1% (阈值: 50%)
[2026-06-22 20:32:40] ✅ 上下文使用率正常
[2026-06-22 20:33:18] 估算上下文使用率: 1% (阈值: 50%)
[2026-06-22 20:33:18] ✅ 上下文使用率正常
[2026-06-22 20:34:04] 估算上下文使用率: 1% (阈值: 50%)
[2026-06-22 20:34:04] ✅ 上下文使用率正常
[2026-06-22 21:04:38] 估算上下文使用率: 1% (阈值: 50%)
[2026-06-22 21:04:38] ✅ 上下文使用率正常
[2026-06-22 21:05:20] 估算上下文使用率: 1% (阈值: 50%)
[2026-06-22 21:05:20] ✅ 上下文使用率正常
[2026-06-22 21:35:23] 估算上下文使用率: 1% (阈值: 50%)
[2026-06-22 21:35:23] ✅ 上下文使用率正常
[2026-06-22 22:30:09] 估算上下文使用率: 1% (阈值: 50%)
[2026-06-22 22:30:09] ✅ 上下文使用率正常
[2026-06-22 23:00:09] 估算上下文使用率: 1% (阈值: 50%)
[2026-06-22 23:00:09] ✅ 上下文使用率正常
[2026-06-23 02:00:29] 估算上下文使用率: 1% (阈值: 50%)
[2026-06-23 02:00:29] ✅ 上下文使用率正常
[2026-06-23 03:30:35] 估算上下文使用率: 1% (阈值: 50%)
[2026-06-23 03:30:35] ✅ 上下文使用率正常
[2026-06-23 05:00:11] 估算上下文使用率: 1% (阈值: 50%)
[2026-06-23 05:00:11] ✅ 上下文使用率正常
[2026-06-23 06:00:06] 估算上下文使用率: 1% (阈值: 50%)
[2026-06-23 06:00:06] ✅ 上下文使用率正常
[2026-06-23 06:30:07] 估算上下文使用率: 1% (阈值: 50%)
[2026-06-23 06:30:07] ✅ 上下文使用率正常
[2026-06-23 07:00:51] 估算上下文使用率: 1% (阈值: 50%)
[2026-06-23 07:00:51] ✅ 上下文使用率正常
[2026-06-23 07:01:36] 估算上下文使用率: 1% (阈值: 50%)
[2026-06-23 07:01:36] ✅ 上下文使用率正常
[2026-06-23 07:31:36] 估算上下文使用率: 1% (阈值: 50%)
[2026-06-23 07:31:36] ✅ 上下文使用率正常
[2026-06-23 07:32:38] 估算上下文使用率: 1% (阈值: 50%)
[2026-06-23 07:32:38] ✅ 上下文使用率正常
[2026-06-23 08:02:38] 估算上下文使用率: 1% (阈值: 50%)
[2026-06-23 08:02:38] ✅ 上下文使用率正常
[2026-06-23 08:12:03] 估算上下文使用率: 1% (阈值: 50%)
[2026-06-23 08:12:03] ✅ 上下文使用率正常
[2026-06-23 08:12:44] 估算上下文使用率: 1% (阈值: 50%)
[2026-06-23 08:12:44] ✅ 上下文使用率正常
[2026-06-23 08:13:27] 估算上下文使用率: 1% (阈值: 50%)
[2026-06-23 08:13:27] ✅ 上下文使用率正常
[2026-06-23 08:14:11] 估算上下文使用率: 1% (阈值: 50%)
[2026-06-23 08:14:11] ✅ 上下文使用率正常
[2026-06-23 08:14:49] 估算上下文使用率: 1% (阈值: 50%)
[2026-06-23 08:14:49] ✅ 上下文使用率正常
[2026-06-23 08:44:49] 估算上下文使用率: 1% (阈值: 50%)
[2026-06-23 08:44:49] ✅ 上下文使用率正常
[2026-06-23 09:04:03] 估算上下文使用率: 1% (阈值: 50%)
[2026-06-23 09:04:03] ✅ 上下文使用率正常
[2026-06-23 09:11:59] 估算上下文使用率: 1% (阈值: 50%)
[2026-06-23 09:11:59] ✅ 上下文使用率正常
[2026-06-23 10:30:17] 估算上下文使用率: 1% (阈值: 50%)
[2026-06-23 10:30:17] ✅ 上下文使用率正常
[2026-06-23 11:31:04] 估算上下文使用率: 1% (阈值: 50%)
[2026-06-23 11:31:04] ✅ 上下文使用率正常
[2026-06-23 12:01:04] 估算上下文使用率: 1% (阈值: 50%)
[2026-06-23 12:01:04] ✅ 上下文使用率正常
[2026-06-23 12:31:02] 估算上下文使用率: 1% (阈值: 50%)
[2026-06-23 12:31:02] ✅ 上下文使用率正常
[2026-06-23 13:06:05] 估算上下文使用率: 1% (阈值: 50%)
[2026-06-23 13:06:05] ✅ 上下文使用率正常
[2026-06-23 13:11:30] 估算上下文使用率: 1% (阈值: 50%)
[2026-06-23 13:11:30] ✅ 上下文使用率正常
[2026-06-23 13:12:38] 估算上下文使用率: 1% (阈值: 50%)
[2026-06-23 13:12:38] ✅ 上下文使用率正常
[2026-06-23 13:14:15] 估算上下文使用率: 1% (阈值: 50%)
[2026-06-23 13:14:15] ✅ 上下文使用率正常
[2026-06-23 13:44:18] 估算上下文使用率: 1% (阈值: 50%)
[2026-06-23 13:44:18] ✅ 上下文使用率正常
[2026-06-23 13:44:48] 估算上下文使用率: 1% (阈值: 50%)
[2026-06-23 13:44:48] ✅ 上下文使用率正常
[2026-06-23 14:14:49] 估算上下文使用率: 1% (阈值: 50%)
[2026-06-23 14:14:49] ✅ 上下文使用率正常
[2026-06-23 14:15:30] 估算上下文使用率: 1% (阈值: 50%)
[2026-06-23 14:15:30] ✅ 上下文使用率正常
[2026-06-23 14:45:31] 估算上下文使用率: 1% (阈值: 50%)
[2026-06-23 14:45:31] ✅ 上下文使用率正常
[2026-06-23 15:16:15] 估算上下文使用率: 1% (阈值: 50%)
[2026-06-23 15:16:15] ✅ 上下文使用率正常
[2026-06-23 15:16:46] 估算上下文使用率: 1% (阈值: 50%)
[2026-06-23 15:16:46] ✅ 上下文使用率正常
[2026-06-23 15:46:57] 估算上下文使用率: 1% (阈值: 50%)
[2026-06-23 15:46:57] ✅ 上下文使用率正常
[2026-06-23 16:30:25] 估算上下文使用率: 1% (阈值: 50%)
[2026-06-23 16:30:25] ✅ 上下文使用率正常
[2026-06-23 17:00:08] 估算上下文使用率: 1% (阈值: 50%)
[2026-06-23 17:00:08] ✅ 上下文使用率正常
[2026-06-23 17:30:08] 估算上下文使用率: 1% (阈值: 50%)
[2026-06-23 17:30:08] ✅ 上下文使用率正常
[2026-06-23 17:31:23] 估算上下文使用率: 1% (阈值: 50%)
[2026-06-23 17:31:23] ✅ 上下文使用率正常
[2026-06-23 18:01:27] 估算上下文使用率: 1% (阈值: 50%)
[2026-06-23 18:01:27] ✅ 上下文使用率正常
[2026-06-23 18:02:10] 估算上下文使用率: 1% (阈值: 50%)
[2026-06-23 18:02:10] ✅ 上下文使用率正常
[2026-06-23 18:02:54] 估算上下文使用率: 1% (阈值: 50%)
[2026-06-23 18:02:54] ✅ 上下文使用率正常
[2026-06-23 18:32:56] 估算上下文使用率: 1% (阈值: 50%)
[2026-06-23 18:32:56] ✅ 上下文使用率正常
[2026-06-23 19:03:01] 估算上下文使用率: 1% (阈值: 50%)
[2026-06-23 19:03:01] ✅ 上下文使用率正常
[2026-06-23 19:03:39] 估算上下文使用率: 1% (阈值: 50%)
[2026-06-23 19:03:39] ✅ 上下文使用率正常
[2026-06-23 19:33:40] 估算上下文使用率: 1% (阈值: 50%)
[2026-06-23 19:33:40] ✅ 上下文使用率正常
[2026-06-23 20:03:39] 估算上下文使用率: 1% (阈值: 50%)
[2026-06-23 20:03:39] ✅ 上下文使用率正常
[2026-06-23 20:33:44] 估算上下文使用率: 1% (阈值: 50%)
[2026-06-23 20:33:44] ✅ 上下文使用率正常
[2026-06-23 23:00:10] 估算上下文使用率: 1% (阈值: 50%)
[2026-06-23 23:00:10] ✅ 上下文使用率正常
[2026-06-24 00:00:14] 估算上下文使用率: 1% (阈值: 50%)
[2026-06-24 00:00:14] ✅ 上下文使用率正常
[2026-06-24 01:30:11] 估算上下文使用率: 1% (阈值: 50%)
[2026-06-24 01:30:11] ✅ 上下文使用率正常
[2026-06-24 02:00:38] 估算上下文使用率: 1% (阈值: 50%)
[2026-06-24 02:00:38] ✅ 上下文使用率正常
[2026-06-24 02:12:18] 估算上下文使用率: 1% (阈值: 50%)
[2026-06-24 02:12:18] ✅ 上下文使用率正常
[2026-06-24 03:00:43] 估算上下文使用率: 1% (阈值: 50%)
[2026-06-24 03:00:43] ✅ 上下文使用率正常
[2026-06-24 03:30:39] 估算上下文使用率: 1% (阈值: 50%)
[2026-06-24 03:30:39] ✅ 上下文使用率正常
[2026-06-24 05:00:08] 估算上下文使用率: 1% (阈值: 50%)
[2026-06-24 05:00:08] ✅ 上下文使用率正常
[2026-06-24 05:30:10] 估算上下文使用率: 1% (阈值: 50%)
[2026-06-24 05:30:10] ✅ 上下文使用率正常
[2026-06-24 06:00:07] 估算上下文使用率: 1% (阈值: 50%)
[2026-06-24 06:00:07] ✅ 上下文使用率正常
[2026-06-24 06:30:06] 估算上下文使用率: 1% (阈值: 50%)
[2026-06-24 06:30:06] ✅ 上下文使用率正常
[2026-06-24 07:00:08] 估算上下文使用率: 1% (阈值: 50%)
[2026-06-24 07:00:08] ✅ 上下文使用率正常
[2026-06-24 07:00:55] 估算上下文使用率: 1% (阈值: 50%)
[2026-06-24 07:00:55] ✅ 上下文使用率正常
[2026-06-24 07:01:52] 估算上下文使用率: 1% (阈值: 50%)
[2026-06-24 07:01:52] ✅ 上下文使用率正常
[2026-06-24 07:31:51] 估算上下文使用率: 1% (阈值: 50%)
[2026-06-24 07:31:51] ✅ 上下文使用率正常
[2026-06-24 07:32:31] 估算上下文使用率: 1% (阈值: 50%)
[2026-06-24 07:32:31] ✅ 上下文使用率正常
[2026-06-24 08:02:36] 估算上下文使用率: 1% (阈值: 50%)
[2026-06-24 08:02:36] ✅ 上下文使用率正常
[2026-06-24 08:32:49] 估算上下文使用率: 1% (阈值: 50%)
[2026-06-24 08:32:49] ✅ 上下文使用率正常
[2026-06-24 09:04:05] 估算上下文使用率: 1% (阈值: 50%)
[2026-06-24 09:04:05] ✅ 上下文使用率正常
[2026-06-24 09:04:55] 估算上下文使用率: 1% (阈值: 50%)
[2026-06-24 09:04:55] ✅ 上下文使用率正常
[2026-06-24 09:34:51] 估算上下文使用率: 1% (阈值: 50%)
[2026-06-24 09:34:51] ✅ 上下文使用率正常
[2026-06-24 10:30:08] 估算上下文使用率: 1% (阈值: 50%)
[2026-06-24 10:30:08] ✅ 上下文使用率正常
[2026-06-24 10:42:00] 估算上下文使用率: 1% (阈值: 50%)
[2026-06-24 10:42:00] ✅ 上下文使用率正常
[2026-06-24 11:00:52] 估算上下文使用率: 1% (阈值: 50%)
[2026-06-24 11:00:52] ✅ 上下文使用率正常
[2026-06-24 11:30:51] 估算上下文使用率: 1% (阈值: 50%)
[2026-06-24 11:30:51] ✅ 上下文使用率正常
[2026-06-24 12:00:49] 估算上下文使用率: 1% (阈值: 50%)
[2026-06-24 12:00:49] ✅ 上下文使用率正常
[2026-06-24 12:30:49] 估算上下文使用率: 1% (阈值: 50%)
[2026-06-24 12:30:49] ✅ 上下文使用率正常
[2026-06-24 13:00:49] 估算上下文使用率: 1% (阈值: 50%)
[2026-06-24 13:00:49] ✅ 上下文使用率正常
[2026-06-24 13:01:49] 估算上下文使用率: 1% (阈值: 50%)
[2026-06-24 13:01:49] ✅ 上下文使用率正常
[2026-06-24 13:31:50] 估算上下文使用率: 1% (阈值: 50%)
[2026-06-24 13:31:50] ✅ 上下文使用率正常
[2026-06-24 14:01:49] 估算上下文使用率: 1% (阈值: 50%)
[2026-06-24 14:01:49] ✅ 上下文使用率正常
[2026-06-24 14:31:51] 估算上下文使用率: 1% (阈值: 50%)
[2026-06-24 14:31:51] ✅ 上下文使用率正常
[2026-06-24 14:56:56] 估算上下文使用率: 1% (阈值: 50%)
[2026-06-24 14:56:56] ✅ 上下文使用率正常
[2026-06-24 15:26:58] 估算上下文使用率: 1% (阈值: 50%)
[2026-06-24 15:26:58] ✅ 上下文使用率正常
[2026-06-24 15:27:48] 估算上下文使用率: 1% (阈值: 50%)
[2026-06-24 15:27:48] ✅ 上下文使用率正常
[2026-06-24 15:57:45] 估算上下文使用率: 1% (阈值: 50%)
[2026-06-24 15:57:45] ✅ 上下文使用率正常
[2026-06-24 15:58:30] 估算上下文使用率: 1% (阈值: 50%)
[2026-06-24 15:58:30] ✅ 上下文使用率正常
[2026-06-24 16:30:07] 估算上下文使用率: 1% (阈值: 50%)
[2026-06-24 16:30:07] ✅ 上下文使用率正常
[2026-06-24 17:00:08] 估算上下文使用率: 1% (阈值: 50%)
[2026-06-24 17:00:08] ✅ 上下文使用率正常
[2026-06-24 17:30:08] 估算上下文使用率: 1% (阈值: 50%)
[2026-06-24 17:30:08] ✅ 上下文使用率正常
[2026-06-24 18:00:10] 估算上下文使用率: 1% (阈值: 50%)
[2026-06-24 18:00:10] ✅ 上下文使用率正常
[2026-06-24 18:30:07] 估算上下文使用率: 1% (阈值: 50%)
[2026-06-24 18:30:07] ✅ 上下文使用率正常
[2026-06-24 18:41:58] 估算上下文使用率: 1% (阈值: 50%)
[2026-06-24 18:41:58] ✅ 上下文使用率正常
[2026-06-24 18:42:33] 估算上下文使用率: 1% (阈值: 50%)
[2026-06-24 18:42:33] ✅ 上下文使用率正常
[2026-06-24 19:12:33] 估算上下文使用率: 1% (阈值: 50%)
[2026-06-24 19:12:33] ✅ 上下文使用率正常
[2026-06-24 19:42:34] 估算上下文使用率: 1% (阈值: 50%)
[2026-06-24 19:42:34] ✅ 上下文使用率正常
[2026-06-24 20:12:33] 估算上下文使用率: 1% (阈值: 50%)
[2026-06-24 20:12:33] ✅ 上下文使用率正常
[2026-06-24 20:42:34] 估算上下文使用率: 1% (阈值: 50%)
[2026-06-24 20:42:34] ✅ 上下文使用率正常
[2026-06-24 21:42:02] 估算上下文使用率: 1% (阈值: 50%)
[2026-06-24 21:42:02] ✅ 上下文使用率正常
[2026-06-24 21:42:32] 估算上下文使用率: 1% (阈值: 50%)
[2026-06-24 21:42:32] ✅ 上下文使用率正常
[2026-06-24 22:30:21] 估算上下文使用率: 1% (阈值: 50%)
[2026-06-24 22:30:21] ✅ 上下文使用率正常
[2026-06-24 22:41:57] 估算上下文使用率: 1% (阈值: 50%)
[2026-06-24 22:41:57] ✅ 上下文使用率正常
[2026-06-24 23:00:09] 估算上下文使用率: 1% (阈值: 50%)
[2026-06-24 23:00:09] ✅ 上下文使用率正常
[2026-06-25 00:12:08] 估算上下文使用率: 1% (阈值: 50%)
[2026-06-25 00:12:08] ✅ 上下文使用率正常
[2026-06-25 01:00:10] 估算上下文使用率: 1% (阈值: 50%)
[2026-06-25 01:00:10] ✅ 上下文使用率正常
[2026-06-25 02:00:27] 估算上下文使用率: 1% (阈值: 50%)
[2026-06-25 02:00:27] ✅ 上下文使用率正常
[2026-06-25 03:00:30] 估算上下文使用率: 1% (阈值: 50%)
[2026-06-25 03:00:30] ✅ 上下文使用率正常
[2026-06-25 03:30:27] 估算上下文使用率: 1% (阈值: 50%)
[2026-06-25 03:30:27] ✅ 上下文使用率正常
[2026-06-25 04:30:09] 估算上下文使用率: 1% (阈值: 50%)
[2026-06-25 04:30:09] ✅ 上下文使用率正常
[2026-06-25 05:00:08] 估算上下文使用率: 1% (阈值: 50%)
[2026-06-25 05:00:08] ✅ 上下文使用率正常
[2026-06-25 05:30:07] 估算上下文使用率: 1% (阈值: 50%)
[2026-06-25 05:30:07] ✅ 上下文使用率正常
[2026-06-25 06:00:07] 估算上下文使用率: 1% (阈值: 50%)
[2026-06-25 06:00:07] ✅ 上下文使用率正常
[2026-06-25 06:02:12] 估算上下文使用率: 1% (阈值: 50%)
[2026-06-25 06:02:12] ✅ 上下文使用率正常
[2026-06-25 06:32:14] 估算上下文使用率: 1% (阈值: 50%)
[2026-06-25 06:32:14] ✅ 上下文使用率正常
[2026-06-25 07:02:13] 估算上下文使用率: 1% (阈值: 50%)
[2026-06-25 07:02:13] ✅ 上下文使用率正常
[2026-06-25 07:32:26] 估算上下文使用率: 1% (阈值: 50%)
[2026-06-25 07:32:26] ✅ 上下文使用率正常
[2026-06-25 08:02:16] 估算上下文使用率: 1% (阈值: 50%)
[2026-06-25 08:02:16] ✅ 上下文使用率正常
[2026-06-25 08:03:12] 估算上下文使用率: 1% (阈值: 50%)
[2026-06-25 08:03:12] ✅ 上下文使用率正常
[2026-06-25 08:33:10] 估算上下文使用率: 1% (阈值: 50%)
[2026-06-25 08:33:10] ✅ 上下文使用率正常
[2026-06-25 09:04:22] 估算上下文使用率: 1% (阈值: 50%)
[2026-06-25 09:04:22] ✅ 上下文使用率正常
[2026-06-25 09:12:02] 估算上下文使用率: 1% (阈值: 50%)
[2026-06-25 09:12:02] ✅ 上下文使用率正常
[2026-06-25 09:12:39] 估算上下文使用率: 1% (阈值: 50%)
[2026-06-25 09:12:39] ✅ 上下文使用率正常
[2026-06-25 09:42:00] 估算上下文使用率: 1% (阈值: 50%)
[2026-06-25 09:42:00] ✅ 上下文使用率正常
[2026-06-25 09:42:46] 估算上下文使用率: 1% (阈值: 50%)
[2026-06-25 09:42:46] ✅ 上下文使用率正常
[2026-06-25 09:43:42] 估算上下文使用率: 1% (阈值: 50%)
[2026-06-25 09:43:42] ✅ 上下文使用率正常
[2026-06-25 10:30:08] 估算上下文使用率: 1% (阈值: 50%)
[2026-06-25 10:30:08] ✅ 上下文使用率正常
[2026-06-25 11:00:13] 估算上下文使用率: 1% (阈值: 50%)
[2026-06-25 11:00:13] ✅ 上下文使用率正常
[2026-06-25 11:30:08] 估算上下文使用率: 1% (阈值: 50%)
[2026-06-25 11:30:08] ✅ 上下文使用率正常
[2026-06-25 12:00:08] 估算上下文使用率: 1% (阈值: 50%)
[2026-06-25 12:00:08] ✅ 上下文使用率正常
[2026-06-25 12:30:09] 估算上下文使用率: 1% (阈值: 50%)
[2026-06-25 12:30:09] ✅ 上下文使用率正常
[2026-06-25 13:00:12] 估算上下文使用率: 1% (阈值: 50%)
[2026-06-25 13:00:12] ✅ 上下文使用率正常
[2026-06-25 13:01:04] 估算上下文使用率: 1% (阈值: 50%)
[2026-06-25 13:01:04] ✅ 上下文使用率正常
[2026-06-25 13:31:05] 估算上下文使用率: 1% (阈值: 50%)
[2026-06-25 13:31:05] ✅ 上下文使用率正常
[2026-06-25 13:32:07] 估算上下文使用率: 1% (阈值: 50%)
[2026-06-25 13:32:07] ✅ 上下文使用率正常
[2026-06-25 14:02:08] 估算上下文使用率: 1% (阈值: 50%)
[2026-06-25 14:02:08] ✅ 上下文使用率正常
[2026-06-25 14:32:08] 估算上下文使用率: 1% (阈值: 50%)
[2026-06-25 14:32:08] ✅ 上下文使用率正常
[2026-06-25 15:02:12] 估算上下文使用率: 1% (阈值: 50%)
[2026-06-25 15:02:12] ✅ 上下文使用率正常
[2026-06-25 15:32:06] 估算上下文使用率: 1% (阈值: 50%)
[2026-06-25 15:32:06] ✅ 上下文使用率正常
[2026-06-25 16:30:07] 估算上下文使用率: 1% (阈值: 50%)
[2026-06-25 16:30:07] ✅ 上下文使用率正常
[2026-06-25 17:00:10] 估算上下文使用率: 1% (阈值: 50%)
[2026-06-25 17:00:10] ✅ 上下文使用率正常
[2026-06-25 17:30:13] 估算上下文使用率: 1% (阈值: 50%)
[2026-06-25 17:30:13] ✅ 上下文使用率正常
[2026-06-25 18:00:09] 估算上下文使用率: 1% (阈值: 50%)
[2026-06-25 18:00:09] ✅ 上下文使用率正常
[2026-06-25 18:12:07] 估算上下文使用率: 1% (阈值: 50%)
[2026-06-25 18:12:07] ✅ 上下文使用率正常
[2026-06-25 18:30:09] 估算上下文使用率: 1% (阈值: 50%)
[2026-06-25 18:30:09] ✅ 上下文使用率正常
[2026-06-25 18:30:58] 估算上下文使用率: 1% (阈值: 50%)
[2026-06-25 18:30:58] ✅ 上下文使用率正常
[2026-06-25 18:32:10] 估算上下文使用率: 1% (阈值: 50%)
[2026-06-25 18:32:10] ✅ 上下文使用率正常
[2026-06-25 19:02:12] 估算上下文使用率: 1% (阈值: 50%)
[2026-06-25 19:02:12] ✅ 上下文使用率正常
[2026-06-25 19:32:14] 估算上下文使用率: 1% (阈值: 50%)
[2026-06-25 19:32:14] ✅ 上下文使用率正常
[2026-06-25 20:02:26] 估算上下文使用率: 1% (阈值: 50%)
[2026-06-25 20:02:26] ✅ 上下文使用率正常
[2026-06-25 20:03:57] 估算上下文使用率: 1% (阈值: 50%)
[2026-06-25 20:03:57] ✅ 上下文使用率正常
[2026-06-25 20:33:56] 估算上下文使用率: 1% (阈值: 50%)
[2026-06-25 20:33:56] ✅ 上下文使用率正常
[2026-06-25 21:04:01] 估算上下文使用率: 1% (阈值: 50%)
[2026-06-25 21:04:01] ✅ 上下文使用率正常
[2026-06-25 21:33:54] 估算上下文使用率: 1% (阈值: 50%)
[2026-06-25 21:33:54] ✅ 上下文使用率正常
[2026-06-25 21:35:06] 估算上下文使用率: 1% (阈值: 50%)
[2026-06-25 21:35:06] ✅ 上下文使用率正常
[2026-06-25 22:30:20] 估算上下文使用率: 1% (阈值: 50%)
[2026-06-25 22:30:20] ✅ 上下文使用率正常
[2026-06-25 23:00:10] 估算上下文使用率: 1% (阈值: 50%)
[2026-06-25 23:00:10] ✅ 上下文使用率正常
[2026-06-26 00:00:09] 估算上下文使用率: 1% (阈值: 50%)
[2026-06-26 00:00:09] ✅ 上下文使用率正常
[2026-06-26 02:00:30] 估算上下文使用率: 1% (阈值: 50%)
[2026-06-26 02:00:30] ✅ 上下文使用率正常
[2026-06-26 05:00:06] 估算上下文使用率: 1% (阈值: 50%)
[2026-06-26 05:00:06] ✅ 上下文使用率正常
[2026-06-26 07:00:07] 估算上下文使用率: 1% (阈值: 50%)
[2026-06-26 07:00:07] ✅ 上下文使用率正常
[2026-06-26 07:30:10] 估算上下文使用率: 1% (阈值: 50%)
[2026-06-26 07:30:10] ✅ 上下文使用率正常
[2026-06-26 08:00:11] 估算上下文使用率: 1% (阈值: 50%)
[2026-06-26 08:00:11] ✅ 上下文使用率正常
[2026-06-26 08:01:20] 估算上下文使用率: 1% (阈值: 50%)
[2026-06-26 08:01:20] ✅ 上下文使用率正常
[2026-06-26 08:03:43] 估算上下文使用率: 1% (阈值: 50%)
[2026-06-26 08:03:43] ✅ 上下文使用率正常
[2026-06-26 08:33:48] 估算上下文使用率: 1% (阈值: 50%)
[2026-06-26 08:33:48] ✅ 上下文使用率正常
[2026-06-26 09:04:30] 估算上下文使用率: 1% (阈值: 50%)
[2026-06-26 09:04:30] ✅ 上下文使用率正常
[2026-06-26 09:34:12] 估算上下文使用率: 1% (阈值: 50%)
[2026-06-26 09:34:12] ✅ 上下文使用率正常
[2026-06-26 10:30:07] 估算上下文使用率: 1% (阈值: 50%)
[2026-06-26 10:30:07] ✅ 上下文使用率正常
[2026-06-26 11:00:07] 估算上下文使用率: 1% (阈值: 50%)
[2026-06-26 11:00:07] ✅ 上下文使用率正常
[2026-06-26 11:12:01] 估算上下文使用率: 1% (阈值: 50%)
[2026-06-26 11:12:01] ✅ 上下文使用率正常
[2026-06-26 11:30:07] 估算上下文使用率: 1% (阈值: 50%)
[2026-06-26 11:30:07] ✅ 上下文使用率正常
[2026-06-26 12:00:08] 估算上下文使用率: 1% (阈值: 50%)
[2026-06-26 12:00:08] ✅ 上下文使用率正常
[2026-06-26 12:30:07] 估算上下文使用率: 1% (阈值: 50%)
[2026-06-26 12:30:07] ✅ 上下文使用率正常
[2026-06-26 12:30:46] 估算上下文使用率: 1% (阈值: 50%)
[2026-06-26 12:30:46] ✅ 上下文使用率正常
[2026-06-26 12:31:33] 估算上下文使用率: 1% (阈值: 50%)
[2026-06-26 12:31:33] ✅ 上下文使用率正常
[2026-06-26 12:32:25] 估算上下文使用率: 1% (阈值: 50%)
[2026-06-26 12:32:25] ✅ 上下文使用率正常
[2026-06-26 13:02:29] 估算上下文使用率: 1% (阈值: 50%)
[2026-06-26 13:02:29] ✅ 上下文使用率正常
[2026-06-26 13:32:27] 估算上下文使用率: 1% (阈值: 50%)
[2026-06-26 13:32:27] ✅ 上下文使用率正常
[2026-06-26 14:02:27] 估算上下文使用率: 1% (阈值: 50%)
[2026-06-26 14:02:27] ✅ 上下文使用率正常
[2026-06-26 14:12:00] 估算上下文使用率: 1% (阈值: 50%)
[2026-06-26 14:12:00] ✅ 上下文使用率正常
[2026-06-26 14:32:28] 估算上下文使用率: 1% (阈值: 50%)
[2026-06-26 14:32:28] ✅ 上下文使用率正常
[2026-06-26 15:02:27] 估算上下文使用率: 1% (阈值: 50%)
[2026-06-26 15:02:27] ✅ 上下文使用率正常
[2026-06-26 15:32:27] 估算上下文使用率: 1% (阈值: 50%)
[2026-06-26 15:32:27] ✅ 上下文使用率正常
[2026-06-26 16:11:58] 估算上下文使用率: 1% (阈值: 50%)
[2026-06-26 16:11:58] ✅ 上下文使用率正常
[2026-06-26 16:12:33] 估算上下文使用率: 1% (阈值: 50%)
[2026-06-26 16:12:33] ✅ 上下文使用率正常
[2026-06-26 16:42:34] 估算上下文使用率: 1% (阈值: 50%)
[2026-06-26 16:42:34] ✅ 上下文使用率正常
[2026-06-26 17:13:24] 估算上下文使用率: 1% (阈值: 50%)
[2026-06-26 17:13:24] ✅ 上下文使用率正常
[2026-06-26 17:43:29] 估算上下文使用率: 1% (阈值: 50%)
[2026-06-26 17:43:29] ✅ 上下文使用率正常
[2026-06-26 18:13:29] 估算上下文使用率: 1% (阈值: 50%)
[2026-06-26 18:13:29] ✅ 上下文使用率正常
[2026-06-26 18:43:25] 估算上下文使用率: 1% (阈值: 50%)
[2026-06-26 18:43:25] ✅ 上下文使用率正常
[2026-06-26 19:13:25] 估算上下文使用率: 1% (阈值: 50%)
[2026-06-26 19:13:25] ✅ 上下文使用率正常
[2026-06-26 19:43:24] 估算上下文使用率: 1% (阈值: 50%)
[2026-06-26 19:43:24] ✅ 上下文使用率正常
[2026-06-26 20:13:23] 估算上下文使用率: 1% (阈值: 50%)
[2026-06-26 20:13:23] ✅ 上下文使用率正常
[2026-06-26 20:43:23] 估算上下文使用率: 1% (阈值: 50%)
[2026-06-26 20:43:23] ✅ 上下文使用率正常
[2026-06-26 21:13:24] 估算上下文使用率: 1% (阈值: 50%)
[2026-06-26 21:13:24] ✅ 上下文使用率正常
[2026-06-26 21:43:24] 估算上下文使用率: 1% (阈值: 50%)
[2026-06-26 21:43:24] ✅ 上下文使用率正常
[2026-06-26 22:30:09] 估算上下文使用率: 1% (阈值: 50%)
[2026-06-26 22:30:09] ✅ 上下文使用率正常
[2026-06-26 23:00:08] 估算上下文使用率: 1% (阈值: 50%)
[2026-06-26 23:00:08] ✅ 上下文使用率正常
[2026-06-27 00:00:14] 估算上下文使用率: 1% (阈值: 50%)
[2026-06-27 00:00:14] ✅ 上下文使用率正常
[2026-06-27 01:00:09] 估算上下文使用率: 1% (阈值: 50%)
[2026-06-27 01:00:09] ✅ 上下文使用率正常
[2026-06-27 01:30:07] 估算上下文使用率: 1% (阈值: 50%)
[2026-06-27 01:30:07] ✅ 上下文使用率正常
[2026-06-27 03:00:28] 估算上下文使用率: 1% (阈值: 50%)
[2026-06-27 03:00:28] ✅ 上下文使用率正常
[2026-06-27 04:30:08] 估算上下文使用率: 1% (阈值: 50%)
[2026-06-27 04:30:08] ✅ 上下文使用率正常
[2026-06-27 05:00:08] 估算上下文使用率: 1% (阈值: 50%)
[2026-06-27 05:00:08] ✅ 上下文使用率正常
[2026-06-27 06:34:10] 估算上下文使用率: 1% (阈值: 50%)
[2026-06-27 06:34:10] ✅ 上下文使用率正常
[2026-06-27 07:04:13] 估算上下文使用率: 1% (阈值: 50%)
[2026-06-27 07:04:13] ✅ 上下文使用率正常
[2026-06-27 07:34:13] 估算上下文使用率: 1% (阈值: 50%)
[2026-06-27 07:34:13] ✅ 上下文使用率正常
[2026-06-27 08:04:35] 估算上下文使用率: 1% (阈值: 50%)
[2026-06-27 08:04:35] ✅ 上下文使用率正常
[2026-06-27 08:05:41] 估算上下文使用率: 1% (阈值: 50%)
[2026-06-27 08:05:41] ✅ 上下文使用率正常
[2026-06-27 08:35:20] 估算上下文使用率: 1% (阈值: 50%)
[2026-06-27 08:35:20] ✅ 上下文使用率正常
[2026-06-27 09:30:07] 估算上下文使用率: 1% (阈值: 50%)
[2026-06-27 09:30:07] ✅ 上下文使用率正常
[2026-06-27 09:31:09] 估算上下文使用率: 1% (阈值: 50%)
[2026-06-27 09:31:09] ✅ 上下文使用率正常
[2026-06-27 09:31:56] 估算上下文使用率: 1% (阈值: 50%)
[2026-06-27 09:31:56] ✅ 上下文使用率正常
[2026-06-27 09:33:00] 估算上下文使用率: 1% (阈值: 50%)
[2026-06-27 09:33:00] ✅ 上下文使用率正常
[2026-06-27 09:33:40] 估算上下文使用率: 1% (阈值: 50%)
[2026-06-27 09:33:40] ✅ 上下文使用率正常
[2026-06-27 09:34:14] 估算上下文使用率: 1% (阈值: 50%)
[2026-06-27 09:34:14] ✅ 上下文使用率正常
[2026-06-27 09:34:58] 估算上下文使用率: 1% (阈值: 50%)
[2026-06-27 09:34:58] ✅ 上下文使用率正常
[2026-06-27 09:35:34] 估算上下文使用率: 1% (阈值: 50%)
[2026-06-27 09:35:34] ✅ 上下文使用率正常
[2026-06-27 10:30:09] 估算上下文使用率: 1% (阈值: 50%)
[2026-06-27 10:30:09] ✅ 上下文使用率正常
[2026-06-27 10:31:01] 估算上下文使用率: 1% (阈值: 50%)
[2026-06-27 10:31:01] ✅ 上下文使用率正常
[2026-06-27 11:01:45] 估算上下文使用率: 1% (阈值: 50%)
[2026-06-27 11:01:45] ✅ 上下文使用率正常
[2026-06-27 11:31:33] 估算上下文使用率: 1% (阈值: 50%)
[2026-06-27 11:31:33] ✅ 上下文使用率正常
[2026-06-27 12:01:13] 估算上下文使用率: 1% (阈值: 50%)
[2026-06-27 12:01:13] ✅ 上下文使用率正常
[2026-06-27 12:30:59] 估算上下文使用率: 1% (阈值: 50%)
[2026-06-27 12:30:59] ✅ 上下文使用率正常
[2026-06-27 12:42:14] 估算上下文使用率: 1% (阈值: 50%)
[2026-06-27 12:42:14] ✅ 上下文使用率正常
[2026-06-27 13:01:01] 估算上下文使用率: 1% (阈值: 50%)
[2026-06-27 13:01:01] ✅ 上下文使用率正常
[2026-06-27 13:31:07] 估算上下文使用率: 1% (阈值: 50%)
[2026-06-27 13:31:07] ✅ 上下文使用率正常
[2026-06-27 14:01:02] 估算上下文使用率: 1% (阈值: 50%)
[2026-06-27 14:01:02] ✅ 上下文使用率正常
[2026-06-27 14:31:02] 估算上下文使用率: 1% (阈值: 50%)
[2026-06-27 14:31:02] ✅ 上下文使用率正常
[2026-06-27 14:58:18] 估算上下文使用率: 1% (阈值: 50%)
[2026-06-27 14:58:18] ✅ 上下文使用率正常
[2026-06-27 15:28:21] 估算上下文使用率: 1% (阈值: 50%)
[2026-06-27 15:28:21] ✅ 上下文使用率正常
[2026-06-27 15:58:31] 估算上下文使用率: 1% (阈值: 50%)
[2026-06-27 15:58:31] ✅ 上下文使用率正常
[2026-06-27 16:30:10] 估算上下文使用率: 1% (阈值: 50%)
[2026-06-27 16:30:10] ✅ 上下文使用率正常
[2026-06-27 16:31:06] 估算上下文使用率: 1% (阈值: 50%)
[2026-06-27 16:31:06] ✅ 上下文使用率正常
[2026-06-27 17:01:05] 估算上下文使用率: 1% (阈值: 50%)
[2026-06-27 17:01:05] ✅ 上下文使用率正常
[2026-06-27 17:31:08] 估算上下文使用率: 1% (阈值: 50%)
[2026-06-27 17:31:08] ✅ 上下文使用率正常
[2026-06-27 17:31:54] 估算上下文使用率: 1% (阈值: 50%)
[2026-06-27 17:31:54] ✅ 上下文使用率正常
[2026-06-27 17:33:42] 估算上下文使用率: 1% (阈值: 50%)
[2026-06-27 17:33:42] ✅ 上下文使用率正常
[2026-06-27 18:03:28] 估算上下文使用率: 1% (阈值: 50%)
[2026-06-27 18:03:28] ✅ 上下文使用率正常
[2026-06-27 18:04:09] 估算上下文使用率: 1% (阈值: 50%)
[2026-06-27 18:04:09] ✅ 上下文使用率正常
[2026-06-27 18:05:17] 估算上下文使用率: 1% (阈值: 50%)
[2026-06-27 18:05:17] ✅ 上下文使用率正常
[2026-06-27 18:35:13] 估算上下文使用率: 1% (阈值: 50%)
[2026-06-27 18:35:13] ✅ 上下文使用率正常
[2026-06-27 19:05:16] 估算上下文使用率: 1% (阈值: 50%)
[2026-06-27 19:05:16] ✅ 上下文使用率正常
[2026-06-27 19:05:55] 估算上下文使用率: 1% (阈值: 50%)
[2026-06-27 19:05:55] ✅ 上下文使用率正常
[2026-06-27 19:06:59] 估算上下文使用率: 1% (阈值: 50%)
[2026-06-27 19:06:59] ✅ 上下文使用率正常
[2026-06-27 19:07:40] 估算上下文使用率: 1% (阈值: 50%)
[2026-06-27 19:07:40] ✅ 上下文使用率正常
[2026-06-27 19:37:40] 估算上下文使用率: 1% (阈值: 50%)
[2026-06-27 19:37:40] ✅ 上下文使用率正常
[2026-06-27 20:07:39] 估算上下文使用率: 1% (阈值: 50%)
[2026-06-27 20:07:39] ✅ 上下文使用率正常
[2026-06-27 21:37:40] 估算上下文使用率: 1% (阈值: 50%)
[2026-06-27 21:37:40] ✅ 上下文使用率正常
[2026-06-27 22:30:14] 估算上下文使用率: 1% (阈值: 50%)
[2026-06-27 22:30:14] ✅ 上下文使用率正常
[2026-06-27 23:00:10] 估算上下文使用率: 1% (阈值: 50%)
[2026-06-27 23:00:10] ✅ 上下文使用率正常
[2026-06-28 00:00:09] 估算上下文使用率: 1% (阈值: 50%)
[2026-06-28 00:00:09] ✅ 上下文使用率正常
[2026-06-28 01:00:11] 估算上下文使用率: 1% (阈值: 50%)
[2026-06-28 01:00:11] ✅ 上下文使用率正常
[2026-06-28 01:30:13] 估算上下文使用率: 1% (阈值: 50%)
[2026-06-28 01:30:13] ✅ 上下文使用率正常
[2026-06-28 02:34:54] 估算上下文使用率: 1% (阈值: 50%)
[2026-06-28 02:34:54] ✅ 上下文使用率正常
[2026-06-28 02:42:06] 估算上下文使用率: 1% (阈值: 50%)
[2026-06-28 02:42:06] ✅ 上下文使用率正常
[2026-06-28 03:04:53] 估算上下文使用率: 1% (阈值: 50%)
[2026-06-28 03:04:53] ✅ 上下文使用率正常
[2026-06-28 03:34:53] 估算上下文使用率: 1% (阈值: 50%)
[2026-06-28 03:34:53] ✅ 上下文使用率正常
[2026-06-28 05:00:23] 估算上下文使用率: 1% (阈值: 50%)
[2026-06-28 05:00:23] ✅ 上下文使用率正常
[2026-06-28 05:30:11] 估算上下文使用率: 1% (阈值: 50%)
[2026-06-28 05:30:11] ✅ 上下文使用率正常
[2026-06-28 06:00:11] 估算上下文使用率: 1% (阈值: 50%)
[2026-06-28 06:00:11] ✅ 上下文使用率正常
[2026-06-28 06:30:18] 估算上下文使用率: 1% (阈值: 50%)
[2026-06-28 06:30:18] ✅ 上下文使用率正常
[2026-06-28 07:00:12] 估算上下文使用率: 1% (阈值: 50%)
[2026-06-28 07:00:12] ✅ 上下文使用率正常
[2026-06-28 07:30:11] 估算上下文使用率: 1% (阈值: 50%)
[2026-06-28 07:30:11] ✅ 上下文使用率正常
[2026-06-28 08:00:16] 估算上下文使用率: 1% (阈值: 50%)
[2026-06-28 08:00:16] ✅ 上下文使用率正常
[2026-06-28 08:30:15] 估算上下文使用率: 1% (阈值: 50%)
[2026-06-28 08:30:15] ✅ 上下文使用率正常
[2026-06-28 09:07:01] 估算上下文使用率: 1% (阈值: 50%)
[2026-06-28 09:07:01] ✅ 上下文使用率正常
[2026-06-28 09:09:25] 估算上下文使用率: 1% (阈值: 50%)
[2026-06-28 09:09:25] ✅ 上下文使用率正常
[2026-06-28 09:10:38] 估算上下文使用率: 1% (阈值: 50%)
[2026-06-28 09:10:38] ✅ 上下文使用率正常
[2026-06-28 09:11:30] 估算上下文使用率: 1% (阈值: 50%)
[2026-06-28 09:11:30] ✅ 上下文使用率正常
[2026-06-28 09:41:38] 估算上下文使用率: 1% (阈值: 50%)
[2026-06-28 09:41:38] ✅ 上下文使用率正常
[2026-06-28 10:12:04] 估算上下文使用率: 1% (阈值: 50%)
[2026-06-28 10:12:04] ✅ 上下文使用率正常
[2026-06-28 10:30:15] 估算上下文使用率: 1% (阈值: 50%)
[2026-06-28 10:30:15] ✅ 上下文使用率正常
[2026-06-28 11:00:21] 估算上下文使用率: 1% (阈值: 50%)
[2026-06-28 11:00:21] ✅ 上下文使用率正常
[2026-06-28 11:30:11] 估算上下文使用率: 1% (阈值: 50%)
[2026-06-28 11:30:11] ✅ 上下文使用率正常
[2026-06-28 12:00:21] 估算上下文使用率: 1% (阈值: 50%)
[2026-06-28 12:00:21] ✅ 上下文使用率正常
[2026-06-28 12:30:14] 估算上下文使用率: 1% (阈值: 50%)
[2026-06-28 12:30:14] ✅ 上下文使用率正常
[2026-06-28 13:00:11] 估算上下文使用率: 1% (阈值: 50%)
[2026-06-28 13:00:11] ✅ 上下文使用率正常
[2026-06-28 13:30:08] 估算上下文使用率: 1% (阈值: 50%)
[2026-06-28 13:30:08] ✅ 上下文使用率正常
[2026-06-28 14:00:10] 估算上下文使用率: 1% (阈值: 50%)
[2026-06-28 14:00:10] ✅ 上下文使用率正常
[2026-06-28 14:01:03] 估算上下文使用率: 1% (阈值: 50%)
[2026-06-28 14:01:03] ✅ 上下文使用率正常
[2026-06-28 14:01:47] 估算上下文使用率: 1% (阈值: 50%)
[2026-06-28 14:01:47] ✅ 上下文使用率正常
[2026-06-28 14:31:46] 估算上下文使用率: 1% (阈值: 50%)
[2026-06-28 14:31:46] ✅ 上下文使用率正常
[2026-06-28 15:01:46] 估算上下文使用率: 1% (阈值: 50%)
[2026-06-28 15:01:46] ✅ 上下文使用率正常
[2026-06-28 15:02:32] 估算上下文使用率: 1% (阈值: 50%)
[2026-06-28 15:02:32] ✅ 上下文使用率正常
[2026-06-28 15:32:33] 估算上下文使用率: 1% (阈值: 50%)
[2026-06-28 15:32:33] ✅ 上下文使用率正常
[2026-06-28 16:30:07] 估算上下文使用率: 1% (阈值: 50%)
[2026-06-28 16:30:07] ✅ 上下文使用率正常
[2026-06-28 17:00:10] 估算上下文使用率: 1% (阈值: 50%)
[2026-06-28 17:00:10] ✅ 上下文使用率正常
[2026-06-28 18:00:12] 估算上下文使用率: 1% (阈值: 50%)
[2026-06-28 18:00:12] ✅ 上下文使用率正常
[2026-06-28 18:30:08] 估算上下文使用率: 1% (阈值: 50%)
[2026-06-28 18:30:08] ✅ 上下文使用率正常
[2026-06-28 19:30:12] 估算上下文使用率: 1% (阈值: 50%)
[2026-06-28 19:30:12] ✅ 上下文使用率正常
[2026-06-28 20:00:06] 估算上下文使用率: 1% (阈值: 50%)
[2026-06-28 20:00:06] ✅ 上下文使用率正常
[2026-06-28 20:30:08] 估算上下文使用率: 1% (阈值: 50%)
[2026-06-28 20:30:08] ✅ 上下文使用率正常
[2026-06-28 21:00:09] 估算上下文使用率: 1% (阈值: 50%)
[2026-06-28 21:00:09] ✅ 上下文使用率正常
[2026-06-28 21:30:13] 估算上下文使用率: 1% (阈值: 50%)
[2026-06-28 21:30:13] ✅ 上下文使用率正常
[2026-06-28 23:00:09] 估算上下文使用率: 1% (阈值: 50%)
[2026-06-28 23:00:09] ✅ 上下文使用率正常
[2026-06-29 00:00:07] 估算上下文使用率: 1% (阈值: 50%)
[2026-06-29 00:00:07] ✅ 上下文使用率正常
[2026-06-29 00:30:07] 估算上下文使用率: 1% (阈值: 50%)
[2026-06-29 00:30:07] ✅ 上下文使用率正常
[2026-06-29 01:30:09] 估算上下文使用率: 1% (阈值: 50%)
[2026-06-29 01:30:09] ✅ 上下文使用率正常
[2026-06-29 02:00:31] 估算上下文使用率: 1% (阈值: 50%)
[2026-06-29 02:00:31] ✅ 上下文使用率正常
[2026-06-29 03:00:36] 估算上下文使用率: 1% (阈值: 50%)
[2026-06-29 03:00:36] ✅ 上下文使用率正常
[2026-06-29 03:30:33] 估算上下文使用率: 1% (阈值: 50%)
[2026-06-29 03:30:33] ✅ 上下文使用率正常
[2026-06-29 03:42:10] 估算上下文使用率: 1% (阈值: 50%)
[2026-06-29 03:42:10] ✅ 上下文使用率正常
[2026-06-29 04:30:07] 估算上下文使用率: 1% (阈值: 50%)
[2026-06-29 04:30:07] ✅ 上下文使用率正常
[2026-06-29 05:00:10] 估算上下文使用率: 1% (阈值: 50%)
[2026-06-29 05:00:10] ✅ 上下文使用率正常
[2026-06-29 06:00:06] 估算上下文使用率: 1% (阈值: 50%)
[2026-06-29 06:00:06] ✅ 上下文使用率正常
[2026-06-29 06:30:13] 估算上下文使用率: 1% (阈值: 50%)
[2026-06-29 06:30:13] ✅ 上下文使用率正常
[2026-06-29 07:00:05] 估算上下文使用率: 1% (阈值: 50%)
[2026-06-29 07:00:05] ✅ 上下文使用率正常
[2026-06-29 07:30:06] 估算上下文使用率: 1% (阈值: 50%)
[2026-06-29 07:30:06] ✅ 上下文使用率正常
[2026-06-29 08:00:06] 估算上下文使用率: 1% (阈值: 50%)
[2026-06-29 08:00:06] ✅ 上下文使用率正常
[2026-06-29 08:30:08] 估算上下文使用率: 1% (阈值: 50%)
[2026-06-29 08:30:08] ✅ 上下文使用率正常
[2026-06-29 09:30:07] 估算上下文使用率: 1% (阈值: 50%)
[2026-06-29 09:30:07] ✅ 上下文使用率正常
[2026-06-29 10:30:08] 估算上下文使用率: 1% (阈值: 50%)
[2026-06-29 10:30:08] ✅ 上下文使用率正常
[2026-06-29 11:00:06] 估算上下文使用率: 1% (阈值: 50%)
[2026-06-29 11:00:06] ✅ 上下文使用率正常
[2026-06-29 11:30:08] 估算上下文使用率: 1% (阈值: 50%)
[2026-06-29 11:30:08] ✅ 上下文使用率正常
[2026-06-29 12:00:10] 估算上下文使用率: 1% (阈值: 50%)
[2026-06-29 12:00:10] ✅ 上下文使用率正常
[2026-06-29 12:30:09] 估算上下文使用率: 1% (阈值: 50%)
[2026-06-29 12:30:09] ✅ 上下文使用率正常
[2026-06-29 13:00:12] 估算上下文使用率: 1% (阈值: 50%)
[2026-06-29 13:00:12] ✅ 上下文使用率正常
[2026-06-29 13:00:57] 估算上下文使用率: 1% (阈值: 50%)
[2026-06-29 13:00:57] ✅ 上下文使用率正常
[2026-06-29 13:30:58] 估算上下文使用率: 1% (阈值: 50%)
[2026-06-29 13:30:58] ✅ 上下文使用率正常
[2026-06-29 14:00:56] 估算上下文使用率: 1% (阈值: 50%)
[2026-06-29 14:00:56] ✅ 上下文使用率正常
[2026-06-29 14:30:59] 估算上下文使用率: 1% (阈值: 50%)
[2026-06-29 14:30:59] ✅ 上下文使用率正常
[2026-06-29 15:00:57] 估算上下文使用率: 1% (阈值: 50%)
[2026-06-29 15:00:57] ✅ 上下文使用率正常
[2026-06-29 15:30:57] 估算上下文使用率: 1% (阈值: 50%)
[2026-06-29 15:30:57] ✅ 上下文使用率正常
[2026-06-29 16:30:08] 估算上下文使用率: 1% (阈值: 50%)
[2026-06-29 16:30:08] ✅ 上下文使用率正常
[2026-06-29 17:00:09] 估算上下文使用率: 1% (阈值: 50%)
[2026-06-29 17:00:09] ✅ 上下文使用率正常
[2026-06-29 17:30:09] 估算上下文使用率: 1% (阈值: 50%)
[2026-06-29 17:30:09] ✅ 上下文使用率正常
[2026-06-29 18:00:13] 估算上下文使用率: 1% (阈值: 50%)
[2026-06-29 18:00:13] ✅ 上下文使用率正常
[2026-06-29 18:30:11] 估算上下文使用率: 1% (阈值: 50%)
[2026-06-29 18:30:11] ✅ 上下文使用率正常
[2026-06-29 19:00:11] 估算上下文使用率: 1% (阈值: 50%)
[2026-06-29 19:00:11] ✅ 上下文使用率正常
[2026-06-29 19:30:08] 估算上下文使用率: 1% (阈值: 50%)
[2026-06-29 19:30:08] ✅ 上下文使用率正常
[2026-06-29 19:30:49] 估算上下文使用率: 1% (阈值: 50%)
[2026-06-29 19:30:49] ✅ 上下文使用率正常
[2026-06-29 19:31:28] 估算上下文使用率: 1% (阈值: 50%)
[2026-06-29 19:31:28] ✅ 上下文使用率正常
[2026-06-29 20:01:31] 估算上下文使用率: 1% (阈值: 50%)
[2026-06-29 20:01:31] ✅ 上下文使用率正常
[2026-06-29 20:31:30] 估算上下文使用率: 1% (阈值: 50%)
[2026-06-29 20:31:30] ✅ 上下文使用率正常
[2026-06-29 21:01:26] 估算上下文使用率: 1% (阈值: 50%)
[2026-06-29 21:01:26] ✅ 上下文使用率正常
[2026-06-29 21:31:24] 估算上下文使用率: 1% (阈值: 50%)
[2026-06-29 21:31:24] ✅ 上下文使用率正常
[2026-06-29 21:33:20] 估算上下文使用率: 1% (阈值: 50%)
[2026-06-29 21:33:20] ✅ 上下文使用率正常
[2026-06-29 21:35:00] 估算上下文使用率: 1% (阈值: 50%)
[2026-06-29 21:35:00] ✅ 上下文使用率正常
[2026-06-29 21:35:41] 估算上下文使用率: 1% (阈值: 50%)
[2026-06-29 21:35:41] ✅ 上下文使用率正常
[2026-06-29 21:36:26] 估算上下文使用率: 1% (阈值: 50%)
[2026-06-29 21:36:26] ✅ 上下文使用率正常
[2026-06-29 21:37:09] 估算上下文使用率: 1% (阈值: 50%)
[2026-06-29 21:37:09] ✅ 上下文使用率正常
[2026-06-29 22:30:13] 估算上下文使用率: 1% (阈值: 50%)
[2026-06-29 22:30:13] ✅ 上下文使用率正常
[2026-06-29 23:00:07] 估算上下文使用率: 1% (阈值: 50%)
[2026-06-29 23:00:07] ✅ 上下文使用率正常
[2026-06-30 00:00:31] 估算上下文使用率: 1% (阈值: 50%)
[2026-06-30 00:00:31] ✅ 上下文使用率正常
[2026-06-30 00:30:10] 估算上下文使用率: 1% (阈值: 50%)
[2026-06-30 00:30:10] ✅ 上下文使用率正常
[2026-06-30 02:00:33] 估算上下文使用率: 1% (阈值: 50%)
[2026-06-30 02:00:33] ✅ 上下文使用率正常
[2026-06-30 02:30:28] 估算上下文使用率: 1% (阈值: 50%)
[2026-06-30 02:30:28] ✅ 上下文使用率正常
[2026-06-30 03:00:30] 估算上下文使用率: 1% (阈值: 50%)
[2026-06-30 03:00:30] ✅ 上下文使用率正常
[2026-06-30 03:30:28] 估算上下文使用率: 1% (阈值: 50%)
[2026-06-30 03:30:28] ✅ 上下文使用率正常
[2026-06-30 04:30:19] 估算上下文使用率: 1% (阈值: 50%)
[2026-06-30 04:30:19] ✅ 上下文使用率正常
[2026-06-30 05:30:12] 估算上下文使用率: 1% (阈值: 50%)
[2026-06-30 05:30:12] ✅ 上下文使用率正常
[2026-06-30 05:42:17] 估算上下文使用率: 1% (阈值: 50%)
[2026-06-30 05:42:17] ✅ 上下文使用率正常
[2026-06-30 06:00:17] 估算上下文使用率: 1% (阈值: 50%)
[2026-06-30 06:00:17] ✅ 上下文使用率正常
[2026-06-30 06:30:11] 估算上下文使用率: 1% (阈值: 50%)
[2026-06-30 06:30:11] ✅ 上下文使用率正常
[2026-06-30 07:00:18] 估算上下文使用率: 1% (阈值: 50%)
[2026-06-30 07:00:18] ✅ 上下文使用率正常
[2026-06-30 07:30:22] 估算上下文使用率: 1% (阈值: 50%)
[2026-06-30 07:30:22] ✅ 上下文使用率正常
[2026-06-30 08:00:27] 估算上下文使用率: 1% (阈值: 50%)
[2026-06-30 08:00:27] ✅ 上下文使用率正常
[2026-06-30 08:30:21] 估算上下文使用率: 1% (阈值: 50%)
[2026-06-30 08:30:21] ✅ 上下文使用率正常
[2026-06-30 09:05:49] 估算上下文使用率: 1% (阈值: 50%)
[2026-06-30 09:05:49] ✅ 上下文使用率正常
[2026-06-30 09:36:18] 估算上下文使用率: 1% (阈值: 50%)
[2026-06-30 09:36:18] ✅ 上下文使用率正常
[2026-06-30 10:30:18] 估算上下文使用率: 1% (阈值: 50%)
[2026-06-30 10:30:18] ✅ 上下文使用率正常
[2026-06-30 11:00:39] 估算上下文使用率: 1% (阈值: 50%)
[2026-06-30 11:00:39] ✅ 上下文使用率正常
[2026-06-30 11:30:20] 估算上下文使用率: 1% (阈值: 50%)
[2026-06-30 11:30:20] ✅ 上下文使用率正常
[2026-06-30 12:00:34] 估算上下文使用率: 1% (阈值: 50%)
[2026-06-30 12:00:34] ✅ 上下文使用率正常
[2026-06-30 12:30:19] 估算上下文使用率: 1% (阈值: 50%)
[2026-06-30 12:30:19] ✅ 上下文使用率正常
[2026-06-30 13:00:13] 估算上下文使用率: 1% (阈值: 50%)
[2026-06-30 13:00:13] ✅ 上下文使用率正常
[2026-06-30 13:30:15] 估算上下文使用率: 1% (阈值: 50%)
[2026-06-30 13:30:15] ✅ 上下文使用率正常
[2026-06-30 14:00:13] 估算上下文使用率: 1% (阈值: 50%)
[2026-06-30 14:00:13] ✅ 上下文使用率正常
[2026-06-30 14:30:14] 估算上下文使用率: 1% (阈值: 50%)
[2026-06-30 14:30:14] ✅ 上下文使用率正常
[2026-06-30 15:00:13] 估算上下文使用率: 1% (阈值: 50%)
[2026-06-30 15:00:13] ✅ 上下文使用率正常
[2026-06-30 15:30:14] 估算上下文使用率: 1% (阈值: 50%)
[2026-06-30 15:30:14] ✅ 上下文使用率正常
[2026-06-30 15:31:13] 估算上下文使用率: 1% (阈值: 50%)
[2026-06-30 15:31:13] ✅ 上下文使用率正常
[2026-06-30 15:32:08] 估算上下文使用率: 1% (阈值: 50%)
[2026-06-30 15:32:08] ✅ 上下文使用率正常
[2026-06-30 15:32:55] 估算上下文使用率: 1% (阈值: 50%)
[2026-06-30 15:32:55] ✅ 上下文使用率正常
[2026-06-30 15:33:44] 估算上下文使用率: 1% (阈值: 50%)
[2026-06-30 15:33:44] ✅ 上下文使用率正常
[2026-06-30 15:34:50] 估算上下文使用率: 1% (阈值: 50%)
[2026-06-30 15:34:50] ✅ 上下文使用率正常
[2026-06-30 15:35:38] 估算上下文使用率: 1% (阈值: 50%)
[2026-06-30 15:35:38] ✅ 上下文使用率正常
[2026-06-30 15:36:39] 估算上下文使用率: 1% (阈值: 50%)
[2026-06-30 15:36:39] ✅ 上下文使用率正常
[2026-06-30 15:37:54] 估算上下文使用率: 1% (阈值: 50%)
[2026-06-30 15:37:54] ✅ 上下文使用率正常
[2026-06-30 15:39:17] 估算上下文使用率: 1% (阈值: 50%)
[2026-06-30 15:39:17] ✅ 上下文使用率正常
[2026-06-30 15:40:46] 估算上下文使用率: 1% (阈值: 50%)
[2026-06-30 15:40:46] ✅ 上下文使用率正常
[2026-06-30 15:41:30] 估算上下文使用率: 1% (阈值: 50%)
[2026-06-30 15:41:30] ✅ 上下文使用率正常
[2026-06-30 15:42:31] 估算上下文使用率: 1% (阈值: 50%)
[2026-06-30 15:42:31] ✅ 上下文使用率正常
[2026-06-30 15:43:18] 估算上下文使用率: 1% (阈值: 50%)
[2026-06-30 15:43:18] ✅ 上下文使用率正常
[2026-06-30 15:44:17] 估算上下文使用率: 1% (阈值: 50%)
[2026-06-30 15:44:17] ✅ 上下文使用率正常
[2026-06-30 16:30:14] 估算上下文使用率: 1% (阈值: 50%)
[2026-06-30 16:30:14] ✅ 上下文使用率正常
[2026-06-30 17:00:15] 估算上下文使用率: 1% (阈值: 50%)
[2026-06-30 17:00:15] ✅ 上下文使用率正常
[2026-06-30 17:30:13] 估算上下文使用率: 1% (阈值: 50%)
[2026-06-30 17:30:13] ✅ 上下文使用率正常
[2026-06-30 17:30:57] 估算上下文使用率: 1% (阈值: 50%)
[2026-06-30 17:30:57] ✅ 上下文使用率正常
[2026-06-30 17:31:29] 估算上下文使用率: 1% (阈值: 50%)
[2026-06-30 17:31:29] ✅ 上下文使用率正常
[2026-06-30 18:01:35] 估算上下文使用率: 1% (阈值: 50%)
[2026-06-30 18:01:35] ✅ 上下文使用率正常
[2026-06-30 18:31:41] 估算上下文使用率: 1% (阈值: 50%)
[2026-06-30 18:31:41] ✅ 上下文使用率正常
[2026-06-30 19:01:35] 估算上下文使用率: 1% (阈值: 50%)
[2026-06-30 19:01:35] ✅ 上下文使用率正常
[2026-06-30 19:31:36] 估算上下文使用率: 1% (阈值: 50%)
[2026-06-30 19:31:36] ✅ 上下文使用率正常
[2026-06-30 20:01:37] 估算上下文使用率: 1% (阈值: 50%)
[2026-06-30 20:01:37] ✅ 上下文使用率正常
[2026-06-30 20:31:35] 估算上下文使用率: 1% (阈值: 50%)
[2026-06-30 20:31:35] ✅ 上下文使用率正常
[2026-06-30 20:42:05] 估算上下文使用率: 1% (阈值: 50%)
[2026-06-30 20:42:05] ✅ 上下文使用率正常
[2026-06-30 20:42:53] 估算上下文使用率: 1% (阈值: 50%)
[2026-06-30 20:42:53] ✅ 上下文使用率正常
[2026-06-30 21:12:50] 估算上下文使用率: 1% (阈值: 50%)
[2026-06-30 21:12:50] ✅ 上下文使用率正常
[2026-06-30 21:42:55] 估算上下文使用率: 1% (阈值: 50%)
[2026-06-30 21:42:55] ✅ 上下文使用率正常
[2026-06-30 22:30:12] 估算上下文使用率: 1% (阈值: 50%)
[2026-06-30 22:30:12] ✅ 上下文使用率正常
[2026-06-30 23:00:22] 估算上下文使用率: 1% (阈值: 50%)
[2026-06-30 23:00:22] ✅ 上下文使用率正常
[2026-07-01 00:00:14] 估算上下文使用率: 1% (阈值: 50%)
[2026-07-01 00:00:14] ✅ 上下文使用率正常
[2026-07-01 01:00:14] 估算上下文使用率: 1% (阈值: 50%)
[2026-07-01 01:00:14] ✅ 上下文使用率正常
[2026-07-01 01:30:13] 估算上下文使用率: 1% (阈值: 50%)
[2026-07-01 01:30:13] ✅ 上下文使用率正常
[2026-07-01 02:00:39] 估算上下文使用率: 1% (阈值: 50%)
[2026-07-01 02:00:39] ✅ 上下文使用率正常
[2026-07-01 02:30:39] 估算上下文使用率: 1% (阈值: 50%)
[2026-07-01 02:30:39] ✅ 上下文使用率正常
[2026-07-01 03:00:39] 估算上下文使用率: 1% (阈值: 50%)
[2026-07-01 03:00:39] ✅ 上下文使用率正常
[2026-07-01 03:30:41] 估算上下文使用率: 1% (阈值: 50%)
[2026-07-01 03:30:41] ✅ 上下文使用率正常
[2026-07-01 04:30:10] 估算上下文使用率: 1% (阈值: 50%)
[2026-07-01 04:30:10] ✅ 上下文使用率正常
[2026-07-01 05:00:08] 估算上下文使用率: 1% (阈值: 50%)
[2026-07-01 05:00:08] ✅ 上下文使用率正常
[2026-07-01 05:30:10] 估算上下文使用率: 1% (阈值: 50%)
[2026-07-01 05:30:10] ✅ 上下文使用率正常
[2026-07-01 06:00:05] 估算上下文使用率: 1% (阈值: 50%)
[2026-07-01 06:00:05] ✅ 上下文使用率正常
[2026-07-01 06:30:07] 估算上下文使用率: 1% (阈值: 50%)
[2026-07-01 06:30:07] ✅ 上下文使用率正常
[2026-07-01 07:00:06] 估算上下文使用率: 1% (阈值: 50%)
[2026-07-01 07:00:06] ✅ 上下文使用率正常
[2026-07-01 07:30:06] 估算上下文使用率: 1% (阈值: 50%)
[2026-07-01 07:30:06] ✅ 上下文使用率正常
[2026-07-01 08:00:09] 估算上下文使用率: 1% (阈值: 50%)
[2026-07-01 08:00:09] ✅ 上下文使用率正常
[2026-07-01 08:01:04] 估算上下文使用率: 1% (阈值: 50%)
[2026-07-01 08:01:04] ✅ 上下文使用率正常
[2026-07-01 08:01:45] 估算上下文使用率: 1% (阈值: 50%)
[2026-07-01 08:01:45] ✅ 上下文使用率正常
[2026-07-01 08:03:04] 估算上下文使用率: 1% (阈值: 50%)
[2026-07-01 08:03:04] ✅ 上下文使用率正常
[2026-07-01 08:03:49] 估算上下文使用率: 1% (阈值: 50%)
[2026-07-01 08:03:49] ✅ 上下文使用率正常
[2026-07-01 08:04:27] 估算上下文使用率: 1% (阈值: 50%)
[2026-07-01 08:04:27] ✅ 上下文使用率正常
[2026-07-01 08:05:13] 估算上下文使用率: 1% (阈值: 50%)
[2026-07-01 08:05:13] ✅ 上下文使用率正常
[2026-07-01 08:35:10] 估算上下文使用率: 1% (阈值: 50%)
[2026-07-01 08:35:10] ✅ 上下文使用率正常
[2026-07-01 08:36:01] 估算上下文使用率: 1% (阈值: 50%)
[2026-07-01 08:36:01] ✅ 上下文使用率正常
[2026-07-01 08:36:46] 估算上下文使用率: 1% (阈值: 50%)
[2026-07-01 08:36:46] ✅ 上下文使用率正常
[2026-07-01 08:37:30] 估算上下文使用率: 1% (阈值: 50%)
[2026-07-01 08:37:30] ✅ 上下文使用率正常
[2026-07-01 08:38:16] 估算上下文使用率: 1% (阈值: 50%)
[2026-07-01 08:38:16] ✅ 上下文使用率正常
[2026-07-01 08:39:30] 估算上下文使用率: 1% (阈值: 50%)
[2026-07-01 08:39:30] ✅ 上下文使用率正常
[2026-07-01 09:03:50] 估算上下文使用率: 1% (阈值: 50%)
[2026-07-01 09:03:50] ✅ 上下文使用率正常
[2026-07-01 10:30:16] 估算上下文使用率: 1% (阈值: 50%)
[2026-07-01 10:30:16] ✅ 上下文使用率正常
[2026-07-01 11:01:23] 估算上下文使用率: 1% (阈值: 50%)
[2026-07-01 11:01:23] ✅ 上下文使用率正常
[2026-07-01 11:31:27] 估算上下文使用率: 1% (阈值: 50%)
[2026-07-01 11:31:27] ✅ 上下文使用率正常
[2026-07-01 11:32:09] 估算上下文使用率: 1% (阈值: 50%)
[2026-07-01 11:32:09] ✅ 上下文使用率正常
[2026-07-01 12:02:14] 估算上下文使用率: 1% (阈值: 50%)
[2026-07-01 12:02:14] ✅ 上下文使用率正常
[2026-07-01 12:32:50] 估算上下文使用率: 1% (阈值: 50%)
[2026-07-01 12:32:50] ✅ 上下文使用率正常
[2026-07-01 12:33:44] 估算上下文使用率: 1% (阈值: 50%)
[2026-07-01 12:33:44] ✅ 上下文使用率正常
[2026-07-01 12:34:37] 估算上下文使用率: 1% (阈值: 50%)
[2026-07-01 12:34:37] ✅ 上下文使用率正常
[2026-07-01 12:35:31] 估算上下文使用率: 1% (阈值: 50%)
[2026-07-01 12:35:31] ✅ 上下文使用率正常
[2026-07-01 12:42:10] 估算上下文使用率: 1% (阈值: 50%)
[2026-07-01 12:42:10] ✅ 上下文使用率正常
[2026-07-01 12:42:49] 估算上下文使用率: 1% (阈值: 50%)
[2026-07-01 12:42:49] ✅ 上下文使用率正常
[2026-07-01 13:12:48] 估算上下文使用率: 1% (阈值: 50%)
[2026-07-01 13:12:48] ✅ 上下文使用率正常
[2026-07-01 13:14:05] 估算上下文使用率: 1% (阈值: 50%)
[2026-07-01 13:14:05] ✅ 上下文使用率正常
[2026-07-01 13:45:48] 估算上下文使用率: 1% (阈值: 50%)
[2026-07-01 13:45:48] ✅ 上下文使用率正常
[2026-07-01 13:46:40] 估算上下文使用率: 1% (阈值: 50%)
[2026-07-01 13:46:40] ✅ 上下文使用率正常
[2026-07-01 13:47:24] 估算上下文使用率: 1% (阈值: 50%)
[2026-07-01 13:47:24] ✅ 上下文使用率正常
[2026-07-01 13:48:05] 估算上下文使用率: 1% (阈值: 50%)
[2026-07-01 13:48:05] ✅ 上下文使用率正常
[2026-07-01 14:18:01] 估算上下文使用率: 1% (阈值: 50%)
[2026-07-01 14:18:01] ✅ 上下文使用率正常
[2026-07-01 14:48:07] 估算上下文使用率: 1% (阈值: 50%)
[2026-07-01 14:48:07] ✅ 上下文使用率正常
[2026-07-01 14:48:43] 估算上下文使用率: 1% (阈值: 50%)
[2026-07-01 14:48:43] ✅ 上下文使用率正常
[2026-07-01 14:49:37] 估算上下文使用率: 1% (阈值: 50%)
[2026-07-01 14:49:37] ✅ 上下文使用率正常
[2026-07-01 15:19:38] 估算上下文使用率: 1% (阈值: 50%)
[2026-07-01 15:19:38] ✅ 上下文使用率正常
[2026-07-01 15:49:40] 估算上下文使用率: 1% (阈值: 50%)
[2026-07-01 15:49:40] ✅ 上下文使用率正常
[2026-07-01 15:50:24] 估算上下文使用率: 1% (阈值: 50%)
[2026-07-01 15:50:24] ✅ 上下文使用率正常
[2026-07-01 15:51:25] 估算上下文使用率: 1% (阈值: 50%)
[2026-07-01 15:51:25] ✅ 上下文使用率正常
[2026-07-01 15:52:10] 估算上下文使用率: 1% (阈值: 50%)
[2026-07-01 15:52:10] ✅ 上下文使用率正常
[2026-07-01 15:54:00] 估算上下文使用率: 1% (阈值: 50%)
[2026-07-01 15:54:00] ✅ 上下文使用率正常
[2026-07-01 16:30:12] 估算上下文使用率: 1% (阈值: 50%)
[2026-07-01 16:30:12] ✅ 上下文使用率正常
[2026-07-01 16:30:59] 估算上下文使用率: 1% (阈值: 50%)
[2026-07-01 16:30:59] ✅ 上下文使用率正常
[2026-07-01 16:31:45] 估算上下文使用率: 1% (阈值: 50%)
[2026-07-01 16:31:45] ✅ 上下文使用率正常
[2026-07-01 16:32:16] 估算上下文使用率: 1% (阈值: 50%)
[2026-07-01 16:32:16] ✅ 上下文使用率正常
[2026-07-01 17:02:16] 估算上下文使用率: 1% (阈值: 50%)
[2026-07-01 17:02:17] ✅ 上下文使用率正常
[2026-07-01 17:32:31] 估算上下文使用率: 1% (阈值: 50%)
[2026-07-01 17:32:31] ✅ 上下文使用率正常
[2026-07-01 17:33:09] 估算上下文使用率: 1% (阈值: 50%)
[2026-07-01 17:33:09] ✅ 上下文使用率正常
[2026-07-01 17:33:53] 估算上下文使用率: 1% (阈值: 50%)
[2026-07-01 17:33:53] ✅ 上下文使用率正常
[2026-07-01 17:34:41] 估算上下文使用率: 1% (阈值: 50%)
[2026-07-01 17:34:41] ✅ 上下文使用率正常
[2026-07-01 17:35:22] 估算上下文使用率: 1% (阈值: 50%)
[2026-07-01 17:35:22] ✅ 上下文使用率正常
[2026-07-01 18:06:47] 估算上下文使用率: 1% (阈值: 50%)
[2026-07-01 18:06:47] ✅ 上下文使用率正常
[2026-07-01 18:36:43] 估算上下文使用率: 1% (阈值: 50%)
[2026-07-01 18:36:43] ✅ 上下文使用率正常
[2026-07-01 19:06:44] 估算上下文使用率: 1% (阈值: 50%)
[2026-07-01 19:06:44] ✅ 上下文使用率正常
[2026-07-01 19:36:46] 估算上下文使用率: 1% (阈值: 50%)
[2026-07-01 19:36:46] ✅ 上下文使用率正常
[2026-07-01 20:06:43] 估算上下文使用率: 1% (阈值: 50%)
[2026-07-01 20:06:43] ✅ 上下文使用率正常
[2026-07-01 20:36:45] 估算上下文使用率: 1% (阈值: 50%)
[2026-07-01 20:36:45] ✅ 上下文使用率正常
[2026-07-01 21:06:44] 估算上下文使用率: 1% (阈值: 50%)
[2026-07-01 21:06:44] ✅ 上下文使用率正常
[2026-07-01 21:07:45] 估算上下文使用率: 1% (阈值: 50%)
[2026-07-01 21:07:45] ✅ 上下文使用率正常
[2026-07-01 21:09:02] 估算上下文使用率: 1% (阈值: 50%)
[2026-07-01 21:09:02] ✅ 上下文使用率正常
[2026-07-01 22:30:08] 估算上下文使用率: 1% (阈值: 50%)
[2026-07-01 22:30:08] ✅ 上下文使用率正常
[2026-07-01 23:00:11] 估算上下文使用率: 1% (阈值: 50%)
[2026-07-01 23:00:11] ✅ 上下文使用率正常
[2026-07-02 00:30:10] 估算上下文使用率: 1% (阈值: 50%)
[2026-07-02 00:30:10] ✅ 上下文使用率正常
[2026-07-02 01:00:11] 估算上下文使用率: 1% (阈值: 50%)
[2026-07-02 01:00:11] ✅ 上下文使用率正常
[2026-07-02 01:30:09] 估算上下文使用率: 1% (阈值: 50%)
[2026-07-02 01:30:09] ✅ 上下文使用率正常
[2026-07-02 02:00:30] 估算上下文使用率: 1% (阈值: 50%)
[2026-07-02 02:00:30] ✅ 上下文使用率正常
[2026-07-02 02:30:32] 估算上下文使用率: 1% (阈值: 50%)
[2026-07-02 02:30:32] ✅ 上下文使用率正常
[2026-07-02 03:00:30] 估算上下文使用率: 1% (阈值: 50%)
[2026-07-02 03:00:30] ✅ 上下文使用率正常
[2026-07-02 03:30:32] 估算上下文使用率: 1% (阈值: 50%)
[2026-07-02 03:30:32] ✅ 上下文使用率正常
[2026-07-02 05:00:12] 估算上下文使用率: 1% (阈值: 50%)
[2026-07-02 05:00:12] ✅ 上下文使用率正常
[2026-07-02 05:30:11] 估算上下文使用率: 1% (阈值: 50%)
[2026-07-02 05:30:11] ✅ 上下文使用率正常
[2026-07-02 06:00:05] 估算上下文使用率: 1% (阈值: 50%)
[2026-07-02 06:00:05] ✅ 上下文使用率正常
[2026-07-02 06:30:11] 估算上下文使用率: 1% (阈值: 50%)
[2026-07-02 06:30:11] ✅ 上下文使用率正常
[2026-07-02 07:00:16] 估算上下文使用率: 1% (阈值: 50%)
[2026-07-02 07:00:16] ✅ 上下文使用率正常
[2026-07-02 07:01:06] 估算上下文使用率: 1% (阈值: 50%)
[2026-07-02 07:01:06] ✅ 上下文使用率正常
[2026-07-02 07:31:12] 估算上下文使用率: 1% (阈值: 50%)
[2026-07-02 07:31:12] ✅ 上下文使用率正常
[2026-07-02 07:31:56] 估算上下文使用率: 1% (阈值: 50%)
[2026-07-02 07:31:56] ✅ 上下文使用率正常
[2026-07-02 07:32:50] 估算上下文使用率: 1% (阈值: 50%)
[2026-07-02 07:32:50] ✅ 上下文使用率正常
[2026-07-02 07:33:59] 估算上下文使用率: 1% (阈值: 50%)
[2026-07-02 07:33:59] ✅ 上下文使用率正常
[2026-07-02 07:34:47] 估算上下文使用率: 1% (阈值: 50%)
[2026-07-02 07:34:47] ✅ 上下文使用率正常
[2026-07-02 08:04:56] 估算上下文使用率: 1% (阈值: 50%)
[2026-07-02 08:04:56] ✅ 上下文使用率正常
[2026-07-02 08:34:51] 估算上下文使用率: 1% (阈值: 50%)
[2026-07-02 08:34:51] ✅ 上下文使用率正常
[2026-07-02 09:03:43] 估算上下文使用率: 1% (阈值: 50%)
[2026-07-02 09:03:43] ✅ 上下文使用率正常
[2026-07-02 09:33:37] 估算上下文使用率: 1% (阈值: 50%)
[2026-07-02 09:33:37] ✅ 上下文使用率正常
[2026-07-02 10:30:11] 估算上下文使用率: 1% (阈值: 50%)
[2026-07-02 10:30:11] ✅ 上下文使用率正常
[2026-07-02 11:00:11] 估算上下文使用率: 1% (阈值: 50%)
[2026-07-02 11:00:11] ✅ 上下文使用率正常
[2026-07-02 11:30:16] 估算上下文使用率: 1% (阈值: 50%)
[2026-07-02 11:30:16] ✅ 上下文使用率正常
[2026-07-02 12:00:11] 估算上下文使用率: 1% (阈值: 50%)
[2026-07-02 12:00:11] ✅ 上下文使用率正常
[2026-07-02 12:30:05] 估算上下文使用率: 1% (阈值: 50%)
[2026-07-02 12:30:05] ✅ 上下文使用率正常
[2026-07-02 12:30:43] 估算上下文使用率: 1% (阈值: 50%)
[2026-07-02 12:30:44] ✅ 上下文使用率正常
[2026-07-02 13:00:47] 估算上下文使用率: 1% (阈值: 50%)
[2026-07-02 13:00:47] ✅ 上下文使用率正常
[2026-07-02 13:30:44] 估算上下文使用率: 1% (阈值: 50%)
[2026-07-02 13:30:44] ✅ 上下文使用率正常
[2026-07-02 13:31:37] 估算上下文使用率: 1% (阈值: 50%)
[2026-07-02 13:31:37] ✅ 上下文使用率正常
[2026-07-02 14:01:33] 估算上下文使用率: 1% (阈值: 50%)
[2026-07-02 14:01:33] ✅ 上下文使用率正常
[2026-07-02 14:31:32] 估算上下文使用率: 1% (阈值: 50%)
[2026-07-02 14:31:32] ✅ 上下文使用率正常
[2026-07-02 15:01:36] 估算上下文使用率: 1% (阈值: 50%)
[2026-07-02 15:01:36] ✅ 上下文使用率正常
[2026-07-02 15:02:29] 估算上下文使用率: 1% (阈值: 50%)
[2026-07-02 15:02:29] ✅ 上下文使用率正常
[2026-07-02 15:03:32] 估算上下文使用率: 1% (阈值: 50%)
[2026-07-02 15:03:32] ✅ 上下文使用率正常
[2026-07-02 15:33:32] 估算上下文使用率: 1% (阈值: 50%)
[2026-07-02 15:33:32] ✅ 上下文使用率正常
[2026-07-02 16:01:12] 估算上下文使用率: 1% (阈值: 50%)
[2026-07-02 16:01:12] ✅ 上下文使用率正常
[2026-07-02 16:01:58] 估算上下文使用率: 1% (阈值: 50%)
[2026-07-02 16:01:58] ✅ 上下文使用率正常
[2026-07-02 16:02:53] 估算上下文使用率: 1% (阈值: 50%)
[2026-07-02 16:02:53] ✅ 上下文使用率正常
[2026-07-02 16:34:06] 估算上下文使用率: 1% (阈值: 50%)
[2026-07-02 16:34:06] ✅ 上下文使用率正常
[2026-07-02 17:04:09] 估算上下文使用率: 1% (阈值: 50%)
[2026-07-02 17:04:09] ✅ 上下文使用率正常
[2026-07-02 17:34:11] 估算上下文使用率: 1% (阈值: 50%)
[2026-07-02 17:34:11] ✅ 上下文使用率正常
[2026-07-02 18:04:06] 估算上下文使用率: 1% (阈值: 50%)
[2026-07-02 18:04:06] ✅ 上下文使用率正常
[2026-07-02 18:34:07] 估算上下文使用率: 1% (阈值: 50%)
[2026-07-02 18:34:07] ✅ 上下文使用率正常
[2026-07-02 19:04:07] 估算上下文使用率: 1% (阈值: 50%)
[2026-07-02 19:04:07] ✅ 上下文使用率正常
[2026-07-02 19:12:20] 估算上下文使用率: 1% (阈值: 50%)
[2026-07-02 19:12:20] ✅ 上下文使用率正常
[2026-07-02 19:34:07] 估算上下文使用率: 1% (阈值: 50%)
[2026-07-02 19:34:07] ✅ 上下文使用率正常
[2026-07-02 20:04:07] 估算上下文使用率: 1% (阈值: 50%)
[2026-07-02 20:04:07] ✅ 上下文使用率正常
[2026-07-02 20:34:09] 估算上下文使用率: 1% (阈值: 50%)
[2026-07-02 20:34:09] ✅ 上下文使用率正常
[2026-07-02 21:04:06] 估算上下文使用率: 1% (阈值: 50%)
[2026-07-02 21:04:06] ✅ 上下文使用率正常
[2026-07-02 21:04:57] 估算上下文使用率: 1% (阈值: 50%)
[2026-07-02 21:04:57] ✅ 上下文使用率正常
[2026-07-02 21:05:47] 估算上下文使用率: 1% (阈值: 50%)
[2026-07-02 21:05:47] ✅ 上下文使用率正常
[2026-07-02 21:07:45] 估算上下文使用率: 1% (阈值: 50%)
[2026-07-02 21:07:45] ✅ 上下文使用率正常
[2026-07-02 21:37:43] 估算上下文使用率: 1% (阈值: 50%)
[2026-07-02 21:37:43] ✅ 上下文使用率正常
[2026-07-02 22:30:14] 估算上下文使用率: 1% (阈值: 50%)
[2026-07-02 22:30:14] ✅ 上下文使用率正常
[2026-07-02 22:30:59] 估算上下文使用率: 1% (阈值: 50%)
[2026-07-02 22:30:59] ✅ 上下文使用率正常
