[2026-02-08T15:00:01+00:00] [INFO] Starting system monitoring
[2026-02-08T15:00:01+00:00] [INFO] Starting metrics collection
[2026-02-08T15:00:02+00:00] [INFO] Metrics collected: CPU: 0.0%, Mem: 51.0%, Disk: 81%, SearXNG: running
[2026-02-08T15:00:02+00:00] [INFO] Monitoring Docker containers
[2026-02-08T15:00:02+00:00] [INFO] Container searxng: running
[2026-02-08T15:00:02+00:00] [INFO] Monitoring cron tasks
[2026-02-08T15:00:02+00:00] [INFO] Last AI Research cron run: No data
[2026-02-08T15:00:02+00:00] [INFO] Checking service health
[2026-02-08T15:00:02+00:00] [INFO] SearXNG health check: OK
[2026-02-08T15:00:18+00:00] [INFO] OpenClaw Gateway health check: OK
[2026-02-08T15:00:18+00:00] [INFO] Generating monitoring report
[2026-02-08T15:00:18+00:00] [INFO] Monitoring completed
📊 **System Monitoring Report**

**Timestamp**: 2026-02-08T15:00:18+00:00

**System Resources**:
• CPU Usage: 0.0%
• Memory Usage: 51.0%
• Disk Usage: 81%

**Services**:
• Running Containers: 1
• SearXNG: running
• OpenClaw Gateway: running

**Health Checks**: ✅ All critical services monitored

Logs: `/root/clawd/logs/monitoring/system-monitor-20260208-150001.log`
[2026-02-08T15:30:01+00:00] [INFO] Starting system monitoring
[2026-02-08T15:30:01+00:00] [INFO] Starting metrics collection
[2026-02-08T15:30:01+00:00] [INFO] Metrics collected: CPU: 4.5%, Mem: 48.5%, Disk: 81%, SearXNG: running
[2026-02-08T15:30:01+00:00] [INFO] Monitoring Docker containers
[2026-02-08T15:30:01+00:00] [INFO] Container searxng: running
[2026-02-08T15:30:01+00:00] [INFO] Monitoring cron tasks
[2026-02-08T15:30:01+00:00] [INFO] Last AI Research cron run: No data
[2026-02-08T15:30:01+00:00] [INFO] Checking service health
[2026-02-08T15:30:01+00:00] [INFO] SearXNG health check: OK
[2026-02-08T15:30:17+00:00] [INFO] OpenClaw Gateway health check: OK
[2026-02-08T15:30:17+00:00] [INFO] Generating monitoring report
[2026-02-08T15:30:17+00:00] [INFO] Monitoring completed
📊 **System Monitoring Report**

**Timestamp**: 2026-02-08T15:30:17+00:00

**System Resources**:
• CPU Usage: 4.5%
• Memory Usage: 48.5%
• Disk Usage: 81%

**Services**:
• Running Containers: 1
• SearXNG: running
• OpenClaw Gateway: running

**Health Checks**: ✅ All critical services monitored

Logs: `/root/clawd/logs/monitoring/system-monitor-20260208-153001.log`
[2026-02-08T16:00:01+00:00] [INFO] Starting system monitoring
[2026-02-08T16:00:01+00:00] [INFO] Starting metrics collection
[2026-02-08T16:00:02+00:00] [INFO] Metrics collected: CPU: 0.0%, Mem: 49.0%, Disk: 81%, SearXNG: running
[2026-02-08T16:00:02+00:00] [INFO] Monitoring Docker containers
[2026-02-08T16:00:02+00:00] [INFO] Container searxng: running
[2026-02-08T16:00:02+00:00] [INFO] Monitoring cron tasks
[2026-02-08T16:00:02+00:00] [INFO] Last AI Research cron run: No data
[2026-02-08T16:00:02+00:00] [INFO] Checking service health
[2026-02-08T16:00:02+00:00] [INFO] SearXNG health check: OK
[2026-02-08T16:00:17+00:00] [INFO] OpenClaw Gateway health check: OK
[2026-02-08T16:00:17+00:00] [INFO] Generating monitoring report
[2026-02-08T16:00:17+00:00] [INFO] Monitoring completed
📊 **System Monitoring Report**

**Timestamp**: 2026-02-08T16:00:17+00:00

**System Resources**:
• CPU Usage: 0.0%
• Memory Usage: 49.0%
• Disk Usage: 81%

**Services**:
• Running Containers: 1
• SearXNG: running
• OpenClaw Gateway: running

**Health Checks**: ✅ All critical services monitored

Logs: `/root/clawd/logs/monitoring/system-monitor-20260208-160001.log`
[2026-02-08T16:30:01+00:00] [INFO] Starting system monitoring
[2026-02-08T16:30:01+00:00] [INFO] Starting metrics collection
[2026-02-08T16:30:02+00:00] [INFO] Metrics collected: CPU: 4.5%, Mem: 48.9%, Disk: 81%, SearXNG: running
[2026-02-08T16:30:02+00:00] [INFO] Monitoring Docker containers
[2026-02-08T16:30:02+00:00] [INFO] Container searxng: running
[2026-02-08T16:30:02+00:00] [INFO] Monitoring cron tasks
[2026-02-08T16:30:02+00:00] [INFO] Last AI Research cron run: No data
[2026-02-08T16:30:02+00:00] [INFO] Checking service health
[2026-02-08T16:30:02+00:00] [INFO] SearXNG health check: OK
[2026-02-08T16:30:17+00:00] [INFO] OpenClaw Gateway health check: OK
[2026-02-08T16:30:17+00:00] [INFO] Generating monitoring report
[2026-02-08T16:30:17+00:00] [INFO] Monitoring completed
📊 **System Monitoring Report**

**Timestamp**: 2026-02-08T16:30:17+00:00

**System Resources**:
• CPU Usage: 4.5%
• Memory Usage: 48.9%
• Disk Usage: 81%

**Services**:
• Running Containers: 1
• SearXNG: running
• OpenClaw Gateway: running

**Health Checks**: ✅ All critical services monitored

Logs: `/root/clawd/logs/monitoring/system-monitor-20260208-163001.log`
[2026-02-08T17:00:01+00:00] [INFO] Starting system monitoring
[2026-02-08T17:00:01+00:00] [INFO] Starting metrics collection
[2026-02-08T17:00:02+00:00] [INFO] Metrics collected: CPU: 0.0%, Mem: 49.0%, Disk: 81%, SearXNG: running
[2026-02-08T17:00:02+00:00] [INFO] Monitoring Docker containers
[2026-02-08T17:00:02+00:00] [INFO] Container searxng: running
[2026-02-08T17:00:02+00:00] [INFO] Monitoring cron tasks
[2026-02-08T17:00:02+00:00] [INFO] Last AI Research cron run: No data
[2026-02-08T17:00:02+00:00] [INFO] Checking service health
[2026-02-08T17:00:02+00:00] [INFO] SearXNG health check: OK
[2026-02-08T17:00:17+00:00] [INFO] OpenClaw Gateway health check: OK
[2026-02-08T17:00:17+00:00] [INFO] Generating monitoring report
[2026-02-08T17:00:17+00:00] [INFO] Monitoring completed
📊 **System Monitoring Report**

**Timestamp**: 2026-02-08T17:00:17+00:00

**System Resources**:
• CPU Usage: 0.0%
• Memory Usage: 49.0%
• Disk Usage: 81%

**Services**:
• Running Containers: 1
• SearXNG: running
• OpenClaw Gateway: running

**Health Checks**: ✅ All critical services monitored

Logs: `/root/clawd/logs/monitoring/system-monitor-20260208-170001.log`
[2026-02-08T17:30:01+00:00] [INFO] Starting system monitoring
[2026-02-08T17:30:01+00:00] [INFO] Starting metrics collection
[2026-02-08T17:30:02+00:00] [INFO] Metrics collected: CPU: 4.3%, Mem: 48.4%, Disk: 81%, SearXNG: running
[2026-02-08T17:30:02+00:00] [INFO] Monitoring Docker containers
[2026-02-08T17:30:02+00:00] [INFO] Container searxng: running
[2026-02-08T17:30:02+00:00] [INFO] Monitoring cron tasks
[2026-02-08T17:30:02+00:00] [INFO] Last AI Research cron run: No data
[2026-02-08T17:30:02+00:00] [INFO] Checking service health
[2026-02-08T17:30:02+00:00] [INFO] SearXNG health check: OK
[2026-02-08T17:30:18+00:00] [INFO] OpenClaw Gateway health check: OK
[2026-02-08T17:30:18+00:00] [INFO] Generating monitoring report
[2026-02-08T17:30:18+00:00] [INFO] Monitoring completed
📊 **System Monitoring Report**

**Timestamp**: 2026-02-08T17:30:18+00:00

**System Resources**:
• CPU Usage: 4.3%
• Memory Usage: 48.4%
• Disk Usage: 81%

**Services**:
• Running Containers: 1
• SearXNG: running
• OpenClaw Gateway: running

**Health Checks**: ✅ All critical services monitored

Logs: `/root/clawd/logs/monitoring/system-monitor-20260208-173001.log`
[2026-02-08T18:00:01+00:00] [INFO] Starting system monitoring
[2026-02-08T18:00:01+00:00] [INFO] Starting metrics collection
[2026-02-08T18:00:01+00:00] [INFO] Metrics collected: CPU: 4.5%, Mem: 49.2%, Disk: 81%, SearXNG: running
[2026-02-08T18:00:01+00:00] [INFO] Monitoring Docker containers
[2026-02-08T18:00:01+00:00] [INFO] Container searxng: running
[2026-02-08T18:00:01+00:00] [INFO] Monitoring cron tasks
[2026-02-08T18:00:01+00:00] [INFO] Last AI Research cron run: No data
[2026-02-08T18:00:01+00:00] [INFO] Checking service health
[2026-02-08T18:00:01+00:00] [INFO] SearXNG health check: OK
[2026-02-08T18:00:17+00:00] [INFO] OpenClaw Gateway health check: OK
[2026-02-08T18:00:17+00:00] [INFO] Generating monitoring report
[2026-02-08T18:00:17+00:00] [INFO] Monitoring completed
📊 **System Monitoring Report**

**Timestamp**: 2026-02-08T18:00:17+00:00

**System Resources**:
• CPU Usage: 4.5%
• Memory Usage: 49.2%
• Disk Usage: 81%

**Services**:
• Running Containers: 1
• SearXNG: running
• OpenClaw Gateway: running

**Health Checks**: ✅ All critical services monitored

Logs: `/root/clawd/logs/monitoring/system-monitor-20260208-180001.log`
[2026-02-08T18:30:01+00:00] [INFO] Starting system monitoring
[2026-02-08T18:30:01+00:00] [INFO] Starting metrics collection
[2026-02-08T18:30:01+00:00] [INFO] Metrics collected: CPU: 0.0%, Mem: 48.9%, Disk: 81%, SearXNG: running
[2026-02-08T18:30:02+00:00] [INFO] Monitoring Docker containers
[2026-02-08T18:30:02+00:00] [INFO] Container searxng: running
[2026-02-08T18:30:02+00:00] [INFO] Monitoring cron tasks
[2026-02-08T18:30:02+00:00] [INFO] Last AI Research cron run: No data
[2026-02-08T18:30:02+00:00] [INFO] Checking service health
[2026-02-08T18:30:02+00:00] [INFO] SearXNG health check: OK
[2026-02-08T18:30:17+00:00] [INFO] OpenClaw Gateway health check: OK
[2026-02-08T18:30:17+00:00] [INFO] Generating monitoring report
[2026-02-08T18:30:17+00:00] [INFO] Monitoring completed
📊 **System Monitoring Report**

**Timestamp**: 2026-02-08T18:30:17+00:00

**System Resources**:
• CPU Usage: 0.0%
• Memory Usage: 48.9%
• Disk Usage: 81%

**Services**:
• Running Containers: 1
• SearXNG: running
• OpenClaw Gateway: running

**Health Checks**: ✅ All critical services monitored

Logs: `/root/clawd/logs/monitoring/system-monitor-20260208-183001.log`
[2026-02-08T19:00:01+00:00] [INFO] Starting system monitoring
[2026-02-08T19:00:01+00:00] [INFO] Starting metrics collection
[2026-02-08T19:00:02+00:00] [INFO] Metrics collected: CPU: 0.0%, Mem: 48.6%, Disk: 81%, SearXNG: running
[2026-02-08T19:00:02+00:00] [INFO] Monitoring Docker containers
[2026-02-08T19:00:02+00:00] [INFO] Container searxng: running
[2026-02-08T19:00:02+00:00] [INFO] Monitoring cron tasks
[2026-02-08T19:00:02+00:00] [INFO] Last AI Research cron run: No data
[2026-02-08T19:00:02+00:00] [INFO] Checking service health
[2026-02-08T19:00:02+00:00] [INFO] SearXNG health check: OK
[2026-02-08T19:00:17+00:00] [INFO] OpenClaw Gateway health check: OK
[2026-02-08T19:00:17+00:00] [INFO] Generating monitoring report
[2026-02-08T19:00:17+00:00] [INFO] Monitoring completed
📊 **System Monitoring Report**

**Timestamp**: 2026-02-08T19:00:17+00:00

**System Resources**:
• CPU Usage: 0.0%
• Memory Usage: 48.6%
• Disk Usage: 81%

**Services**:
• Running Containers: 1
• SearXNG: running
• OpenClaw Gateway: running

**Health Checks**: ✅ All critical services monitored

Logs: `/root/clawd/logs/monitoring/system-monitor-20260208-190001.log`
[2026-02-08T19:30:01+00:00] [INFO] Starting system monitoring
[2026-02-08T19:30:01+00:00] [INFO] Starting metrics collection
[2026-02-08T19:30:02+00:00] [INFO] Metrics collected: CPU: 0.0%, Mem: 49.3%, Disk: 81%, SearXNG: running
[2026-02-08T19:30:02+00:00] [INFO] Monitoring Docker containers
[2026-02-08T19:30:02+00:00] [INFO] Container searxng: running
[2026-02-08T19:30:02+00:00] [INFO] Monitoring cron tasks
[2026-02-08T19:30:02+00:00] [INFO] Last AI Research cron run: No data
[2026-02-08T19:30:02+00:00] [INFO] Checking service health
[2026-02-08T19:30:02+00:00] [INFO] SearXNG health check: OK
[2026-02-08T19:30:17+00:00] [INFO] OpenClaw Gateway health check: OK
[2026-02-08T19:30:17+00:00] [INFO] Generating monitoring report
[2026-02-08T19:30:17+00:00] [INFO] Monitoring completed
📊 **System Monitoring Report**

**Timestamp**: 2026-02-08T19:30:17+00:00

**System Resources**:
• CPU Usage: 0.0%
• Memory Usage: 49.3%
• Disk Usage: 81%

**Services**:
• Running Containers: 1
• SearXNG: running
• OpenClaw Gateway: running

**Health Checks**: ✅ All critical services monitored

Logs: `/root/clawd/logs/monitoring/system-monitor-20260208-193001.log`
[2026-02-08T20:00:01+00:00] [INFO] Starting system monitoring
[2026-02-08T20:00:01+00:00] [INFO] Starting metrics collection
[2026-02-08T20:00:02+00:00] [INFO] Metrics collected: CPU: 52.4%, Mem: 48.8%, Disk: 81%, SearXNG: running
[2026-02-08T20:00:02+00:00] [INFO] Monitoring Docker containers
[2026-02-08T20:00:02+00:00] [INFO] Container searxng: running
[2026-02-08T20:00:02+00:00] [INFO] Monitoring cron tasks
[2026-02-08T20:00:02+00:00] [INFO] Last AI Research cron run: No data
[2026-02-08T20:00:02+00:00] [INFO] Checking service health
[2026-02-08T20:00:02+00:00] [INFO] SearXNG health check: OK
[2026-02-08T20:00:17+00:00] [INFO] OpenClaw Gateway health check: OK
[2026-02-08T20:00:17+00:00] [INFO] Generating monitoring report
[2026-02-08T20:00:17+00:00] [INFO] Monitoring completed
📊 **System Monitoring Report**

**Timestamp**: 2026-02-08T20:00:17+00:00

**System Resources**:
• CPU Usage: 52.4%
• Memory Usage: 48.8%
• Disk Usage: 81%

**Services**:
• Running Containers: 1
• SearXNG: running
• OpenClaw Gateway: running

**Health Checks**: ✅ All critical services monitored

Logs: `/root/clawd/logs/monitoring/system-monitor-20260208-200001.log`
[2026-02-08T20:30:01+00:00] [INFO] Starting system monitoring
[2026-02-08T20:30:01+00:00] [INFO] Starting metrics collection
[2026-02-08T20:30:02+00:00] [INFO] Metrics collected: CPU: 0.0%, Mem: 49.0%, Disk: 81%, SearXNG: running
[2026-02-08T20:30:02+00:00] [INFO] Monitoring Docker containers
[2026-02-08T20:30:02+00:00] [INFO] Container searxng: running
[2026-02-08T20:30:02+00:00] [INFO] Monitoring cron tasks
[2026-02-08T20:30:02+00:00] [INFO] Last AI Research cron run: No data
[2026-02-08T20:30:02+00:00] [INFO] Checking service health
[2026-02-08T20:30:02+00:00] [INFO] SearXNG health check: OK
[2026-02-08T20:30:17+00:00] [INFO] OpenClaw Gateway health check: OK
[2026-02-08T20:30:17+00:00] [INFO] Generating monitoring report
[2026-02-08T20:30:17+00:00] [INFO] Monitoring completed
📊 **System Monitoring Report**

**Timestamp**: 2026-02-08T20:30:17+00:00

**System Resources**:
• CPU Usage: 0.0%
• Memory Usage: 49.0%
• Disk Usage: 81%

**Services**:
• Running Containers: 1
• SearXNG: running
• OpenClaw Gateway: running

**Health Checks**: ✅ All critical services monitored

Logs: `/root/clawd/logs/monitoring/system-monitor-20260208-203001.log`
[2026-02-08T21:00:01+00:00] [INFO] Starting system monitoring
[2026-02-08T21:00:01+00:00] [INFO] Starting metrics collection
[2026-02-08T21:00:01+00:00] [INFO] Metrics collected: CPU: 0.0%, Mem: 48.6%, Disk: 81%, SearXNG: running
[2026-02-08T21:00:01+00:00] [INFO] Monitoring Docker containers
[2026-02-08T21:00:01+00:00] [INFO] Container searxng: running
[2026-02-08T21:00:02+00:00] [INFO] Monitoring cron tasks
[2026-02-08T21:00:02+00:00] [INFO] Last AI Research cron run: No data
[2026-02-08T21:00:02+00:00] [INFO] Checking service health
[2026-02-08T21:00:02+00:00] [INFO] SearXNG health check: OK
[2026-02-08T21:00:17+00:00] [INFO] OpenClaw Gateway health check: OK
[2026-02-08T21:00:17+00:00] [INFO] Generating monitoring report
[2026-02-08T21:00:17+00:00] [INFO] Monitoring completed
📊 **System Monitoring Report**

**Timestamp**: 2026-02-08T21:00:17+00:00

**System Resources**:
• CPU Usage: 0.0%
• Memory Usage: 48.6%
• Disk Usage: 81%

**Services**:
• Running Containers: 1
• SearXNG: running
• OpenClaw Gateway: running

**Health Checks**: ✅ All critical services monitored

Logs: `/root/clawd/logs/monitoring/system-monitor-20260208-210001.log`
[2026-02-08T21:30:01+00:00] [INFO] Starting system monitoring
[2026-02-08T21:30:01+00:00] [INFO] Starting metrics collection
[2026-02-08T21:30:01+00:00] [INFO] Metrics collected: CPU: 0.0%, Mem: 48.6%, Disk: 81%, SearXNG: running
[2026-02-08T21:30:01+00:00] [INFO] Monitoring Docker containers
[2026-02-08T21:30:01+00:00] [INFO] Container searxng: running
[2026-02-08T21:30:01+00:00] [INFO] Monitoring cron tasks
[2026-02-08T21:30:01+00:00] [INFO] Last AI Research cron run: No data
[2026-02-08T21:30:01+00:00] [INFO] Checking service health
[2026-02-08T21:30:01+00:00] [INFO] SearXNG health check: OK
[2026-02-08T21:30:17+00:00] [INFO] OpenClaw Gateway health check: OK
[2026-02-08T21:30:17+00:00] [INFO] Generating monitoring report
[2026-02-08T21:30:17+00:00] [INFO] Monitoring completed
📊 **System Monitoring Report**

**Timestamp**: 2026-02-08T21:30:17+00:00

**System Resources**:
• CPU Usage: 0.0%
• Memory Usage: 48.6%
• Disk Usage: 81%

**Services**:
• Running Containers: 1
• SearXNG: running
• OpenClaw Gateway: running

**Health Checks**: ✅ All critical services monitored

Logs: `/root/clawd/logs/monitoring/system-monitor-20260208-213001.log`
[2026-02-08T22:00:01+00:00] [INFO] Starting system monitoring
[2026-02-08T22:00:01+00:00] [INFO] Starting metrics collection
[2026-02-08T22:00:01+00:00] [INFO] Metrics collected: CPU: 0.0%, Mem: 49.1%, Disk: 81%, SearXNG: running
[2026-02-08T22:00:01+00:00] [INFO] Monitoring Docker containers
[2026-02-08T22:00:01+00:00] [INFO] Container searxng: running
[2026-02-08T22:00:01+00:00] [INFO] Monitoring cron tasks
[2026-02-08T22:00:01+00:00] [INFO] Last AI Research cron run: No data
[2026-02-08T22:00:01+00:00] [INFO] Checking service health
[2026-02-08T22:00:01+00:00] [INFO] SearXNG health check: OK
[2026-02-08T22:00:16+00:00] [INFO] OpenClaw Gateway health check: OK
[2026-02-08T22:00:16+00:00] [INFO] Generating monitoring report
[2026-02-08T22:00:16+00:00] [INFO] Monitoring completed
📊 **System Monitoring Report**

**Timestamp**: 2026-02-08T22:00:16+00:00

**System Resources**:
• CPU Usage: 0.0%
• Memory Usage: 49.1%
• Disk Usage: 81%

**Services**:
• Running Containers: 1
• SearXNG: running
• OpenClaw Gateway: running

**Health Checks**: ✅ All critical services monitored

Logs: `/root/clawd/logs/monitoring/system-monitor-20260208-220001.log`
[2026-02-08T22:30:01+00:00] [INFO] Starting system monitoring
[2026-02-08T22:30:01+00:00] [INFO] Starting metrics collection
[2026-02-08T22:30:02+00:00] [INFO] Metrics collected: CPU: 9.1%, Mem: 49.0%, Disk: 81%, SearXNG: running
[2026-02-08T22:30:02+00:00] [INFO] Monitoring Docker containers
[2026-02-08T22:30:02+00:00] [INFO] Container searxng: running
[2026-02-08T22:30:02+00:00] [INFO] Monitoring cron tasks
[2026-02-08T22:30:02+00:00] [INFO] Last AI Research cron run: No data
[2026-02-08T22:30:02+00:00] [INFO] Checking service health
[2026-02-08T22:30:02+00:00] [INFO] SearXNG health check: OK
[2026-02-08T22:30:17+00:00] [INFO] OpenClaw Gateway health check: OK
[2026-02-08T22:30:17+00:00] [INFO] Generating monitoring report
[2026-02-08T22:30:17+00:00] [INFO] Monitoring completed
📊 **System Monitoring Report**

**Timestamp**: 2026-02-08T22:30:17+00:00

**System Resources**:
• CPU Usage: 9.1%
• Memory Usage: 49.0%
• Disk Usage: 81%

**Services**:
• Running Containers: 1
• SearXNG: running
• OpenClaw Gateway: running

**Health Checks**: ✅ All critical services monitored

Logs: `/root/clawd/logs/monitoring/system-monitor-20260208-223001.log`
[2026-02-08T23:00:01+00:00] [INFO] Starting system monitoring
[2026-02-08T23:00:01+00:00] [INFO] Starting metrics collection
[2026-02-08T23:00:02+00:00] [INFO] Metrics collected: CPU: 4.5%, Mem: 49.0%, Disk: 81%, SearXNG: running
[2026-02-08T23:00:02+00:00] [INFO] Monitoring Docker containers
[2026-02-08T23:00:02+00:00] [INFO] Container searxng: running
[2026-02-08T23:00:02+00:00] [INFO] Monitoring cron tasks
[2026-02-08T23:00:02+00:00] [INFO] Last AI Research cron run: No data
[2026-02-08T23:00:02+00:00] [INFO] Checking service health
[2026-02-08T23:00:02+00:00] [INFO] SearXNG health check: OK
[2026-02-08T23:00:17+00:00] [INFO] OpenClaw Gateway health check: OK
[2026-02-08T23:00:17+00:00] [INFO] Generating monitoring report
[2026-02-08T23:00:17+00:00] [INFO] Monitoring completed
📊 **System Monitoring Report**

**Timestamp**: 2026-02-08T23:00:17+00:00

**System Resources**:
• CPU Usage: 4.5%
• Memory Usage: 49.0%
• Disk Usage: 81%

**Services**:
• Running Containers: 1
• SearXNG: running
• OpenClaw Gateway: running

**Health Checks**: ✅ All critical services monitored

Logs: `/root/clawd/logs/monitoring/system-monitor-20260208-230001.log`
[2026-02-08T23:30:01+00:00] [INFO] Starting system monitoring
[2026-02-08T23:30:01+00:00] [INFO] Starting metrics collection
[2026-02-08T23:30:01+00:00] [INFO] Metrics collected: CPU: 0.0%, Mem: 48.5%, Disk: 81%, SearXNG: running
[2026-02-08T23:30:01+00:00] [INFO] Monitoring Docker containers
[2026-02-08T23:30:01+00:00] [INFO] Container searxng: running
[2026-02-08T23:30:01+00:00] [INFO] Monitoring cron tasks
[2026-02-08T23:30:01+00:00] [INFO] Last AI Research cron run: No data
[2026-02-08T23:30:01+00:00] [INFO] Checking service health
[2026-02-08T23:30:01+00:00] [INFO] SearXNG health check: OK
[2026-02-08T23:30:17+00:00] [INFO] OpenClaw Gateway health check: OK
[2026-02-08T23:30:17+00:00] [INFO] Generating monitoring report
[2026-02-08T23:30:17+00:00] [INFO] Monitoring completed
📊 **System Monitoring Report**

**Timestamp**: 2026-02-08T23:30:17+00:00

**System Resources**:
• CPU Usage: 0.0%
• Memory Usage: 48.5%
• Disk Usage: 81%

**Services**:
• Running Containers: 1
• SearXNG: running
• OpenClaw Gateway: running

**Health Checks**: ✅ All critical services monitored

Logs: `/root/clawd/logs/monitoring/system-monitor-20260208-233001.log`
[2026-02-09T00:00:01+00:00] [INFO] Starting system monitoring
[2026-02-09T00:00:01+00:00] [INFO] Starting metrics collection
[2026-02-09T00:00:01+00:00] [INFO] Metrics collected: CPU: 47.6%, Mem: 49.1%, Disk: 81%, SearXNG: running
[2026-02-09T00:00:01+00:00] [INFO] Monitoring Docker containers
[2026-02-09T00:00:01+00:00] [INFO] Container searxng: running
[2026-02-09T00:00:01+00:00] [INFO] Monitoring cron tasks
[2026-02-09T00:00:01+00:00] [INFO] Last AI Research cron run: No data
[2026-02-09T00:00:01+00:00] [INFO] Checking service health
[2026-02-09T00:00:01+00:00] [INFO] SearXNG health check: OK
[2026-02-09T00:00:18+00:00] [INFO] OpenClaw Gateway health check: OK
[2026-02-09T00:00:18+00:00] [INFO] Generating monitoring report
[2026-02-09T00:00:18+00:00] [INFO] Monitoring completed
📊 **System Monitoring Report**

**Timestamp**: 2026-02-09T00:00:18+00:00

**System Resources**:
• CPU Usage: 47.6%
• Memory Usage: 49.1%
• Disk Usage: 81%

**Services**:
• Running Containers: 1
• SearXNG: running
• OpenClaw Gateway: running

**Health Checks**: ✅ All critical services monitored

Logs: `/root/clawd/logs/monitoring/system-monitor-20260209-000001.log`
[2026-02-09T00:30:01+00:00] [INFO] Starting system monitoring
[2026-02-09T00:30:01+00:00] [INFO] Starting metrics collection
[2026-02-09T00:30:02+00:00] [INFO] Metrics collected: CPU: 0.0%, Mem: 48.9%, Disk: 81%, SearXNG: running
[2026-02-09T00:30:02+00:00] [INFO] Monitoring Docker containers
[2026-02-09T00:30:02+00:00] [INFO] Container searxng: running
[2026-02-09T00:30:02+00:00] [INFO] Monitoring cron tasks
[2026-02-09T00:30:02+00:00] [INFO] Last AI Research cron run: No data
[2026-02-09T00:30:02+00:00] [INFO] Checking service health
[2026-02-09T00:30:02+00:00] [INFO] SearXNG health check: OK
[2026-02-09T00:30:17+00:00] [INFO] OpenClaw Gateway health check: OK
[2026-02-09T00:30:17+00:00] [INFO] Generating monitoring report
[2026-02-09T00:30:17+00:00] [INFO] Monitoring completed
📊 **System Monitoring Report**

**Timestamp**: 2026-02-09T00:30:17+00:00

**System Resources**:
• CPU Usage: 0.0%
• Memory Usage: 48.9%
• Disk Usage: 81%

**Services**:
• Running Containers: 1
• SearXNG: running
• OpenClaw Gateway: running

**Health Checks**: ✅ All critical services monitored

Logs: `/root/clawd/logs/monitoring/system-monitor-20260209-003001.log`
[2026-02-09T01:00:01+00:00] [INFO] Starting system monitoring
[2026-02-09T01:00:01+00:00] [INFO] Starting metrics collection
[2026-02-09T01:00:01+00:00] [INFO] Metrics collected: CPU: 0.0%, Mem: 49.0%, Disk: 81%, SearXNG: running
[2026-02-09T01:00:02+00:00] [INFO] Monitoring Docker containers
[2026-02-09T01:00:02+00:00] [INFO] Container searxng: running
[2026-02-09T01:00:02+00:00] [INFO] Monitoring cron tasks
[2026-02-09T01:00:02+00:00] [INFO] Last AI Research cron run: No data
[2026-02-09T01:00:02+00:00] [INFO] Checking service health
[2026-02-09T01:00:02+00:00] [INFO] SearXNG health check: OK
[2026-02-09T01:00:17+00:00] [INFO] OpenClaw Gateway health check: OK
[2026-02-09T01:00:17+00:00] [INFO] Generating monitoring report
[2026-02-09T01:00:17+00:00] [INFO] Monitoring completed
📊 **System Monitoring Report**

**Timestamp**: 2026-02-09T01:00:17+00:00

**System Resources**:
• CPU Usage: 0.0%
• Memory Usage: 49.0%
• Disk Usage: 81%

**Services**:
• Running Containers: 1
• SearXNG: running
• OpenClaw Gateway: running

**Health Checks**: ✅ All critical services monitored

Logs: `/root/clawd/logs/monitoring/system-monitor-20260209-010001.log`
[2026-02-09T01:30:01+00:00] [INFO] Starting system monitoring
[2026-02-09T01:30:01+00:00] [INFO] Starting metrics collection
[2026-02-09T01:30:01+00:00] [INFO] Metrics collected: CPU: 4.5%, Mem: 49.1%, Disk: 81%, SearXNG: running
[2026-02-09T01:30:01+00:00] [INFO] Monitoring Docker containers
[2026-02-09T01:30:02+00:00] [INFO] Container searxng: running
[2026-02-09T01:30:02+00:00] [INFO] Monitoring cron tasks
[2026-02-09T01:30:02+00:00] [INFO] Last AI Research cron run: No data
[2026-02-09T01:30:02+00:00] [INFO] Checking service health
[2026-02-09T01:30:02+00:00] [INFO] SearXNG health check: OK
[2026-02-09T01:30:17+00:00] [INFO] OpenClaw Gateway health check: OK
[2026-02-09T01:30:17+00:00] [INFO] Generating monitoring report
[2026-02-09T01:30:17+00:00] [INFO] Monitoring completed
📊 **System Monitoring Report**

**Timestamp**: 2026-02-09T01:30:17+00:00

**System Resources**:
• CPU Usage: 4.5%
• Memory Usage: 49.1%
• Disk Usage: 81%

**Services**:
• Running Containers: 1
• SearXNG: running
• OpenClaw Gateway: running

**Health Checks**: ✅ All critical services monitored

Logs: `/root/clawd/logs/monitoring/system-monitor-20260209-013001.log`
[2026-02-09T02:00:01+00:00] [INFO] Starting system monitoring
[2026-02-09T02:00:01+00:00] [INFO] Starting metrics collection
[2026-02-09T02:00:01+00:00] [INFO] Metrics collected: CPU: 63.6%, Mem: 49.0%, Disk: 81%, SearXNG: running
[2026-02-09T02:00:01+00:00] [INFO] Monitoring Docker containers
[2026-02-09T02:00:01+00:00] [INFO] Container searxng: running
[2026-02-09T02:00:01+00:00] [INFO] Monitoring cron tasks
[2026-02-09T02:00:01+00:00] [INFO] Last AI Research cron run: No data
[2026-02-09T02:00:01+00:00] [INFO] Checking service health
[2026-02-09T02:00:01+00:00] [INFO] SearXNG health check: OK
[2026-02-09T02:00:18+00:00] [INFO] OpenClaw Gateway health check: OK
[2026-02-09T02:00:18+00:00] [INFO] Generating monitoring report
[2026-02-09T02:00:18+00:00] [INFO] Monitoring completed
📊 **System Monitoring Report**

**Timestamp**: 2026-02-09T02:00:18+00:00

**System Resources**:
• CPU Usage: 63.6%
• Memory Usage: 49.0%
• Disk Usage: 81%

**Services**:
• Running Containers: 1
• SearXNG: running
• OpenClaw Gateway: running

**Health Checks**: ✅ All critical services monitored

Logs: `/root/clawd/logs/monitoring/system-monitor-20260209-020001.log`
[2026-02-09T02:30:01+00:00] [INFO] Starting system monitoring
[2026-02-09T02:30:01+00:00] [INFO] Starting metrics collection
[2026-02-09T02:30:01+00:00] [INFO] Metrics collected: CPU: 0.0%, Mem: 48.9%, Disk: 81%, SearXNG: running
[2026-02-09T02:30:01+00:00] [INFO] Monitoring Docker containers
[2026-02-09T02:30:01+00:00] [INFO] Container searxng: running
[2026-02-09T02:30:01+00:00] [INFO] Monitoring cron tasks
[2026-02-09T02:30:01+00:00] [INFO] Last AI Research cron run: No data
[2026-02-09T02:30:01+00:00] [INFO] Checking service health
[2026-02-09T02:30:01+00:00] [INFO] SearXNG health check: OK
[2026-02-09T02:30:17+00:00] [INFO] OpenClaw Gateway health check: OK
[2026-02-09T02:30:17+00:00] [INFO] Generating monitoring report
[2026-02-09T02:30:17+00:00] [INFO] Monitoring completed
📊 **System Monitoring Report**

**Timestamp**: 2026-02-09T02:30:17+00:00

**System Resources**:
• CPU Usage: 0.0%
• Memory Usage: 48.9%
• Disk Usage: 81%

**Services**:
• Running Containers: 1
• SearXNG: running
• OpenClaw Gateway: running

**Health Checks**: ✅ All critical services monitored

Logs: `/root/clawd/logs/monitoring/system-monitor-20260209-023001.log`
[2026-02-09T03:00:01+00:00] [INFO] Starting system monitoring
[2026-02-09T03:00:01+00:00] [INFO] Starting metrics collection
[2026-02-09T03:00:01+00:00] [INFO] Metrics collected: CPU: 0.0%, Mem: 49.6%, Disk: 81%, SearXNG: running
[2026-02-09T03:00:01+00:00] [INFO] Monitoring Docker containers
[2026-02-09T03:00:01+00:00] [INFO] Container searxng: running
[2026-02-09T03:00:01+00:00] [INFO] Monitoring cron tasks
[2026-02-09T03:00:01+00:00] [INFO] Last AI Research cron run: No data
[2026-02-09T03:00:01+00:00] [INFO] Checking service health
[2026-02-09T03:00:01+00:00] [INFO] SearXNG health check: OK
[2026-02-09T03:00:16+00:00] [INFO] OpenClaw Gateway health check: OK
[2026-02-09T03:00:16+00:00] [INFO] Generating monitoring report
[2026-02-09T03:00:16+00:00] [INFO] Monitoring completed
📊 **System Monitoring Report**

**Timestamp**: 2026-02-09T03:00:16+00:00

**System Resources**:
• CPU Usage: 0.0%
• Memory Usage: 49.6%
• Disk Usage: 81%

**Services**:
• Running Containers: 1
• SearXNG: running
• OpenClaw Gateway: running

**Health Checks**: ✅ All critical services monitored

Logs: `/root/clawd/logs/monitoring/system-monitor-20260209-030001.log`
[2026-02-09T03:30:01+00:00] [INFO] Starting system monitoring
[2026-02-09T03:30:01+00:00] [INFO] Starting metrics collection
[2026-02-09T03:30:02+00:00] [INFO] Metrics collected: CPU: 0.0%, Mem: 49.2%, Disk: 81%, SearXNG: running
[2026-02-09T03:30:02+00:00] [INFO] Monitoring Docker containers
[2026-02-09T03:30:02+00:00] [INFO] Container searxng: running
[2026-02-09T03:30:02+00:00] [INFO] Monitoring cron tasks
[2026-02-09T03:30:02+00:00] [INFO] Last AI Research cron run: No data
[2026-02-09T03:30:02+00:00] [INFO] Checking service health
[2026-02-09T03:30:02+00:00] [INFO] SearXNG health check: OK
[2026-02-09T03:30:17+00:00] [INFO] OpenClaw Gateway health check: OK
[2026-02-09T03:30:17+00:00] [INFO] Generating monitoring report
[2026-02-09T03:30:17+00:00] [INFO] Monitoring completed
📊 **System Monitoring Report**

**Timestamp**: 2026-02-09T03:30:17+00:00

**System Resources**:
• CPU Usage: 0.0%
• Memory Usage: 49.2%
• Disk Usage: 81%

**Services**:
• Running Containers: 1
• SearXNG: running
• OpenClaw Gateway: running

**Health Checks**: ✅ All critical services monitored

Logs: `/root/clawd/logs/monitoring/system-monitor-20260209-033001.log`
[2026-02-09T04:00:01+00:00] [INFO] Starting system monitoring
[2026-02-09T04:00:01+00:00] [INFO] Starting metrics collection
[2026-02-09T04:00:01+00:00] [INFO] Metrics collected: CPU: 0.0%, Mem: 51.7%, Disk: 81%, SearXNG: running
[2026-02-09T04:00:01+00:00] [INFO] Monitoring Docker containers
[2026-02-09T04:00:02+00:00] [INFO] Container searxng: running
[2026-02-09T04:00:02+00:00] [INFO] Monitoring cron tasks
[2026-02-09T04:00:02+00:00] [INFO] Last AI Research cron run: No data
[2026-02-09T04:00:02+00:00] [INFO] Checking service health
[2026-02-09T04:00:02+00:00] [INFO] SearXNG health check: OK
[2026-02-09T04:00:17+00:00] [INFO] OpenClaw Gateway health check: OK
[2026-02-09T04:00:17+00:00] [INFO] Generating monitoring report
[2026-02-09T04:00:17+00:00] [INFO] Monitoring completed
📊 **System Monitoring Report**

**Timestamp**: 2026-02-09T04:00:17+00:00

**System Resources**:
• CPU Usage: 0.0%
• Memory Usage: 51.7%
• Disk Usage: 81%

**Services**:
• Running Containers: 1
• SearXNG: running
• OpenClaw Gateway: running

**Health Checks**: ✅ All critical services monitored

Logs: `/root/clawd/logs/monitoring/system-monitor-20260209-040001.log`
[2026-02-09T04:30:01+00:00] [INFO] Starting system monitoring
[2026-02-09T04:30:01+00:00] [INFO] Starting metrics collection
[2026-02-09T04:30:01+00:00] [INFO] Metrics collected: CPU: 4.5%, Mem: 48.4%, Disk: 81%, SearXNG: running
[2026-02-09T04:30:01+00:00] [INFO] Monitoring Docker containers
[2026-02-09T04:30:02+00:00] [INFO] Container searxng: running
[2026-02-09T04:30:02+00:00] [INFO] Monitoring cron tasks
[2026-02-09T04:30:02+00:00] [INFO] Last AI Research cron run: No data
[2026-02-09T04:30:02+00:00] [INFO] Checking service health
[2026-02-09T04:30:02+00:00] [INFO] SearXNG health check: OK
[2026-02-09T04:30:17+00:00] [INFO] OpenClaw Gateway health check: OK
[2026-02-09T04:30:17+00:00] [INFO] Generating monitoring report
[2026-02-09T04:30:17+00:00] [INFO] Monitoring completed
📊 **System Monitoring Report**

**Timestamp**: 2026-02-09T04:30:17+00:00

**System Resources**:
• CPU Usage: 4.5%
• Memory Usage: 48.4%
• Disk Usage: 81%

**Services**:
• Running Containers: 1
• SearXNG: running
• OpenClaw Gateway: running

**Health Checks**: ✅ All critical services monitored

Logs: `/root/clawd/logs/monitoring/system-monitor-20260209-043001.log`
[2026-02-09T05:00:01+00:00] [INFO] Starting system monitoring
[2026-02-09T05:00:01+00:00] [INFO] Starting metrics collection
[2026-02-09T05:00:01+00:00] [INFO] Metrics collected: CPU: 4.8%, Mem: 48.1%, Disk: 81%, SearXNG: running
[2026-02-09T05:00:01+00:00] [INFO] Monitoring Docker containers
[2026-02-09T05:00:01+00:00] [INFO] Container searxng: running
[2026-02-09T05:00:01+00:00] [INFO] Monitoring cron tasks
[2026-02-09T05:00:01+00:00] [INFO] Last AI Research cron run: No data
[2026-02-09T05:00:01+00:00] [INFO] Checking service health
[2026-02-09T05:00:01+00:00] [INFO] SearXNG health check: OK
[2026-02-09T05:00:16+00:00] [INFO] OpenClaw Gateway health check: OK
[2026-02-09T05:00:16+00:00] [INFO] Generating monitoring report
[2026-02-09T05:00:16+00:00] [INFO] Monitoring completed
📊 **System Monitoring Report**

**Timestamp**: 2026-02-09T05:00:16+00:00

**System Resources**:
• CPU Usage: 4.8%
• Memory Usage: 48.1%
• Disk Usage: 81%

**Services**:
• Running Containers: 1
• SearXNG: running
• OpenClaw Gateway: running

**Health Checks**: ✅ All critical services monitored

Logs: `/root/clawd/logs/monitoring/system-monitor-20260209-050001.log`
[2026-02-09T05:30:01+00:00] [INFO] Starting system monitoring
[2026-02-09T05:30:01+00:00] [INFO] Starting metrics collection
[2026-02-09T05:30:01+00:00] [INFO] Metrics collected: CPU: 0.0%, Mem: 48.8%, Disk: 81%, SearXNG: running
[2026-02-09T05:30:01+00:00] [INFO] Monitoring Docker containers
[2026-02-09T05:30:01+00:00] [INFO] Container searxng: running
[2026-02-09T05:30:01+00:00] [INFO] Monitoring cron tasks
[2026-02-09T05:30:01+00:00] [INFO] Last AI Research cron run: No data
[2026-02-09T05:30:01+00:00] [INFO] Checking service health
[2026-02-09T05:30:01+00:00] [INFO] SearXNG health check: OK
[2026-02-09T05:30:16+00:00] [INFO] OpenClaw Gateway health check: OK
[2026-02-09T05:30:16+00:00] [INFO] Generating monitoring report
[2026-02-09T05:30:16+00:00] [INFO] Monitoring completed
📊 **System Monitoring Report**

**Timestamp**: 2026-02-09T05:30:16+00:00

**System Resources**:
• CPU Usage: 0.0%
• Memory Usage: 48.8%
• Disk Usage: 81%

**Services**:
• Running Containers: 1
• SearXNG: running
• OpenClaw Gateway: running

**Health Checks**: ✅ All critical services monitored

Logs: `/root/clawd/logs/monitoring/system-monitor-20260209-053001.log`
[2026-02-09T06:00:01+00:00] [INFO] Starting system monitoring
[2026-02-09T06:00:01+00:00] [INFO] Starting metrics collection
[2026-02-09T06:00:02+00:00] [INFO] Metrics collected: CPU: 0.0%, Mem: 49.4%, Disk: 81%, SearXNG: running
[2026-02-09T06:00:02+00:00] [INFO] Monitoring Docker containers
[2026-02-09T06:00:02+00:00] [INFO] Container searxng: running
[2026-02-09T06:00:02+00:00] [INFO] Monitoring cron tasks
[2026-02-09T06:00:02+00:00] [INFO] Last AI Research cron run: No data
[2026-02-09T06:00:02+00:00] [INFO] Checking service health
[2026-02-09T06:00:02+00:00] [INFO] SearXNG health check: OK
[2026-02-09T06:00:17+00:00] [INFO] OpenClaw Gateway health check: OK
[2026-02-09T06:00:17+00:00] [INFO] Generating monitoring report
[2026-02-09T06:00:17+00:00] [INFO] Monitoring completed
📊 **System Monitoring Report**

**Timestamp**: 2026-02-09T06:00:17+00:00

**System Resources**:
• CPU Usage: 0.0%
• Memory Usage: 49.4%
• Disk Usage: 81%

**Services**:
• Running Containers: 1
• SearXNG: running
• OpenClaw Gateway: running

**Health Checks**: ✅ All critical services monitored

Logs: `/root/clawd/logs/monitoring/system-monitor-20260209-060001.log`
[2026-02-09T06:30:01+00:00] [INFO] Starting system monitoring
[2026-02-09T06:30:01+00:00] [INFO] Starting metrics collection
[2026-02-09T06:30:01+00:00] [INFO] Metrics collected: CPU: 4.3%, Mem: 49.8%, Disk: 81%, SearXNG: running
[2026-02-09T06:30:01+00:00] [INFO] Monitoring Docker containers
[2026-02-09T06:30:01+00:00] [INFO] Container searxng: running
[2026-02-09T06:30:01+00:00] [INFO] Monitoring cron tasks
[2026-02-09T06:30:02+00:00] [INFO] Last AI Research cron run: No data
[2026-02-09T06:30:02+00:00] [INFO] Checking service health
[2026-02-09T06:30:02+00:00] [INFO] SearXNG health check: OK
[2026-02-09T06:30:17+00:00] [INFO] OpenClaw Gateway health check: OK
[2026-02-09T06:30:17+00:00] [INFO] Generating monitoring report
[2026-02-09T06:30:17+00:00] [INFO] Monitoring completed
📊 **System Monitoring Report**

**Timestamp**: 2026-02-09T06:30:17+00:00

**System Resources**:
• CPU Usage: 4.3%
• Memory Usage: 49.8%
• Disk Usage: 81%

**Services**:
• Running Containers: 1
• SearXNG: running
• OpenClaw Gateway: running

**Health Checks**: ✅ All critical services monitored

Logs: `/root/clawd/logs/monitoring/system-monitor-20260209-063001.log`
[2026-02-09T07:00:01+00:00] [INFO] Starting system monitoring
[2026-02-09T07:00:01+00:00] [INFO] Starting metrics collection
[2026-02-09T07:00:01+00:00] [INFO] Metrics collected: CPU: 4.5%, Mem: 49.1%, Disk: 81%, SearXNG: running
[2026-02-09T07:00:01+00:00] [INFO] Monitoring Docker containers
[2026-02-09T07:00:01+00:00] [INFO] Container searxng: running
[2026-02-09T07:00:01+00:00] [INFO] Monitoring cron tasks
[2026-02-09T07:00:01+00:00] [INFO] Last AI Research cron run: No data
[2026-02-09T07:00:01+00:00] [INFO] Checking service health
[2026-02-09T07:00:01+00:00] [INFO] SearXNG health check: OK
[2026-02-09T07:00:17+00:00] [INFO] OpenClaw Gateway health check: OK
[2026-02-09T07:00:17+00:00] [INFO] Generating monitoring report
[2026-02-09T07:00:17+00:00] [INFO] Monitoring completed
📊 **System Monitoring Report**

**Timestamp**: 2026-02-09T07:00:17+00:00

**System Resources**:
• CPU Usage: 4.5%
• Memory Usage: 49.1%
• Disk Usage: 81%

**Services**:
• Running Containers: 1
• SearXNG: running
• OpenClaw Gateway: running

**Health Checks**: ✅ All critical services monitored

Logs: `/root/clawd/logs/monitoring/system-monitor-20260209-070001.log`
[2026-02-09T07:30:01+00:00] [INFO] Starting system monitoring
[2026-02-09T07:30:01+00:00] [INFO] Starting metrics collection
[2026-02-09T07:30:01+00:00] [INFO] Metrics collected: CPU: 4.8%, Mem: 49.0%, Disk: 81%, SearXNG: running
[2026-02-09T07:30:01+00:00] [INFO] Monitoring Docker containers
[2026-02-09T07:30:01+00:00] [INFO] Container searxng: running
[2026-02-09T07:30:01+00:00] [INFO] Monitoring cron tasks
[2026-02-09T07:30:01+00:00] [INFO] Last AI Research cron run: No data
[2026-02-09T07:30:01+00:00] [INFO] Checking service health
[2026-02-09T07:30:01+00:00] [INFO] SearXNG health check: OK
[2026-02-09T07:30:16+00:00] [INFO] OpenClaw Gateway health check: OK
[2026-02-09T07:30:16+00:00] [INFO] Generating monitoring report
[2026-02-09T07:30:16+00:00] [INFO] Monitoring completed
📊 **System Monitoring Report**

**Timestamp**: 2026-02-09T07:30:16+00:00

**System Resources**:
• CPU Usage: 4.8%
• Memory Usage: 49.0%
• Disk Usage: 81%

**Services**:
• Running Containers: 1
• SearXNG: running
• OpenClaw Gateway: running

**Health Checks**: ✅ All critical services monitored

Logs: `/root/clawd/logs/monitoring/system-monitor-20260209-073001.log`
[2026-02-09T08:00:01+00:00] [INFO] Starting system monitoring
[2026-02-09T08:00:01+00:00] [INFO] Starting metrics collection
[2026-02-09T08:00:02+00:00] [INFO] Metrics collected: CPU: 85.7%, Mem: 48.6%, Disk: 81%, SearXNG: running
[2026-02-09T08:00:02+00:00] [WARN] CPU usage high: 85.7%
Config was last written by a newer Clawdbot (2026.1.24-3); current version is 2026.1.24-2.
✅ Sent via Slack. Message ID: 1770624017.586769
[2026-02-09T08:00:17+00:00] [INFO] Monitoring Docker containers
[2026-02-09T08:00:17+00:00] [INFO] Container searxng: running
[2026-02-09T08:00:17+00:00] [INFO] Monitoring cron tasks
[2026-02-09T08:00:17+00:00] [INFO] Last AI Research cron run: [1/5] 搜索: Claude AI updates 2026
[2026-02-09T08:00:17+00:00] [INFO] Checking service health
[2026-02-09T08:00:17+00:00] [INFO] SearXNG health check: OK
[2026-02-09T08:00:33+00:00] [INFO] OpenClaw Gateway health check: OK
[2026-02-09T08:00:33+00:00] [INFO] Generating monitoring report
[2026-02-09T08:00:33+00:00] [INFO] Monitoring completed
📊 **System Monitoring Report**

**Timestamp**: 2026-02-09T08:00:33+00:00

**System Resources**:
• CPU Usage: 85.7%
• Memory Usage: 48.6%
• Disk Usage: 81%

**Services**:
• Running Containers: 1
• SearXNG: running
• OpenClaw Gateway: running

**Health Checks**: ✅ All critical services monitored

Logs: `/root/clawd/logs/monitoring/system-monitor-20260209-080001.log`
[2026-02-09T08:30:01+00:00] [INFO] Starting system monitoring
[2026-02-09T08:30:01+00:00] [INFO] Starting metrics collection
[2026-02-09T08:30:02+00:00] [INFO] Metrics collected: CPU: 4.3%, Mem: 49.7%, Disk: 81%, SearXNG: running
[2026-02-09T08:30:02+00:00] [INFO] Monitoring Docker containers
[2026-02-09T08:30:02+00:00] [INFO] Container searxng: running
[2026-02-09T08:30:02+00:00] [INFO] Monitoring cron tasks
[2026-02-09T08:30:02+00:00] [INFO] Last AI Research cron run: tavily.errors.TimeoutError: Request timed out after 60 seconds.
[2026-02-09T08:30:02+00:00] [INFO] Checking service health
[2026-02-09T08:30:02+00:00] [INFO] SearXNG health check: OK
[2026-02-09T08:30:17+00:00] [INFO] OpenClaw Gateway health check: OK
[2026-02-09T08:30:17+00:00] [INFO] Generating monitoring report
[2026-02-09T08:30:17+00:00] [INFO] Monitoring completed
📊 **System Monitoring Report**

**Timestamp**: 2026-02-09T08:30:17+00:00

**System Resources**:
• CPU Usage: 4.3%
• Memory Usage: 49.7%
• Disk Usage: 81%

**Services**:
• Running Containers: 1
• SearXNG: running
• OpenClaw Gateway: running

**Health Checks**: ✅ All critical services monitored

Logs: `/root/clawd/logs/monitoring/system-monitor-20260209-083001.log`
[2026-02-09T09:00:01+00:00] [INFO] Starting system monitoring
[2026-02-09T09:00:01+00:00] [INFO] Starting metrics collection
[2026-02-09T09:00:01+00:00] [INFO] Metrics collected: CPU: 63.6%, Mem: 49.8%, Disk: 81%, SearXNG: running
[2026-02-09T09:00:02+00:00] [INFO] Monitoring Docker containers
[2026-02-09T09:00:02+00:00] [INFO] Container searxng: running
[2026-02-09T09:00:02+00:00] [INFO] Monitoring cron tasks
[2026-02-09T09:00:02+00:00] [INFO] Last AI Research cron run: tavily.errors.TimeoutError: Request timed out after 60 seconds.
[2026-02-09T09:00:02+00:00] [INFO] Checking service health
[2026-02-09T09:00:02+00:00] [INFO] SearXNG health check: OK
[2026-02-09T09:00:20+00:00] [INFO] OpenClaw Gateway health check: OK
[2026-02-09T09:00:20+00:00] [INFO] Generating monitoring report
[2026-02-09T09:00:20+00:00] [INFO] Monitoring completed
📊 **System Monitoring Report**

**Timestamp**: 2026-02-09T09:00:20+00:00

**System Resources**:
• CPU Usage: 63.6%
• Memory Usage: 49.8%
• Disk Usage: 81%

**Services**:
• Running Containers: 1
• SearXNG: running
• OpenClaw Gateway: running

**Health Checks**: ✅ All critical services monitored

Logs: `/root/clawd/logs/monitoring/system-monitor-20260209-090001.log`
[2026-02-09T09:30:01+00:00] [INFO] Starting system monitoring
[2026-02-09T09:30:01+00:00] [INFO] Starting metrics collection
[2026-02-09T09:30:02+00:00] [INFO] Metrics collected: CPU: 4.3%, Mem: 49.1%, Disk: 81%, SearXNG: running
[2026-02-09T09:30:02+00:00] [INFO] Monitoring Docker containers
[2026-02-09T09:30:02+00:00] [INFO] Container searxng: running
[2026-02-09T09:30:02+00:00] [INFO] Monitoring cron tasks
[2026-02-09T09:30:02+00:00] [INFO] Last AI Research cron run: tavily.errors.TimeoutError: Request timed out after 60 seconds.
[2026-02-09T09:30:02+00:00] [INFO] Checking service health
[2026-02-09T09:30:02+00:00] [INFO] SearXNG health check: OK
[2026-02-09T09:30:18+00:00] [INFO] OpenClaw Gateway health check: OK
[2026-02-09T09:30:18+00:00] [INFO] Generating monitoring report
[2026-02-09T09:30:18+00:00] [INFO] Monitoring completed
📊 **System Monitoring Report**

**Timestamp**: 2026-02-09T09:30:18+00:00

**System Resources**:
• CPU Usage: 4.3%
• Memory Usage: 49.1%
• Disk Usage: 81%

**Services**:
• Running Containers: 1
• SearXNG: running
• OpenClaw Gateway: running

**Health Checks**: ✅ All critical services monitored

Logs: `/root/clawd/logs/monitoring/system-monitor-20260209-093001.log`
[2026-02-09T10:00:01+00:00] [INFO] Starting system monitoring
[2026-02-09T10:00:01+00:00] [INFO] Starting metrics collection
[2026-02-09T10:00:01+00:00] [INFO] Metrics collected: CPU: 4.3%, Mem: 49.6%, Disk: 81%, SearXNG: running
[2026-02-09T10:00:01+00:00] [INFO] Monitoring Docker containers
[2026-02-09T10:00:01+00:00] [INFO] Container searxng: running
[2026-02-09T10:00:01+00:00] [INFO] Monitoring cron tasks
[2026-02-09T10:00:01+00:00] [INFO] Last AI Research cron run: tavily.errors.TimeoutError: Request timed out after 60 seconds.
[2026-02-09T10:00:01+00:00] [INFO] Checking service health
[2026-02-09T10:00:01+00:00] [INFO] SearXNG health check: OK
[2026-02-09T10:00:17+00:00] [INFO] OpenClaw Gateway health check: OK
[2026-02-09T10:00:17+00:00] [INFO] Generating monitoring report
[2026-02-09T10:00:17+00:00] [INFO] Monitoring completed
📊 **System Monitoring Report**

**Timestamp**: 2026-02-09T10:00:17+00:00

**System Resources**:
• CPU Usage: 4.3%
• Memory Usage: 49.6%
• Disk Usage: 81%

**Services**:
• Running Containers: 1
• SearXNG: running
• OpenClaw Gateway: running

**Health Checks**: ✅ All critical services monitored

Logs: `/root/clawd/logs/monitoring/system-monitor-20260209-100001.log`
[2026-02-09T10:30:01+00:00] [INFO] Starting system monitoring
[2026-02-09T10:30:01+00:00] [INFO] Starting metrics collection
[2026-02-09T10:30:01+00:00] [INFO] Metrics collected: CPU: 0.0%, Mem: 49.2%, Disk: 81%, SearXNG: running
[2026-02-09T10:30:01+00:00] [INFO] Monitoring Docker containers
[2026-02-09T10:30:01+00:00] [INFO] Container searxng: running
[2026-02-09T10:30:01+00:00] [INFO] Monitoring cron tasks
[2026-02-09T10:30:01+00:00] [INFO] Last AI Research cron run: tavily.errors.TimeoutError: Request timed out after 60 seconds.
[2026-02-09T10:30:01+00:00] [INFO] Checking service health
[2026-02-09T10:30:01+00:00] [INFO] SearXNG health check: OK
[2026-02-09T10:30:16+00:00] [INFO] OpenClaw Gateway health check: OK
[2026-02-09T10:30:16+00:00] [INFO] Generating monitoring report
[2026-02-09T10:30:17+00:00] [INFO] Monitoring completed
📊 **System Monitoring Report**

**Timestamp**: 2026-02-09T10:30:17+00:00

**System Resources**:
• CPU Usage: 0.0%
• Memory Usage: 49.2%
• Disk Usage: 81%

**Services**:
• Running Containers: 1
• SearXNG: running
• OpenClaw Gateway: running

**Health Checks**: ✅ All critical services monitored

Logs: `/root/clawd/logs/monitoring/system-monitor-20260209-103001.log`
[2026-02-09T11:00:01+00:00] [INFO] Starting system monitoring
[2026-02-09T11:00:01+00:00] [INFO] Starting metrics collection
[2026-02-09T11:00:01+00:00] [INFO] Metrics collected: CPU: 0.0%, Mem: 48.5%, Disk: 84%, SearXNG: running
[2026-02-09T11:00:01+00:00] [INFO] Monitoring Docker containers
[2026-02-09T11:00:01+00:00] [INFO] Container searxng: running
[2026-02-09T11:00:01+00:00] [INFO] Monitoring cron tasks
[2026-02-09T11:00:01+00:00] [INFO] Last AI Research cron run: tavily.errors.TimeoutError: Request timed out after 60 seconds.
[2026-02-09T11:00:01+00:00] [INFO] Checking service health
[2026-02-09T11:00:01+00:00] [INFO] SearXNG health check: OK
[2026-02-09T11:00:17+00:00] [INFO] OpenClaw Gateway health check: OK
[2026-02-09T11:00:17+00:00] [INFO] Generating monitoring report
[2026-02-09T11:00:17+00:00] [INFO] Monitoring completed
📊 **System Monitoring Report**

**Timestamp**: 2026-02-09T11:00:17+00:00

**System Resources**:
• CPU Usage: 0.0%
• Memory Usage: 48.5%
• Disk Usage: 84%

**Services**:
• Running Containers: 1
• SearXNG: running
• OpenClaw Gateway: running

**Health Checks**: ✅ All critical services monitored

Logs: `/root/clawd/logs/monitoring/system-monitor-20260209-110001.log`
[2026-02-09T11:30:01+00:00] [INFO] Starting system monitoring
[2026-02-09T11:30:01+00:00] [INFO] Starting metrics collection
[2026-02-09T11:30:01+00:00] [INFO] Metrics collected: CPU: 0.0%, Mem: 49.3%, Disk: 84%, SearXNG: running
[2026-02-09T11:30:01+00:00] [INFO] Monitoring Docker containers
[2026-02-09T11:30:01+00:00] [INFO] Container searxng: running
[2026-02-09T11:30:01+00:00] [INFO] Monitoring cron tasks
[2026-02-09T11:30:01+00:00] [INFO] Last AI Research cron run: tavily.errors.TimeoutError: Request timed out after 60 seconds.
[2026-02-09T11:30:01+00:00] [INFO] Checking service health
[2026-02-09T11:30:01+00:00] [INFO] SearXNG health check: OK
[2026-02-09T11:30:16+00:00] [INFO] OpenClaw Gateway health check: OK
[2026-02-09T11:30:16+00:00] [INFO] Generating monitoring report
[2026-02-09T11:30:16+00:00] [INFO] Monitoring completed
📊 **System Monitoring Report**

**Timestamp**: 2026-02-09T11:30:16+00:00

**System Resources**:
• CPU Usage: 0.0%
• Memory Usage: 49.3%
• Disk Usage: 84%

**Services**:
• Running Containers: 1
• SearXNG: running
• OpenClaw Gateway: running

**Health Checks**: ✅ All critical services monitored

Logs: `/root/clawd/logs/monitoring/system-monitor-20260209-113001.log`
[2026-02-09T12:00:01+00:00] [INFO] Starting system monitoring
[2026-02-09T12:00:01+00:00] [INFO] Starting metrics collection
[2026-02-09T12:00:02+00:00] [INFO] Metrics collected: CPU: 0.0%, Mem: 48.6%, Disk: 84%, SearXNG: running
[2026-02-09T12:00:02+00:00] [INFO] Monitoring Docker containers
[2026-02-09T12:00:02+00:00] [INFO] Container searxng: running
[2026-02-09T12:00:02+00:00] [INFO] Monitoring cron tasks
[2026-02-09T12:00:02+00:00] [INFO] Last AI Research cron run: tavily.errors.TimeoutError: Request timed out after 60 seconds.
[2026-02-09T12:00:02+00:00] [INFO] Checking service health
[2026-02-09T12:00:02+00:00] [INFO] SearXNG health check: OK
[2026-02-09T12:00:17+00:00] [INFO] OpenClaw Gateway health check: OK
[2026-02-09T12:00:17+00:00] [INFO] Generating monitoring report
[2026-02-09T12:00:17+00:00] [INFO] Monitoring completed
📊 **System Monitoring Report**

**Timestamp**: 2026-02-09T12:00:17+00:00

**System Resources**:
• CPU Usage: 0.0%
• Memory Usage: 48.6%
• Disk Usage: 84%

**Services**:
• Running Containers: 1
• SearXNG: running
• OpenClaw Gateway: running

**Health Checks**: ✅ All critical services monitored

Logs: `/root/clawd/logs/monitoring/system-monitor-20260209-120001.log`
[2026-02-09T12:30:01+00:00] [INFO] Starting system monitoring
[2026-02-09T12:30:01+00:00] [INFO] Starting metrics collection
[2026-02-09T12:30:02+00:00] [INFO] Metrics collected: CPU: 0.0%, Mem: 50.7%, Disk: 84%, SearXNG: running
[2026-02-09T12:30:02+00:00] [INFO] Monitoring Docker containers
[2026-02-09T12:30:02+00:00] [INFO] Container searxng: running
[2026-02-09T12:30:02+00:00] [INFO] Monitoring cron tasks
[2026-02-09T12:30:02+00:00] [INFO] Last AI Research cron run: tavily.errors.TimeoutError: Request timed out after 60 seconds.
[2026-02-09T12:30:02+00:00] [INFO] Checking service health
[2026-02-09T12:30:02+00:00] [INFO] SearXNG health check: OK
[2026-02-09T12:30:17+00:00] [INFO] OpenClaw Gateway health check: OK
[2026-02-09T12:30:17+00:00] [INFO] Generating monitoring report
[2026-02-09T12:30:17+00:00] [INFO] Monitoring completed
📊 **System Monitoring Report**

**Timestamp**: 2026-02-09T12:30:17+00:00

**System Resources**:
• CPU Usage: 0.0%
• Memory Usage: 50.7%
• Disk Usage: 84%

**Services**:
• Running Containers: 1
• SearXNG: running
• OpenClaw Gateway: running

**Health Checks**: ✅ All critical services monitored

Logs: `/root/clawd/logs/monitoring/system-monitor-20260209-123001.log`
[2026-02-09T13:00:01+00:00] [INFO] Starting system monitoring
[2026-02-09T13:00:01+00:00] [INFO] Starting metrics collection
[2026-02-09T13:00:02+00:00] [INFO] Metrics collected: CPU: 0.0%, Mem: 50.7%, Disk: 84%, SearXNG: running
[2026-02-09T13:00:02+00:00] [INFO] Monitoring Docker containers
[2026-02-09T13:00:02+00:00] [INFO] Container searxng: running
[2026-02-09T13:00:02+00:00] [INFO] Monitoring cron tasks
[2026-02-09T13:00:02+00:00] [INFO] Last AI Research cron run: tavily.errors.TimeoutError: Request timed out after 60 seconds.
[2026-02-09T13:00:02+00:00] [INFO] Checking service health
[2026-02-09T13:00:02+00:00] [INFO] SearXNG health check: OK
[2026-02-09T13:00:18+00:00] [INFO] OpenClaw Gateway health check: OK
[2026-02-09T13:00:18+00:00] [INFO] Generating monitoring report
[2026-02-09T13:00:18+00:00] [INFO] Monitoring completed
📊 **System Monitoring Report**

**Timestamp**: 2026-02-09T13:00:18+00:00

**System Resources**:
• CPU Usage: 0.0%
• Memory Usage: 50.7%
• Disk Usage: 84%

**Services**:
• Running Containers: 1
• SearXNG: running
• OpenClaw Gateway: running

**Health Checks**: ✅ All critical services monitored

Logs: `/root/clawd/logs/monitoring/system-monitor-20260209-130001.log`
[2026-02-09T13:30:01+00:00] [INFO] Starting system monitoring
[2026-02-09T13:30:01+00:00] [INFO] Starting metrics collection
[2026-02-09T13:30:01+00:00] [INFO] Metrics collected: CPU: 0.0%, Mem: 50.5%, Disk: 84%, SearXNG: running
[2026-02-09T13:30:01+00:00] [INFO] Monitoring Docker containers
[2026-02-09T13:30:01+00:00] [INFO] Container searxng: running
[2026-02-09T13:30:01+00:00] [INFO] Monitoring cron tasks
[2026-02-09T13:30:01+00:00] [INFO] Last AI Research cron run: tavily.errors.TimeoutError: Request timed out after 60 seconds.
[2026-02-09T13:30:01+00:00] [INFO] Checking service health
[2026-02-09T13:30:01+00:00] [INFO] SearXNG health check: OK
[2026-02-09T13:30:16+00:00] [INFO] OpenClaw Gateway health check: OK
[2026-02-09T13:30:16+00:00] [INFO] Generating monitoring report
[2026-02-09T13:30:17+00:00] [INFO] Monitoring completed
📊 **System Monitoring Report**

**Timestamp**: 2026-02-09T13:30:17+00:00

**System Resources**:
• CPU Usage: 0.0%
• Memory Usage: 50.5%
• Disk Usage: 84%

**Services**:
• Running Containers: 1
• SearXNG: running
• OpenClaw Gateway: running

**Health Checks**: ✅ All critical services monitored

Logs: `/root/clawd/logs/monitoring/system-monitor-20260209-133001.log`
[2026-02-09T14:00:01+00:00] [INFO] Starting system monitoring
[2026-02-09T14:00:01+00:00] [INFO] Starting metrics collection
[2026-02-09T14:00:01+00:00] [INFO] Metrics collected: CPU: 18.2%, Mem: 52.0%, Disk: 84%, SearXNG: running
[2026-02-09T14:00:01+00:00] [INFO] Monitoring Docker containers
[2026-02-09T14:00:01+00:00] [INFO] Container searxng: running
[2026-02-09T14:00:01+00:00] [INFO] Monitoring cron tasks
[2026-02-09T14:00:01+00:00] [INFO] Last AI Research cron run: tavily.errors.TimeoutError: Request timed out after 60 seconds.
[2026-02-09T14:00:01+00:00] [INFO] Checking service health
[2026-02-09T14:00:01+00:00] [INFO] SearXNG health check: OK
[2026-02-09T14:00:17+00:00] [INFO] OpenClaw Gateway health check: OK
[2026-02-09T14:00:17+00:00] [INFO] Generating monitoring report
[2026-02-09T14:00:17+00:00] [INFO] Monitoring completed
📊 **System Monitoring Report**

**Timestamp**: 2026-02-09T14:00:17+00:00

**System Resources**:
• CPU Usage: 18.2%
• Memory Usage: 52.0%
• Disk Usage: 84%

**Services**:
• Running Containers: 1
• SearXNG: running
• OpenClaw Gateway: running

**Health Checks**: ✅ All critical services monitored

Logs: `/root/clawd/logs/monitoring/system-monitor-20260209-140001.log`
[2026-02-09T14:30:01+00:00] [INFO] Starting system monitoring
[2026-02-09T14:30:01+00:00] [INFO] Starting metrics collection
[2026-02-09T14:30:01+00:00] [INFO] Metrics collected: CPU: 0.0%, Mem: 51.6%, Disk: 84%, SearXNG: running
[2026-02-09T14:30:01+00:00] [INFO] Monitoring Docker containers
[2026-02-09T14:30:01+00:00] [INFO] Container searxng: running
[2026-02-09T14:30:01+00:00] [INFO] Monitoring cron tasks
[2026-02-09T14:30:01+00:00] [INFO] Last AI Research cron run: tavily.errors.TimeoutError: Request timed out after 60 seconds.
[2026-02-09T14:30:01+00:00] [INFO] Checking service health
[2026-02-09T14:30:02+00:00] [INFO] SearXNG health check: OK
[2026-02-09T14:30:17+00:00] [INFO] OpenClaw Gateway health check: OK
[2026-02-09T14:30:18+00:00] [INFO] Generating monitoring report
[2026-02-09T14:30:18+00:00] [INFO] Monitoring completed
📊 **System Monitoring Report**

**Timestamp**: 2026-02-09T14:30:18+00:00

**System Resources**:
• CPU Usage: 0.0%
• Memory Usage: 51.6%
• Disk Usage: 84%

**Services**:
• Running Containers: 1
• SearXNG: running
• OpenClaw Gateway: running

**Health Checks**: ✅ All critical services monitored

Logs: `/root/clawd/logs/monitoring/system-monitor-20260209-143001.log`
[2026-02-09T15:00:01+00:00] [INFO] Starting system monitoring
[2026-02-09T15:00:01+00:00] [INFO] Starting metrics collection
[2026-02-09T15:00:01+00:00] [INFO] Metrics collected: CPU: 0.0%, Mem: 49.1%, Disk: 84%, SearXNG: running
[2026-02-09T15:00:01+00:00] [INFO] Monitoring Docker containers
[2026-02-09T15:00:01+00:00] [INFO] Container searxng: running
[2026-02-09T15:00:01+00:00] [INFO] Monitoring cron tasks
[2026-02-09T15:00:01+00:00] [INFO] Last AI Research cron run: tavily.errors.TimeoutError: Request timed out after 60 seconds.
[2026-02-09T15:00:01+00:00] [INFO] Checking service health
[2026-02-09T15:00:01+00:00] [INFO] SearXNG health check: OK
[2026-02-09T15:00:17+00:00] [INFO] OpenClaw Gateway health check: OK
[2026-02-09T15:00:17+00:00] [INFO] Generating monitoring report
[2026-02-09T15:00:17+00:00] [INFO] Monitoring completed
📊 **System Monitoring Report**

**Timestamp**: 2026-02-09T15:00:17+00:00

**System Resources**:
• CPU Usage: 0.0%
• Memory Usage: 49.1%
• Disk Usage: 84%

**Services**:
• Running Containers: 1
• SearXNG: running
• OpenClaw Gateway: running

**Health Checks**: ✅ All critical services monitored

Logs: `/root/clawd/logs/monitoring/system-monitor-20260209-150001.log`
[2026-02-09T15:30:01+00:00] [INFO] Starting system monitoring
[2026-02-09T15:30:01+00:00] [INFO] Starting metrics collection
[2026-02-09T15:30:01+00:00] [INFO] Metrics collected: CPU: 91.3%, Mem: 49.7%, Disk: 84%, SearXNG: running
[2026-02-09T15:30:01+00:00] [WARN] CPU usage high: 91.3%
Config was last written by a newer Clawdbot (2026.1.24-3); current version is 2026.1.24-2.
✅ Sent via Slack. Message ID: 1770651018.036449
[2026-02-09T15:30:18+00:00] [INFO] Monitoring Docker containers
[2026-02-09T15:30:18+00:00] [INFO] Container searxng: running
[2026-02-09T15:30:18+00:00] [INFO] Monitoring cron tasks
[2026-02-09T15:30:18+00:00] [INFO] Last AI Research cron run: tavily.errors.TimeoutError: Request timed out after 60 seconds.
[2026-02-09T15:30:18+00:00] [INFO] Checking service health
[2026-02-09T15:30:18+00:00] [INFO] SearXNG health check: OK
[2026-02-09T15:30:34+00:00] [INFO] OpenClaw Gateway health check: OK
[2026-02-09T15:30:34+00:00] [INFO] Generating monitoring report
[2026-02-09T15:30:34+00:00] [INFO] Monitoring completed
📊 **System Monitoring Report**

**Timestamp**: 2026-02-09T15:30:34+00:00

**System Resources**:
• CPU Usage: 91.3%
• Memory Usage: 49.7%
• Disk Usage: 84%

**Services**:
• Running Containers: 1
• SearXNG: running
• OpenClaw Gateway: running

**Health Checks**: ✅ All critical services monitored

Logs: `/root/clawd/logs/monitoring/system-monitor-20260209-153001.log`
[2026-02-09T16:00:01+00:00] [INFO] Starting system monitoring
[2026-02-09T16:00:01+00:00] [INFO] Starting metrics collection
[2026-02-09T16:00:01+00:00] [INFO] Metrics collected: CPU: 56.5%, Mem: 49.6%, Disk: 84%, SearXNG: running
[2026-02-09T16:00:01+00:00] [INFO] Monitoring Docker containers
[2026-02-09T16:00:01+00:00] [INFO] Container searxng: running
[2026-02-09T16:00:01+00:00] [INFO] Monitoring cron tasks
[2026-02-09T16:00:01+00:00] [INFO] Last AI Research cron run: tavily.errors.TimeoutError: Request timed out after 60 seconds.
[2026-02-09T16:00:01+00:00] [INFO] Checking service health
[2026-02-09T16:00:01+00:00] [INFO] SearXNG health check: OK
[2026-02-09T16:00:17+00:00] [INFO] OpenClaw Gateway health check: OK
[2026-02-09T16:00:17+00:00] [INFO] Generating monitoring report
[2026-02-09T16:00:17+00:00] [INFO] Monitoring completed
📊 **System Monitoring Report**

**Timestamp**: 2026-02-09T16:00:17+00:00

**System Resources**:
• CPU Usage: 56.5%
• Memory Usage: 49.6%
• Disk Usage: 84%

**Services**:
• Running Containers: 1
• SearXNG: running
• OpenClaw Gateway: running

**Health Checks**: ✅ All critical services monitored

Logs: `/root/clawd/logs/monitoring/system-monitor-20260209-160001.log`
[2026-02-09T16:30:01+00:00] [INFO] Starting system monitoring
[2026-02-09T16:30:01+00:00] [INFO] Starting metrics collection
[2026-02-09T16:30:01+00:00] [INFO] Metrics collected: CPU: 50.0%, Mem: 49.3%, Disk: 84%, SearXNG: running
[2026-02-09T16:30:01+00:00] [INFO] Monitoring Docker containers
[2026-02-09T16:30:01+00:00] [INFO] Container searxng: running
[2026-02-09T16:30:01+00:00] [INFO] Monitoring cron tasks
[2026-02-09T16:30:01+00:00] [INFO] Last AI Research cron run: tavily.errors.TimeoutError: Request timed out after 60 seconds.
[2026-02-09T16:30:01+00:00] [INFO] Checking service health
[2026-02-09T16:30:01+00:00] [INFO] SearXNG health check: OK
[2026-02-09T16:30:16+00:00] [INFO] OpenClaw Gateway health check: OK
[2026-02-09T16:30:16+00:00] [INFO] Generating monitoring report
[2026-02-09T16:30:16+00:00] [INFO] Monitoring completed
📊 **System Monitoring Report**

**Timestamp**: 2026-02-09T16:30:16+00:00

**System Resources**:
• CPU Usage: 50.0%
• Memory Usage: 49.3%
• Disk Usage: 84%

**Services**:
• Running Containers: 1
• SearXNG: running
• OpenClaw Gateway: running

**Health Checks**: ✅ All critical services monitored

Logs: `/root/clawd/logs/monitoring/system-monitor-20260209-163001.log`
[2026-02-09T17:00:01+00:00] [INFO] Starting system monitoring
[2026-02-09T17:00:01+00:00] [INFO] Starting metrics collection
[2026-02-09T17:00:02+00:00] [INFO] Metrics collected: CPU: 0.0%, Mem: 49.8%, Disk: 84%, SearXNG: running
[2026-02-09T17:00:02+00:00] [INFO] Monitoring Docker containers
[2026-02-09T17:00:02+00:00] [INFO] Container searxng: running
[2026-02-09T17:00:02+00:00] [INFO] Monitoring cron tasks
[2026-02-09T17:00:02+00:00] [INFO] Last AI Research cron run: tavily.errors.TimeoutError: Request timed out after 60 seconds.
[2026-02-09T17:00:02+00:00] [INFO] Checking service health
[2026-02-09T17:00:02+00:00] [INFO] SearXNG health check: OK
[2026-02-09T17:00:17+00:00] [INFO] OpenClaw Gateway health check: OK
[2026-02-09T17:00:17+00:00] [INFO] Generating monitoring report
[2026-02-09T17:00:17+00:00] [INFO] Monitoring completed
📊 **System Monitoring Report**

**Timestamp**: 2026-02-09T17:00:17+00:00

**System Resources**:
• CPU Usage: 0.0%
• Memory Usage: 49.8%
• Disk Usage: 84%

**Services**:
• Running Containers: 1
• SearXNG: running
• OpenClaw Gateway: running

**Health Checks**: ✅ All critical services monitored

Logs: `/root/clawd/logs/monitoring/system-monitor-20260209-170001.log`
[2026-02-09T17:30:01+00:00] [INFO] Starting system monitoring
[2026-02-09T17:30:01+00:00] [INFO] Starting metrics collection
[2026-02-09T17:30:01+00:00] [INFO] Metrics collected: CPU: 22.7%, Mem: 49.6%, Disk: 84%, SearXNG: running
[2026-02-09T17:30:01+00:00] [INFO] Monitoring Docker containers
[2026-02-09T17:30:01+00:00] [INFO] Container searxng: running
[2026-02-09T17:30:02+00:00] [INFO] Monitoring cron tasks
[2026-02-09T17:30:02+00:00] [INFO] Last AI Research cron run: tavily.errors.TimeoutError: Request timed out after 60 seconds.
[2026-02-09T17:30:02+00:00] [INFO] Checking service health
[2026-02-09T17:30:02+00:00] [INFO] SearXNG health check: OK
[2026-02-09T17:30:17+00:00] [INFO] OpenClaw Gateway health check: OK
[2026-02-09T17:30:17+00:00] [INFO] Generating monitoring report
[2026-02-09T17:30:17+00:00] [INFO] Monitoring completed
📊 **System Monitoring Report**

**Timestamp**: 2026-02-09T17:30:17+00:00

**System Resources**:
• CPU Usage: 22.7%
• Memory Usage: 49.6%
• Disk Usage: 84%

**Services**:
• Running Containers: 1
• SearXNG: running
• OpenClaw Gateway: running

**Health Checks**: ✅ All critical services monitored

Logs: `/root/clawd/logs/monitoring/system-monitor-20260209-173001.log`
[2026-02-09T18:00:01+00:00] [INFO] Starting system monitoring
[2026-02-09T18:00:01+00:00] [INFO] Starting metrics collection
[2026-02-09T18:00:02+00:00] [INFO] Metrics collected: CPU: 0.0%, Mem: 49.8%, Disk: 84%, SearXNG: running
[2026-02-09T18:00:02+00:00] [INFO] Monitoring Docker containers
[2026-02-09T18:00:02+00:00] [INFO] Container searxng: running
[2026-02-09T18:00:02+00:00] [INFO] Monitoring cron tasks
[2026-02-09T18:00:02+00:00] [INFO] Last AI Research cron run: tavily.errors.TimeoutError: Request timed out after 60 seconds.
[2026-02-09T18:00:02+00:00] [INFO] Checking service health
[2026-02-09T18:00:02+00:00] [INFO] SearXNG health check: OK
[2026-02-09T18:00:17+00:00] [INFO] OpenClaw Gateway health check: OK
[2026-02-09T18:00:17+00:00] [INFO] Generating monitoring report
[2026-02-09T18:00:17+00:00] [INFO] Monitoring completed
📊 **System Monitoring Report**

**Timestamp**: 2026-02-09T18:00:17+00:00

**System Resources**:
• CPU Usage: 0.0%
• Memory Usage: 49.8%
• Disk Usage: 84%

**Services**:
• Running Containers: 1
• SearXNG: running
• OpenClaw Gateway: running

**Health Checks**: ✅ All critical services monitored

Logs: `/root/clawd/logs/monitoring/system-monitor-20260209-180001.log`
[2026-02-09T18:30:01+00:00] [INFO] Starting system monitoring
[2026-02-09T18:30:01+00:00] [INFO] Starting metrics collection
[2026-02-09T18:30:01+00:00] [INFO] Metrics collected: CPU: 0.0%, Mem: 49.7%, Disk: 84%, SearXNG: running
[2026-02-09T18:30:01+00:00] [INFO] Monitoring Docker containers
[2026-02-09T18:30:01+00:00] [INFO] Container searxng: running
[2026-02-09T18:30:01+00:00] [INFO] Monitoring cron tasks
[2026-02-09T18:30:01+00:00] [INFO] Last AI Research cron run: tavily.errors.TimeoutError: Request timed out after 60 seconds.
[2026-02-09T18:30:01+00:00] [INFO] Checking service health
[2026-02-09T18:30:01+00:00] [INFO] SearXNG health check: OK
[2026-02-09T18:30:17+00:00] [INFO] OpenClaw Gateway health check: OK
[2026-02-09T18:30:17+00:00] [INFO] Generating monitoring report
[2026-02-09T18:30:17+00:00] [INFO] Monitoring completed
📊 **System Monitoring Report**

**Timestamp**: 2026-02-09T18:30:17+00:00

**System Resources**:
• CPU Usage: 0.0%
• Memory Usage: 49.7%
• Disk Usage: 84%

**Services**:
• Running Containers: 1
• SearXNG: running
• OpenClaw Gateway: running

**Health Checks**: ✅ All critical services monitored

Logs: `/root/clawd/logs/monitoring/system-monitor-20260209-183001.log`
[2026-02-09T19:00:01+00:00] [INFO] Starting system monitoring
[2026-02-09T19:00:01+00:00] [INFO] Starting metrics collection
[2026-02-09T19:00:01+00:00] [INFO] Metrics collected: CPU: 0.0%, Mem: 50.0%, Disk: 84%, SearXNG: running
[2026-02-09T19:00:01+00:00] [INFO] Monitoring Docker containers
[2026-02-09T19:00:01+00:00] [INFO] Container searxng: running
[2026-02-09T19:00:01+00:00] [INFO] Monitoring cron tasks
[2026-02-09T19:00:01+00:00] [INFO] Last AI Research cron run: tavily.errors.TimeoutError: Request timed out after 60 seconds.
[2026-02-09T19:00:01+00:00] [INFO] Checking service health
[2026-02-09T19:00:01+00:00] [INFO] SearXNG health check: OK
[2026-02-09T19:00:17+00:00] [INFO] OpenClaw Gateway health check: OK
[2026-02-09T19:00:17+00:00] [INFO] Generating monitoring report
[2026-02-09T19:00:17+00:00] [INFO] Monitoring completed
📊 **System Monitoring Report**

**Timestamp**: 2026-02-09T19:00:17+00:00

**System Resources**:
• CPU Usage: 0.0%
• Memory Usage: 50.0%
• Disk Usage: 84%

**Services**:
• Running Containers: 1
• SearXNG: running
• OpenClaw Gateway: running

**Health Checks**: ✅ All critical services monitored

Logs: `/root/clawd/logs/monitoring/system-monitor-20260209-190001.log`
[2026-02-09T19:30:01+00:00] [INFO] Starting system monitoring
[2026-02-09T19:30:01+00:00] [INFO] Starting metrics collection
[2026-02-09T19:30:01+00:00] [INFO] Metrics collected: CPU: 4.3%, Mem: 49.8%, Disk: 84%, SearXNG: running
[2026-02-09T19:30:01+00:00] [INFO] Monitoring Docker containers
[2026-02-09T19:30:01+00:00] [INFO] Container searxng: running
[2026-02-09T19:30:01+00:00] [INFO] Monitoring cron tasks
[2026-02-09T19:30:01+00:00] [INFO] Last AI Research cron run: tavily.errors.TimeoutError: Request timed out after 60 seconds.
[2026-02-09T19:30:01+00:00] [INFO] Checking service health
[2026-02-09T19:30:01+00:00] [INFO] SearXNG health check: OK
[2026-02-09T19:30:16+00:00] [INFO] OpenClaw Gateway health check: OK
[2026-02-09T19:30:16+00:00] [INFO] Generating monitoring report
[2026-02-09T19:30:16+00:00] [INFO] Monitoring completed
📊 **System Monitoring Report**

**Timestamp**: 2026-02-09T19:30:16+00:00

**System Resources**:
• CPU Usage: 4.3%
• Memory Usage: 49.8%
• Disk Usage: 84%

**Services**:
• Running Containers: 1
• SearXNG: running
• OpenClaw Gateway: running

**Health Checks**: ✅ All critical services monitored

Logs: `/root/clawd/logs/monitoring/system-monitor-20260209-193001.log`
[2026-02-09T20:00:01+00:00] [INFO] Starting system monitoring
[2026-02-09T20:00:01+00:00] [INFO] Starting metrics collection
[2026-02-09T20:00:02+00:00] [INFO] Metrics collected: CPU: 40.9%, Mem: 49.7%, Disk: 84%, SearXNG: running
[2026-02-09T20:00:02+00:00] [INFO] Monitoring Docker containers
[2026-02-09T20:00:02+00:00] [INFO] Container searxng: running
[2026-02-09T20:00:02+00:00] [INFO] Monitoring cron tasks
[2026-02-09T20:00:02+00:00] [INFO] Last AI Research cron run: tavily.errors.TimeoutError: Request timed out after 60 seconds.
[2026-02-09T20:00:02+00:00] [INFO] Checking service health
[2026-02-09T20:00:02+00:00] [INFO] SearXNG health check: OK
[2026-02-09T20:00:17+00:00] [INFO] OpenClaw Gateway health check: OK
[2026-02-09T20:00:17+00:00] [INFO] Generating monitoring report
[2026-02-09T20:00:18+00:00] [INFO] Monitoring completed
📊 **System Monitoring Report**

**Timestamp**: 2026-02-09T20:00:18+00:00

**System Resources**:
• CPU Usage: 40.9%
• Memory Usage: 49.7%
• Disk Usage: 84%

**Services**:
• Running Containers: 1
• SearXNG: running
• OpenClaw Gateway: running

**Health Checks**: ✅ All critical services monitored

Logs: `/root/clawd/logs/monitoring/system-monitor-20260209-200001.log`
[2026-02-09T20:30:01+00:00] [INFO] Starting system monitoring
[2026-02-09T20:30:01+00:00] [INFO] Starting metrics collection
[2026-02-09T20:30:01+00:00] [INFO] Metrics collected: CPU: 0.0%, Mem: 48.8%, Disk: 84%, SearXNG: running
[2026-02-09T20:30:01+00:00] [INFO] Monitoring Docker containers
[2026-02-09T20:30:01+00:00] [INFO] Container searxng: running
[2026-02-09T20:30:01+00:00] [INFO] Monitoring cron tasks
[2026-02-09T20:30:01+00:00] [INFO] Last AI Research cron run: tavily.errors.TimeoutError: Request timed out after 60 seconds.
[2026-02-09T20:30:01+00:00] [INFO] Checking service health
[2026-02-09T20:30:01+00:00] [INFO] SearXNG health check: OK
[2026-02-09T20:30:17+00:00] [INFO] OpenClaw Gateway health check: OK
[2026-02-09T20:30:17+00:00] [INFO] Generating monitoring report
[2026-02-09T20:30:17+00:00] [INFO] Monitoring completed
📊 **System Monitoring Report**

**Timestamp**: 2026-02-09T20:30:17+00:00

**System Resources**:
• CPU Usage: 0.0%
• Memory Usage: 48.8%
• Disk Usage: 84%

**Services**:
• Running Containers: 1
• SearXNG: running
• OpenClaw Gateway: running

**Health Checks**: ✅ All critical services monitored

Logs: `/root/clawd/logs/monitoring/system-monitor-20260209-203001.log`
[2026-02-09T21:00:01+00:00] [INFO] Starting system monitoring
[2026-02-09T21:00:01+00:00] [INFO] Starting metrics collection
[2026-02-09T21:00:02+00:00] [INFO] Metrics collected: CPU: 0.0%, Mem: 49.5%, Disk: 84%, SearXNG: running
[2026-02-09T21:00:02+00:00] [INFO] Monitoring Docker containers
[2026-02-09T21:00:02+00:00] [INFO] Container searxng: running
[2026-02-09T21:00:02+00:00] [INFO] Monitoring cron tasks
[2026-02-09T21:00:02+00:00] [INFO] Last AI Research cron run: tavily.errors.TimeoutError: Request timed out after 60 seconds.
[2026-02-09T21:00:02+00:00] [INFO] Checking service health
[2026-02-09T21:00:02+00:00] [INFO] SearXNG health check: OK
[2026-02-09T21:00:17+00:00] [INFO] OpenClaw Gateway health check: OK
[2026-02-09T21:00:17+00:00] [INFO] Generating monitoring report
[2026-02-09T21:00:17+00:00] [INFO] Monitoring completed
📊 **System Monitoring Report**

**Timestamp**: 2026-02-09T21:00:17+00:00

**System Resources**:
• CPU Usage: 0.0%
• Memory Usage: 49.5%
• Disk Usage: 84%

**Services**:
• Running Containers: 1
• SearXNG: running
• OpenClaw Gateway: running

**Health Checks**: ✅ All critical services monitored

Logs: `/root/clawd/logs/monitoring/system-monitor-20260209-210001.log`
[2026-02-09T21:30:01+00:00] [INFO] Starting system monitoring
[2026-02-09T21:30:01+00:00] [INFO] Starting metrics collection
[2026-02-09T21:30:02+00:00] [INFO] Metrics collected: CPU: 0.0%, Mem: 50.6%, Disk: 84%, SearXNG: running
[2026-02-09T21:30:02+00:00] [INFO] Monitoring Docker containers
[2026-02-09T21:30:02+00:00] [INFO] Container searxng: running
[2026-02-09T21:30:02+00:00] [INFO] Monitoring cron tasks
[2026-02-09T21:30:02+00:00] [INFO] Last AI Research cron run: tavily.errors.TimeoutError: Request timed out after 60 seconds.
[2026-02-09T21:30:02+00:00] [INFO] Checking service health
[2026-02-09T21:30:02+00:00] [INFO] SearXNG health check: OK
[2026-02-09T21:30:18+00:00] [INFO] OpenClaw Gateway health check: OK
[2026-02-09T21:30:18+00:00] [INFO] Generating monitoring report
[2026-02-09T21:30:18+00:00] [INFO] Monitoring completed
📊 **System Monitoring Report**

**Timestamp**: 2026-02-09T21:30:18+00:00

**System Resources**:
• CPU Usage: 0.0%
• Memory Usage: 50.6%
• Disk Usage: 84%

**Services**:
• Running Containers: 1
• SearXNG: running
• OpenClaw Gateway: running

**Health Checks**: ✅ All critical services monitored

Logs: `/root/clawd/logs/monitoring/system-monitor-20260209-213001.log`
[2026-02-09T22:00:01+00:00] [INFO] Starting system monitoring
[2026-02-09T22:00:01+00:00] [INFO] Starting metrics collection
[2026-02-09T22:00:01+00:00] [INFO] Metrics collected: CPU: 4.5%, Mem: 49.9%, Disk: 84%, SearXNG: running
[2026-02-09T22:00:01+00:00] [INFO] Monitoring Docker containers
[2026-02-09T22:00:01+00:00] [INFO] Container searxng: running
[2026-02-09T22:00:01+00:00] [INFO] Monitoring cron tasks
[2026-02-09T22:00:01+00:00] [INFO] Last AI Research cron run: tavily.errors.TimeoutError: Request timed out after 60 seconds.
[2026-02-09T22:00:01+00:00] [INFO] Checking service health
[2026-02-09T22:00:01+00:00] [INFO] SearXNG health check: OK
[2026-02-09T22:00:16+00:00] [INFO] OpenClaw Gateway health check: OK
[2026-02-09T22:00:16+00:00] [INFO] Generating monitoring report
[2026-02-09T22:00:16+00:00] [INFO] Monitoring completed
📊 **System Monitoring Report**

**Timestamp**: 2026-02-09T22:00:16+00:00

**System Resources**:
• CPU Usage: 4.5%
• Memory Usage: 49.9%
• Disk Usage: 84%

**Services**:
• Running Containers: 1
• SearXNG: running
• OpenClaw Gateway: running

**Health Checks**: ✅ All critical services monitored

Logs: `/root/clawd/logs/monitoring/system-monitor-20260209-220001.log`
[2026-02-09T22:30:01+00:00] [INFO] Starting system monitoring
[2026-02-09T22:30:01+00:00] [INFO] Starting metrics collection
[2026-02-09T22:30:01+00:00] [INFO] Metrics collected: CPU: 0.0%, Mem: 50.2%, Disk: 84%, SearXNG: running
[2026-02-09T22:30:02+00:00] [INFO] Monitoring Docker containers
[2026-02-09T22:30:02+00:00] [INFO] Container searxng: running
[2026-02-09T22:30:02+00:00] [INFO] Monitoring cron tasks
[2026-02-09T22:30:02+00:00] [INFO] Last AI Research cron run: tavily.errors.TimeoutError: Request timed out after 60 seconds.
[2026-02-09T22:30:02+00:00] [INFO] Checking service health
[2026-02-09T22:30:02+00:00] [INFO] SearXNG health check: OK
[2026-02-09T22:30:17+00:00] [INFO] OpenClaw Gateway health check: OK
[2026-02-09T22:30:17+00:00] [INFO] Generating monitoring report
[2026-02-09T22:30:17+00:00] [INFO] Monitoring completed
📊 **System Monitoring Report**

**Timestamp**: 2026-02-09T22:30:17+00:00

**System Resources**:
• CPU Usage: 0.0%
• Memory Usage: 50.2%
• Disk Usage: 84%

**Services**:
• Running Containers: 1
• SearXNG: running
• OpenClaw Gateway: running

**Health Checks**: ✅ All critical services monitored

Logs: `/root/clawd/logs/monitoring/system-monitor-20260209-223001.log`
[2026-02-09T23:00:01+00:00] [INFO] Starting system monitoring
[2026-02-09T23:00:01+00:00] [INFO] Starting metrics collection
[2026-02-09T23:00:01+00:00] [INFO] Metrics collected: CPU: 0.0%, Mem: 50.1%, Disk: 84%, SearXNG: running
[2026-02-09T23:00:01+00:00] [INFO] Monitoring Docker containers
[2026-02-09T23:00:01+00:00] [INFO] Container searxng: running
[2026-02-09T23:00:01+00:00] [INFO] Monitoring cron tasks
[2026-02-09T23:00:01+00:00] [INFO] Last AI Research cron run: tavily.errors.TimeoutError: Request timed out after 60 seconds.
[2026-02-09T23:00:01+00:00] [INFO] Checking service health
[2026-02-09T23:00:01+00:00] [INFO] SearXNG health check: OK
[2026-02-09T23:00:17+00:00] [INFO] OpenClaw Gateway health check: OK
[2026-02-09T23:00:17+00:00] [INFO] Generating monitoring report
[2026-02-09T23:00:17+00:00] [INFO] Monitoring completed
📊 **System Monitoring Report**

**Timestamp**: 2026-02-09T23:00:17+00:00

**System Resources**:
• CPU Usage: 0.0%
• Memory Usage: 50.1%
• Disk Usage: 84%

**Services**:
• Running Containers: 1
• SearXNG: running
• OpenClaw Gateway: running

**Health Checks**: ✅ All critical services monitored

Logs: `/root/clawd/logs/monitoring/system-monitor-20260209-230001.log`
[2026-02-09T23:30:01+00:00] [INFO] Starting system monitoring
[2026-02-09T23:30:01+00:00] [INFO] Starting metrics collection
[2026-02-09T23:30:01+00:00] [INFO] Metrics collected: CPU: 0.0%, Mem: 50.7%, Disk: 84%, SearXNG: running
[2026-02-09T23:30:01+00:00] [INFO] Monitoring Docker containers
[2026-02-09T23:30:01+00:00] [INFO] Container searxng: running
[2026-02-09T23:30:01+00:00] [INFO] Monitoring cron tasks
[2026-02-09T23:30:01+00:00] [INFO] Last AI Research cron run: tavily.errors.TimeoutError: Request timed out after 60 seconds.
[2026-02-09T23:30:01+00:00] [INFO] Checking service health
[2026-02-09T23:30:01+00:00] [INFO] SearXNG health check: OK
[2026-02-09T23:30:16+00:00] [INFO] OpenClaw Gateway health check: OK
[2026-02-09T23:30:16+00:00] [INFO] Generating monitoring report
[2026-02-09T23:30:16+00:00] [INFO] Monitoring completed
📊 **System Monitoring Report**

**Timestamp**: 2026-02-09T23:30:16+00:00

**System Resources**:
• CPU Usage: 0.0%
• Memory Usage: 50.7%
• Disk Usage: 84%

**Services**:
• Running Containers: 1
• SearXNG: running
• OpenClaw Gateway: running

**Health Checks**: ✅ All critical services monitored

Logs: `/root/clawd/logs/monitoring/system-monitor-20260209-233001.log`
[2026-02-10T00:00:01+00:00] [INFO] Starting system monitoring
[2026-02-10T00:00:01+00:00] [INFO] Starting metrics collection
[2026-02-10T00:00:02+00:00] [INFO] Metrics collected: CPU: 50.0%, Mem: 51.6%, Disk: 84%, SearXNG: running
[2026-02-10T00:00:02+00:00] [INFO] Monitoring Docker containers
[2026-02-10T00:00:02+00:00] [INFO] Container searxng: running
[2026-02-10T00:00:02+00:00] [INFO] Monitoring cron tasks
[2026-02-10T00:00:02+00:00] [INFO] Last AI Research cron run: tavily.errors.TimeoutError: Request timed out after 60 seconds.
[2026-02-10T00:00:02+00:00] [INFO] Checking service health
[2026-02-10T00:00:02+00:00] [INFO] SearXNG health check: OK
[2026-02-10T00:00:19+00:00] [INFO] OpenClaw Gateway health check: OK
[2026-02-10T00:00:19+00:00] [INFO] Generating monitoring report
[2026-02-10T00:00:19+00:00] [INFO] Monitoring completed
📊 **System Monitoring Report**

**Timestamp**: 2026-02-10T00:00:19+00:00

**System Resources**:
• CPU Usage: 50.0%
• Memory Usage: 51.6%
• Disk Usage: 84%

**Services**:
• Running Containers: 1
• SearXNG: running
• OpenClaw Gateway: running

**Health Checks**: ✅ All critical services monitored

Logs: `/root/clawd/logs/monitoring/system-monitor-20260210-000001.log`
[2026-02-10T00:30:01+00:00] [INFO] Starting system monitoring
[2026-02-10T00:30:01+00:00] [INFO] Starting metrics collection
[2026-02-10T00:30:01+00:00] [INFO] Metrics collected: CPU: 4.3%, Mem: 53.8%, Disk: 84%, SearXNG: running
[2026-02-10T00:30:01+00:00] [INFO] Monitoring Docker containers
[2026-02-10T00:30:01+00:00] [INFO] Container searxng: running
[2026-02-10T00:30:01+00:00] [INFO] Monitoring cron tasks
[2026-02-10T00:30:01+00:00] [INFO] Last AI Research cron run: tavily.errors.TimeoutError: Request timed out after 60 seconds.
[2026-02-10T00:30:01+00:00] [INFO] Checking service health
[2026-02-10T00:30:01+00:00] [INFO] SearXNG health check: OK
[2026-02-10T00:30:17+00:00] [INFO] OpenClaw Gateway health check: OK
[2026-02-10T00:30:17+00:00] [INFO] Generating monitoring report
[2026-02-10T00:30:18+00:00] [INFO] Monitoring completed
📊 **System Monitoring Report**

**Timestamp**: 2026-02-10T00:30:18+00:00

**System Resources**:
• CPU Usage: 4.3%
• Memory Usage: 53.8%
• Disk Usage: 84%

**Services**:
• Running Containers: 1
• SearXNG: running
• OpenClaw Gateway: running

**Health Checks**: ✅ All critical services monitored

Logs: `/root/clawd/logs/monitoring/system-monitor-20260210-003001.log`
[2026-02-10T01:00:01+00:00] [INFO] Starting system monitoring
[2026-02-10T01:00:01+00:00] [INFO] Starting metrics collection
[2026-02-10T01:00:01+00:00] [INFO] Metrics collected: CPU: 14.3%, Mem: 51.7%, Disk: 84%, SearXNG: running
[2026-02-10T01:00:01+00:00] [INFO] Monitoring Docker containers
[2026-02-10T01:00:01+00:00] [INFO] Container searxng: running
[2026-02-10T01:00:01+00:00] [INFO] Monitoring cron tasks
[2026-02-10T01:00:01+00:00] [INFO] Last AI Research cron run: tavily.errors.TimeoutError: Request timed out after 60 seconds.
[2026-02-10T01:00:01+00:00] [INFO] Checking service health
[2026-02-10T01:00:01+00:00] [INFO] SearXNG health check: OK
[2026-02-10T01:00:16+00:00] [INFO] OpenClaw Gateway health check: OK
[2026-02-10T01:00:16+00:00] [INFO] Generating monitoring report
[2026-02-10T01:00:16+00:00] [INFO] Monitoring completed
📊 **System Monitoring Report**

**Timestamp**: 2026-02-10T01:00:16+00:00

**System Resources**:
• CPU Usage: 14.3%
• Memory Usage: 51.7%
• Disk Usage: 84%

**Services**:
• Running Containers: 1
• SearXNG: running
• OpenClaw Gateway: running

**Health Checks**: ✅ All critical services monitored

Logs: `/root/clawd/logs/monitoring/system-monitor-20260210-010001.log`
[2026-02-10T01:30:01+00:00] [INFO] Starting system monitoring
[2026-02-10T01:30:01+00:00] [INFO] Starting metrics collection
[2026-02-10T01:30:02+00:00] [INFO] Metrics collected: CPU: 4.5%, Mem: 51.3%, Disk: 84%, SearXNG: running
[2026-02-10T01:30:02+00:00] [INFO] Monitoring Docker containers
[2026-02-10T01:30:02+00:00] [INFO] Container searxng: running
[2026-02-10T01:30:02+00:00] [INFO] Monitoring cron tasks
[2026-02-10T01:30:02+00:00] [INFO] Last AI Research cron run: tavily.errors.TimeoutError: Request timed out after 60 seconds.
[2026-02-10T01:30:02+00:00] [INFO] Checking service health
[2026-02-10T01:30:02+00:00] [INFO] SearXNG health check: OK
[2026-02-10T01:30:17+00:00] [INFO] OpenClaw Gateway health check: OK
[2026-02-10T01:30:17+00:00] [INFO] Generating monitoring report
[2026-02-10T01:30:17+00:00] [INFO] Monitoring completed
📊 **System Monitoring Report**

**Timestamp**: 2026-02-10T01:30:17+00:00

**System Resources**:
• CPU Usage: 4.5%
• Memory Usage: 51.3%
• Disk Usage: 84%

**Services**:
• Running Containers: 1
• SearXNG: running
• OpenClaw Gateway: running

**Health Checks**: ✅ All critical services monitored

Logs: `/root/clawd/logs/monitoring/system-monitor-20260210-013001.log`
[2026-02-10T02:00:01+00:00] [INFO] Starting system monitoring
[2026-02-10T02:00:01+00:00] [INFO] Starting metrics collection
[2026-02-10T02:00:01+00:00] [INFO] Metrics collected: CPU: 50.0%, Mem: 51.4%, Disk: 84%, SearXNG: running
[2026-02-10T02:00:01+00:00] [INFO] Monitoring Docker containers
[2026-02-10T02:00:01+00:00] [INFO] Container searxng: running
[2026-02-10T02:00:01+00:00] [INFO] Monitoring cron tasks
[2026-02-10T02:00:01+00:00] [INFO] Last AI Research cron run: tavily.errors.TimeoutError: Request timed out after 60 seconds.
[2026-02-10T02:00:01+00:00] [INFO] Checking service health
[2026-02-10T02:00:01+00:00] [INFO] SearXNG health check: OK
[2026-02-10T02:00:17+00:00] [INFO] OpenClaw Gateway health check: OK
[2026-02-10T02:00:17+00:00] [INFO] Generating monitoring report
[2026-02-10T02:00:17+00:00] [INFO] Monitoring completed
📊 **System Monitoring Report**

**Timestamp**: 2026-02-10T02:00:17+00:00

**System Resources**:
• CPU Usage: 50.0%
• Memory Usage: 51.4%
• Disk Usage: 84%

**Services**:
• Running Containers: 1
• SearXNG: running
• OpenClaw Gateway: running

**Health Checks**: ✅ All critical services monitored

Logs: `/root/clawd/logs/monitoring/system-monitor-20260210-020001.log`
[2026-02-10T02:30:01+00:00] [INFO] Starting system monitoring
[2026-02-10T02:30:01+00:00] [INFO] Starting metrics collection
[2026-02-10T02:30:02+00:00] [INFO] Metrics collected: CPU: 0.0%, Mem: 63.1%, Disk: 84%, SearXNG: running
[2026-02-10T02:30:02+00:00] [INFO] Monitoring Docker containers
[2026-02-10T02:30:02+00:00] [INFO] Container searxng: running
[2026-02-10T02:30:02+00:00] [INFO] Monitoring cron tasks
[2026-02-10T02:30:02+00:00] [INFO] Last AI Research cron run: tavily.errors.TimeoutError: Request timed out after 60 seconds.
[2026-02-10T02:30:02+00:00] [INFO] Checking service health
[2026-02-10T02:30:02+00:00] [INFO] SearXNG health check: OK
[2026-02-10T02:30:17+00:00] [INFO] OpenClaw Gateway health check: OK
[2026-02-10T02:30:17+00:00] [INFO] Generating monitoring report
[2026-02-10T02:30:17+00:00] [INFO] Monitoring completed
📊 **System Monitoring Report**

**Timestamp**: 2026-02-10T02:30:17+00:00

**System Resources**:
• CPU Usage: 0.0%
• Memory Usage: 63.1%
• Disk Usage: 84%

**Services**:
• Running Containers: 1
• SearXNG: running
• OpenClaw Gateway: running

**Health Checks**: ✅ All critical services monitored

Logs: `/root/clawd/logs/monitoring/system-monitor-20260210-023001.log`
[2026-02-10T03:00:01+00:00] [INFO] Starting system monitoring
[2026-02-10T03:00:01+00:00] [INFO] Starting metrics collection
[2026-02-10T03:00:02+00:00] [INFO] Metrics collected: CPU: 59.1%, Mem: 62.1%, Disk: 84%, SearXNG: running
[2026-02-10T03:00:02+00:00] [INFO] Monitoring Docker containers
[2026-02-10T03:00:02+00:00] [INFO] Container searxng: running
[2026-02-10T03:00:02+00:00] [INFO] Monitoring cron tasks
[2026-02-10T03:00:02+00:00] [INFO] Last AI Research cron run: tavily.errors.TimeoutError: Request timed out after 60 seconds.
[2026-02-10T03:00:02+00:00] [INFO] Checking service health
[2026-02-10T03:00:02+00:00] [INFO] SearXNG health check: OK
[2026-02-10T03:00:22+00:00] [INFO] OpenClaw Gateway health check: OK
[2026-02-10T03:00:22+00:00] [INFO] Generating monitoring report
[2026-02-10T03:00:22+00:00] [INFO] Monitoring completed
📊 **System Monitoring Report**

**Timestamp**: 2026-02-10T03:00:22+00:00

**System Resources**:
• CPU Usage: 59.1%
• Memory Usage: 62.1%
• Disk Usage: 84%

**Services**:
• Running Containers: 1
• SearXNG: running
• OpenClaw Gateway: running

**Health Checks**: ✅ All critical services monitored

Logs: `/root/clawd/logs/monitoring/system-monitor-20260210-030001.log`
[2026-02-10T03:30:01+00:00] [INFO] Starting system monitoring
[2026-02-10T03:30:01+00:00] [INFO] Starting metrics collection
[2026-02-10T03:30:01+00:00] [INFO] Metrics collected: CPU: 0.0%, Mem: 50.8%, Disk: 84%, SearXNG: running
[2026-02-10T03:30:01+00:00] [INFO] Monitoring Docker containers
[2026-02-10T03:30:01+00:00] [INFO] Container searxng: running
[2026-02-10T03:30:01+00:00] [INFO] Monitoring cron tasks
[2026-02-10T03:30:01+00:00] [INFO] Last AI Research cron run: tavily.errors.TimeoutError: Request timed out after 60 seconds.
[2026-02-10T03:30:01+00:00] [INFO] Checking service health
[2026-02-10T03:30:01+00:00] [INFO] SearXNG health check: OK
[2026-02-10T03:30:20+00:00] [INFO] OpenClaw Gateway health check: OK
[2026-02-10T03:30:20+00:00] [INFO] Generating monitoring report
[2026-02-10T03:30:20+00:00] [INFO] Monitoring completed
📊 **System Monitoring Report**

**Timestamp**: 2026-02-10T03:30:20+00:00

**System Resources**:
• CPU Usage: 0.0%
• Memory Usage: 50.8%
• Disk Usage: 84%

**Services**:
• Running Containers: 1
• SearXNG: running
• OpenClaw Gateway: running

**Health Checks**: ✅ All critical services monitored

Logs: `/root/clawd/logs/monitoring/system-monitor-20260210-033001.log`
[2026-02-10T04:00:01+00:00] [INFO] Starting system monitoring
[2026-02-10T04:00:01+00:00] [INFO] Starting metrics collection
[2026-02-10T04:00:02+00:00] [INFO] Metrics collected: CPU: 13.6%, Mem: 53.2%, Disk: 82%, SearXNG: running
[2026-02-10T04:00:02+00:00] [INFO] Monitoring Docker containers
[2026-02-10T04:00:02+00:00] [INFO] Container searxng: running
[2026-02-10T04:00:02+00:00] [INFO] Monitoring cron tasks
[2026-02-10T04:00:02+00:00] [INFO] Last AI Research cron run: tavily.errors.TimeoutError: Request timed out after 60 seconds.
[2026-02-10T04:00:02+00:00] [INFO] Checking service health
[2026-02-10T04:00:02+00:00] [INFO] SearXNG health check: OK
[2026-02-10T04:00:17+00:00] [INFO] OpenClaw Gateway health check: OK
[2026-02-10T04:00:17+00:00] [INFO] Generating monitoring report
[2026-02-10T04:00:17+00:00] [INFO] Monitoring completed
📊 **System Monitoring Report**

**Timestamp**: 2026-02-10T04:00:17+00:00

**System Resources**:
• CPU Usage: 13.6%
• Memory Usage: 53.2%
• Disk Usage: 82%

**Services**:
• Running Containers: 1
• SearXNG: running
• OpenClaw Gateway: running

**Health Checks**: ✅ All critical services monitored

Logs: `/root/clawd/logs/monitoring/system-monitor-20260210-040001.log`
[2026-02-10T04:30:01+00:00] [INFO] Starting system monitoring
[2026-02-10T04:30:01+00:00] [INFO] Starting metrics collection
[2026-02-10T04:30:02+00:00] [INFO] Metrics collected: CPU: 0.0%, Mem: 50.7%, Disk: 81%, SearXNG: running
[2026-02-10T04:30:02+00:00] [INFO] Monitoring Docker containers
[2026-02-10T04:30:02+00:00] [INFO] Container searxng: running
[2026-02-10T04:30:02+00:00] [INFO] Monitoring cron tasks
[2026-02-10T04:30:02+00:00] [INFO] Last AI Research cron run: tavily.errors.TimeoutError: Request timed out after 60 seconds.
[2026-02-10T04:30:02+00:00] [INFO] Checking service health
[2026-02-10T04:30:02+00:00] [INFO] SearXNG health check: OK
[2026-02-10T04:30:17+00:00] [INFO] OpenClaw Gateway health check: OK
[2026-02-10T04:30:17+00:00] [INFO] Generating monitoring report
[2026-02-10T04:30:17+00:00] [INFO] Monitoring completed
📊 **System Monitoring Report**

**Timestamp**: 2026-02-10T04:30:17+00:00

**System Resources**:
• CPU Usage: 0.0%
• Memory Usage: 50.7%
• Disk Usage: 81%

**Services**:
• Running Containers: 1
• SearXNG: running
• OpenClaw Gateway: running

**Health Checks**: ✅ All critical services monitored

Logs: `/root/clawd/logs/monitoring/system-monitor-20260210-043001.log`
[2026-02-10T05:00:01+00:00] [INFO] Starting system monitoring
[2026-02-10T05:00:01+00:00] [INFO] Starting metrics collection
[2026-02-10T05:00:02+00:00] [INFO] Metrics collected: CPU: 13.6%, Mem: 50.9%, Disk: 81%, SearXNG: running
[2026-02-10T05:00:02+00:00] [INFO] Monitoring Docker containers
[2026-02-10T05:00:02+00:00] [INFO] Container searxng: running
[2026-02-10T05:00:02+00:00] [INFO] Monitoring cron tasks
[2026-02-10T05:00:02+00:00] [INFO] Last AI Research cron run: tavily.errors.TimeoutError: Request timed out after 60 seconds.
[2026-02-10T05:00:02+00:00] [INFO] Checking service health
[2026-02-10T05:00:02+00:00] [INFO] SearXNG health check: OK
[2026-02-10T05:00:18+00:00] [INFO] OpenClaw Gateway health check: OK
[2026-02-10T05:00:18+00:00] [INFO] Generating monitoring report
[2026-02-10T05:00:19+00:00] [INFO] Monitoring completed
📊 **System Monitoring Report**

**Timestamp**: 2026-02-10T05:00:19+00:00

**System Resources**:
• CPU Usage: 13.6%
• Memory Usage: 50.9%
• Disk Usage: 81%

**Services**:
• Running Containers: 1
• SearXNG: running
• OpenClaw Gateway: running

**Health Checks**: ✅ All critical services monitored

Logs: `/root/clawd/logs/monitoring/system-monitor-20260210-050001.log`
[2026-02-10T05:30:01+00:00] [INFO] Starting system monitoring
[2026-02-10T05:30:01+00:00] [INFO] Starting metrics collection
[2026-02-10T05:30:01+00:00] [INFO] Metrics collected: CPU: 4.5%, Mem: 51.0%, Disk: 76%, SearXNG: running
[2026-02-10T05:30:01+00:00] [INFO] Monitoring Docker containers
[2026-02-10T05:30:01+00:00] [INFO] Container searxng: running
[2026-02-10T05:30:01+00:00] [INFO] Monitoring cron tasks
[2026-02-10T05:30:01+00:00] [INFO] Last AI Research cron run: tavily.errors.TimeoutError: Request timed out after 60 seconds.
[2026-02-10T05:30:01+00:00] [INFO] Checking service health
[2026-02-10T05:30:01+00:00] [INFO] SearXNG health check: OK
[2026-02-10T05:30:17+00:00] [INFO] OpenClaw Gateway health check: OK
[2026-02-10T05:30:17+00:00] [INFO] Generating monitoring report
[2026-02-10T05:30:17+00:00] [INFO] Monitoring completed
📊 **System Monitoring Report**

**Timestamp**: 2026-02-10T05:30:17+00:00

**System Resources**:
• CPU Usage: 4.5%
• Memory Usage: 51.0%
• Disk Usage: 76%

**Services**:
• Running Containers: 1
• SearXNG: running
• OpenClaw Gateway: running

**Health Checks**: ✅ All critical services monitored

Logs: `/root/clawd/logs/monitoring/system-monitor-20260210-053001.log`
[2026-02-10T06:00:01+00:00] [INFO] Starting system monitoring
[2026-02-10T06:00:01+00:00] [INFO] Starting metrics collection
[2026-02-10T06:00:01+00:00] [INFO] Metrics collected: CPU: 9.1%, Mem: 52.9%, Disk: 75%, SearXNG: running
[2026-02-10T06:00:01+00:00] [INFO] Monitoring Docker containers
[2026-02-10T06:00:01+00:00] [INFO] Container searxng: running
[2026-02-10T06:00:01+00:00] [INFO] Monitoring cron tasks
[2026-02-10T06:00:01+00:00] [INFO] Last AI Research cron run: tavily.errors.TimeoutError: Request timed out after 60 seconds.
[2026-02-10T06:00:01+00:00] [INFO] Checking service health
[2026-02-10T06:00:02+00:00] [INFO] SearXNG health check: OK
[2026-02-10T06:00:17+00:00] [INFO] OpenClaw Gateway health check: OK
[2026-02-10T06:00:17+00:00] [INFO] Generating monitoring report
[2026-02-10T06:00:17+00:00] [INFO] Monitoring completed
📊 **System Monitoring Report**

**Timestamp**: 2026-02-10T06:00:17+00:00

**System Resources**:
• CPU Usage: 9.1%
• Memory Usage: 52.9%
• Disk Usage: 75%

**Services**:
• Running Containers: 1
• SearXNG: running
• OpenClaw Gateway: running

**Health Checks**: ✅ All critical services monitored

Logs: `/root/clawd/logs/monitoring/system-monitor-20260210-060001.log`
[2026-02-10T06:30:01+00:00] [INFO] Starting system monitoring
[2026-02-10T06:30:01+00:00] [INFO] Starting metrics collection
[2026-02-10T06:30:01+00:00] [INFO] Metrics collected: CPU: 0.0%, Mem: 51.4%, Disk: 75%, SearXNG: running
[2026-02-10T06:30:01+00:00] [INFO] Monitoring Docker containers
[2026-02-10T06:30:01+00:00] [INFO] Container searxng: running
[2026-02-10T06:30:01+00:00] [INFO] Monitoring cron tasks
[2026-02-10T06:30:01+00:00] [INFO] Last AI Research cron run: tavily.errors.TimeoutError: Request timed out after 60 seconds.
[2026-02-10T06:30:01+00:00] [INFO] Checking service health
[2026-02-10T06:30:01+00:00] [INFO] SearXNG health check: OK
[2026-02-10T06:30:17+00:00] [INFO] OpenClaw Gateway health check: OK
[2026-02-10T06:30:17+00:00] [INFO] Generating monitoring report
[2026-02-10T06:30:17+00:00] [INFO] Monitoring completed
📊 **System Monitoring Report**

**Timestamp**: 2026-02-10T06:30:17+00:00

**System Resources**:
• CPU Usage: 0.0%
• Memory Usage: 51.4%
• Disk Usage: 75%

**Services**:
• Running Containers: 1
• SearXNG: running
• OpenClaw Gateway: running

**Health Checks**: ✅ All critical services monitored

Logs: `/root/clawd/logs/monitoring/system-monitor-20260210-063001.log`
[2026-02-10T07:00:01+00:00] [INFO] Starting system monitoring
[2026-02-10T07:00:01+00:00] [INFO] Starting metrics collection
[2026-02-10T07:00:01+00:00] [INFO] Metrics collected: CPU: 13.6%, Mem: 46.0%, Disk: 75%, SearXNG: running
[2026-02-10T07:00:01+00:00] [INFO] Monitoring Docker containers
[2026-02-10T07:00:01+00:00] [INFO] Container searxng: running
[2026-02-10T07:00:01+00:00] [INFO] Monitoring cron tasks
[2026-02-10T07:00:01+00:00] [INFO] Last AI Research cron run: tavily.errors.TimeoutError: Request timed out after 60 seconds.
[2026-02-10T07:00:01+00:00] [INFO] Checking service health
[2026-02-10T07:00:01+00:00] [INFO] SearXNG health check: OK
[2026-02-10T07:00:17+00:00] [INFO] OpenClaw Gateway health check: OK
[2026-02-10T07:00:17+00:00] [INFO] Generating monitoring report
[2026-02-10T07:00:17+00:00] [INFO] Monitoring completed
📊 **System Monitoring Report**

**Timestamp**: 2026-02-10T07:00:17+00:00

**System Resources**:
• CPU Usage: 13.6%
• Memory Usage: 46.0%
• Disk Usage: 75%

**Services**:
• Running Containers: 1
• SearXNG: running
• OpenClaw Gateway: running

**Health Checks**: ✅ All critical services monitored

Logs: `/root/clawd/logs/monitoring/system-monitor-20260210-070001.log`
[2026-02-10T07:30:01+00:00] [INFO] Starting system monitoring
[2026-02-10T07:30:01+00:00] [INFO] Starting metrics collection
[2026-02-10T07:30:01+00:00] [INFO] Metrics collected: CPU: 54.5%, Mem: 50.1%, Disk: 75%, SearXNG: running
[2026-02-10T07:30:01+00:00] [INFO] Monitoring Docker containers
[2026-02-10T07:30:01+00:00] [INFO] Container searxng: running
[2026-02-10T07:30:01+00:00] [INFO] Monitoring cron tasks
[2026-02-10T07:30:01+00:00] [INFO] Last AI Research cron run: tavily.errors.TimeoutError: Request timed out after 60 seconds.
[2026-02-10T07:30:01+00:00] [INFO] Checking service health
[2026-02-10T07:30:01+00:00] [INFO] SearXNG health check: OK
[2026-02-10T07:30:19+00:00] [INFO] OpenClaw Gateway health check: OK
[2026-02-10T07:30:19+00:00] [INFO] Generating monitoring report
[2026-02-10T07:30:20+00:00] [INFO] Monitoring completed
📊 **System Monitoring Report**

**Timestamp**: 2026-02-10T07:30:20+00:00

**System Resources**:
• CPU Usage: 54.5%
• Memory Usage: 50.1%
• Disk Usage: 75%

**Services**:
• Running Containers: 1
• SearXNG: running
• OpenClaw Gateway: running

**Health Checks**: ✅ All critical services monitored

Logs: `/root/clawd/logs/monitoring/system-monitor-20260210-073001.log`
[2026-02-10T08:00:01+00:00] [INFO] Starting system monitoring
[2026-02-10T08:00:01+00:00] [INFO] Starting metrics collection
[2026-02-10T08:00:01+00:00] [INFO] Metrics collected: CPU: 76.9%, Mem: 45.2%, Disk: 75%, SearXNG: running
[2026-02-10T08:00:01+00:00] [INFO] Monitoring Docker containers
[2026-02-10T08:00:01+00:00] [INFO] Container searxng: running
[2026-02-10T08:00:01+00:00] [INFO] Monitoring cron tasks
[2026-02-10T08:00:01+00:00] [INFO] Last AI Research cron run: [1/5] 搜索: Claude AI updates 2026
[2026-02-10T08:00:01+00:00] [INFO] Checking service health
[2026-02-10T08:00:01+00:00] [INFO] SearXNG health check: OK
[2026-02-10T08:00:17+00:00] [INFO] OpenClaw Gateway health check: OK
[2026-02-10T08:00:17+00:00] [INFO] Generating monitoring report
[2026-02-10T08:00:17+00:00] [INFO] Monitoring completed
📊 **System Monitoring Report**

**Timestamp**: 2026-02-10T08:00:17+00:00

**System Resources**:
• CPU Usage: 76.9%
• Memory Usage: 45.2%
• Disk Usage: 75%

**Services**:
• Running Containers: 1
• SearXNG: running
• OpenClaw Gateway: running

**Health Checks**: ✅ All critical services monitored

Logs: `/root/clawd/logs/monitoring/system-monitor-20260210-080001.log`
[2026-02-10T08:30:01+00:00] [INFO] Starting system monitoring
[2026-02-10T08:30:01+00:00] [INFO] Starting metrics collection
[2026-02-10T08:30:01+00:00] [INFO] Metrics collected: CPU: 40.9%, Mem: 45.2%, Disk: 75%, SearXNG: running
[2026-02-10T08:30:01+00:00] [INFO] Monitoring Docker containers
[2026-02-10T08:30:01+00:00] [INFO] Container searxng: running
[2026-02-10T08:30:01+00:00] [INFO] Monitoring cron tasks
[2026-02-10T08:30:01+00:00] [INFO] Last AI Research cron run: No data
[2026-02-10T08:30:01+00:00] [INFO] Checking service health
[2026-02-10T08:30:01+00:00] [INFO] SearXNG health check: OK
[2026-02-10T08:30:17+00:00] [INFO] OpenClaw Gateway health check: OK
[2026-02-10T08:30:17+00:00] [INFO] Generating monitoring report
[2026-02-10T08:30:17+00:00] [INFO] Monitoring completed
📊 **System Monitoring Report**

**Timestamp**: 2026-02-10T08:30:17+00:00

**System Resources**:
• CPU Usage: 40.9%
• Memory Usage: 45.2%
• Disk Usage: 75%

**Services**:
• Running Containers: 1
• SearXNG: running
• OpenClaw Gateway: running

**Health Checks**: ✅ All critical services monitored

Logs: `/root/clawd/logs/monitoring/system-monitor-20260210-083001.log`
[2026-02-10T09:00:01+00:00] [INFO] Starting system monitoring
[2026-02-10T09:00:01+00:00] [INFO] Starting metrics collection
[2026-02-10T09:00:02+00:00] [INFO] Metrics collected: CPU: 51.9%, Mem: 45.7%, Disk: 75%, SearXNG: running
[2026-02-10T09:00:02+00:00] [INFO] Monitoring Docker containers
[2026-02-10T09:00:02+00:00] [INFO] Container searxng: running
[2026-02-10T09:00:02+00:00] [INFO] Monitoring cron tasks
[2026-02-10T09:00:02+00:00] [INFO] Last AI Research cron run: No data
[2026-02-10T09:00:02+00:00] [INFO] Checking service health
[2026-02-10T09:00:02+00:00] [INFO] SearXNG health check: OK
[2026-02-10T09:00:21+00:00] [INFO] OpenClaw Gateway health check: OK
[2026-02-10T09:00:21+00:00] [INFO] Generating monitoring report
[2026-02-10T09:00:21+00:00] [INFO] Monitoring completed
📊 **System Monitoring Report**

**Timestamp**: 2026-02-10T09:00:21+00:00

**System Resources**:
• CPU Usage: 51.9%
• Memory Usage: 45.7%
• Disk Usage: 75%

**Services**:
• Running Containers: 1
• SearXNG: running
• OpenClaw Gateway: running

**Health Checks**: ✅ All critical services monitored

Logs: `/root/clawd/logs/monitoring/system-monitor-20260210-090001.log`
[2026-02-10T09:30:01+00:00] [INFO] Starting system monitoring
[2026-02-10T09:30:01+00:00] [INFO] Starting metrics collection
[2026-02-10T09:30:01+00:00] [INFO] Metrics collected: CPU: 0.0%, Mem: 45.5%, Disk: 75%, SearXNG: running
[2026-02-10T09:30:01+00:00] [INFO] Monitoring Docker containers
[2026-02-10T09:30:01+00:00] [INFO] Container searxng: running
[2026-02-10T09:30:01+00:00] [INFO] Monitoring cron tasks
[2026-02-10T09:30:01+00:00] [INFO] Last AI Research cron run: No data
[2026-02-10T09:30:01+00:00] [INFO] Checking service health
[2026-02-10T09:30:01+00:00] [INFO] SearXNG health check: OK
[2026-02-10T09:30:17+00:00] [INFO] OpenClaw Gateway health check: OK
[2026-02-10T09:30:17+00:00] [INFO] Generating monitoring report
[2026-02-10T09:30:17+00:00] [INFO] Monitoring completed
📊 **System Monitoring Report**

**Timestamp**: 2026-02-10T09:30:17+00:00

**System Resources**:
• CPU Usage: 0.0%
• Memory Usage: 45.5%
• Disk Usage: 75%

**Services**:
• Running Containers: 1
• SearXNG: running
• OpenClaw Gateway: running

**Health Checks**: ✅ All critical services monitored

Logs: `/root/clawd/logs/monitoring/system-monitor-20260210-093001.log`
[2026-02-10T10:00:01+00:00] [INFO] Starting system monitoring
[2026-02-10T10:00:01+00:00] [INFO] Starting metrics collection
[2026-02-10T10:00:01+00:00] [INFO] Metrics collected: CPU: 27.3%, Mem: 44.7%, Disk: 75%, SearXNG: running
[2026-02-10T10:00:01+00:00] [INFO] Monitoring Docker containers
[2026-02-10T10:00:01+00:00] [INFO] Container searxng: running
[2026-02-10T10:00:01+00:00] [INFO] Monitoring cron tasks
[2026-02-10T10:00:01+00:00] [INFO] Last AI Research cron run: No data
[2026-02-10T10:00:01+00:00] [INFO] Checking service health
[2026-02-10T10:00:01+00:00] [INFO] SearXNG health check: OK
[2026-02-10T10:00:16+00:00] [INFO] OpenClaw Gateway health check: OK
[2026-02-10T10:00:16+00:00] [INFO] Generating monitoring report
[2026-02-10T10:00:16+00:00] [INFO] Monitoring completed
📊 **System Monitoring Report**

**Timestamp**: 2026-02-10T10:00:16+00:00

**System Resources**:
• CPU Usage: 27.3%
• Memory Usage: 44.7%
• Disk Usage: 75%

**Services**:
• Running Containers: 1
• SearXNG: running
• OpenClaw Gateway: running

**Health Checks**: ✅ All critical services monitored

Logs: `/root/clawd/logs/monitoring/system-monitor-20260210-100001.log`
[2026-02-10T10:30:01+00:00] [INFO] Starting system monitoring
[2026-02-10T10:30:01+00:00] [INFO] Starting metrics collection
[2026-02-10T10:30:02+00:00] [INFO] Metrics collected: CPU: 0.0%, Mem: 45.1%, Disk: 75%, SearXNG: running
[2026-02-10T10:30:02+00:00] [INFO] Monitoring Docker containers
[2026-02-10T10:30:02+00:00] [INFO] Container searxng: running
[2026-02-10T10:30:02+00:00] [INFO] Monitoring cron tasks
[2026-02-10T10:30:02+00:00] [INFO] Last AI Research cron run: No data
[2026-02-10T10:30:02+00:00] [INFO] Checking service health
[2026-02-10T10:30:02+00:00] [INFO] SearXNG health check: OK
[2026-02-10T10:30:17+00:00] [INFO] OpenClaw Gateway health check: OK
[2026-02-10T10:30:17+00:00] [INFO] Generating monitoring report
[2026-02-10T10:30:17+00:00] [INFO] Monitoring completed
📊 **System Monitoring Report**

**Timestamp**: 2026-02-10T10:30:17+00:00

**System Resources**:
• CPU Usage: 0.0%
• Memory Usage: 45.1%
• Disk Usage: 75%

**Services**:
• Running Containers: 1
• SearXNG: running
• OpenClaw Gateway: running

**Health Checks**: ✅ All critical services monitored

Logs: `/root/clawd/logs/monitoring/system-monitor-20260210-103001.log`
[2026-02-10T11:00:01+00:00] [INFO] Starting system monitoring
[2026-02-10T11:00:01+00:00] [INFO] Starting metrics collection
[2026-02-10T11:00:01+00:00] [INFO] Metrics collected: CPU: 33.3%, Mem: 45.3%, Disk: 75%, SearXNG: running
[2026-02-10T11:00:02+00:00] [INFO] Monitoring Docker containers
[2026-02-10T11:00:02+00:00] [INFO] Container searxng: running
[2026-02-10T11:00:02+00:00] [INFO] Monitoring cron tasks
[2026-02-10T11:00:02+00:00] [INFO] Last AI Research cron run: No data
[2026-02-10T11:00:02+00:00] [INFO] Checking service health
[2026-02-10T11:00:02+00:00] [INFO] SearXNG health check: OK
[2026-02-10T11:00:17+00:00] [INFO] OpenClaw Gateway health check: OK
[2026-02-10T11:00:17+00:00] [INFO] Generating monitoring report
[2026-02-10T11:00:17+00:00] [INFO] Monitoring completed
📊 **System Monitoring Report**

**Timestamp**: 2026-02-10T11:00:17+00:00

**System Resources**:
• CPU Usage: 33.3%
• Memory Usage: 45.3%
• Disk Usage: 75%

**Services**:
• Running Containers: 1
• SearXNG: running
• OpenClaw Gateway: running

**Health Checks**: ✅ All critical services monitored

Logs: `/root/clawd/logs/monitoring/system-monitor-20260210-110001.log`
[2026-02-10T11:30:01+00:00] [INFO] Starting system monitoring
[2026-02-10T11:30:01+00:00] [INFO] Starting metrics collection
[2026-02-10T11:30:01+00:00] [INFO] Metrics collected: CPU: 0.0%, Mem: 46.5%, Disk: 75%, SearXNG: running
[2026-02-10T11:30:01+00:00] [INFO] Monitoring Docker containers
[2026-02-10T11:30:01+00:00] [INFO] Container searxng: running
[2026-02-10T11:30:01+00:00] [INFO] Monitoring cron tasks
[2026-02-10T11:30:01+00:00] [INFO] Last AI Research cron run: No data
[2026-02-10T11:30:01+00:00] [INFO] Checking service health
[2026-02-10T11:30:01+00:00] [INFO] SearXNG health check: OK
[2026-02-10T11:30:17+00:00] [INFO] OpenClaw Gateway health check: OK
[2026-02-10T11:30:17+00:00] [INFO] Generating monitoring report
[2026-02-10T11:30:17+00:00] [INFO] Monitoring completed
📊 **System Monitoring Report**

**Timestamp**: 2026-02-10T11:30:17+00:00

**System Resources**:
• CPU Usage: 0.0%
• Memory Usage: 46.5%
• Disk Usage: 75%

**Services**:
• Running Containers: 1
• SearXNG: running
• OpenClaw Gateway: running

**Health Checks**: ✅ All critical services monitored

Logs: `/root/clawd/logs/monitoring/system-monitor-20260210-113001.log`
[2026-02-10T12:00:01+00:00] [INFO] Starting system monitoring
[2026-02-10T12:00:01+00:00] [INFO] Starting metrics collection
[2026-02-10T12:00:01+00:00] [INFO] Metrics collected: CPU: 28.6%, Mem: 45.7%, Disk: 75%, SearXNG: running
[2026-02-10T12:00:01+00:00] [INFO] Monitoring Docker containers
[2026-02-10T12:00:01+00:00] [INFO] Container searxng: running
[2026-02-10T12:00:01+00:00] [INFO] Monitoring cron tasks
[2026-02-10T12:00:01+00:00] [INFO] Last AI Research cron run: No data
[2026-02-10T12:00:01+00:00] [INFO] Checking service health
[2026-02-10T12:00:01+00:00] [INFO] SearXNG health check: OK
[2026-02-10T12:00:16+00:00] [INFO] OpenClaw Gateway health check: OK
[2026-02-10T12:00:16+00:00] [INFO] Generating monitoring report
[2026-02-10T12:00:16+00:00] [INFO] Monitoring completed
📊 **System Monitoring Report**

**Timestamp**: 2026-02-10T12:00:16+00:00

**System Resources**:
• CPU Usage: 28.6%
• Memory Usage: 45.7%
• Disk Usage: 75%

**Services**:
• Running Containers: 1
• SearXNG: running
• OpenClaw Gateway: running

**Health Checks**: ✅ All critical services monitored

Logs: `/root/clawd/logs/monitoring/system-monitor-20260210-120001.log`
[2026-02-10T12:30:02+00:00] [INFO] Starting system monitoring
[2026-02-10T12:30:02+00:00] [INFO] Starting metrics collection
[2026-02-10T12:30:02+00:00] [INFO] Metrics collected: CPU: 0.0%, Mem: 46.4%, Disk: 75%, SearXNG: running
[2026-02-10T12:30:02+00:00] [INFO] Monitoring Docker containers
[2026-02-10T12:30:02+00:00] [INFO] Container searxng: running
[2026-02-10T12:30:02+00:00] [INFO] Monitoring cron tasks
[2026-02-10T12:30:02+00:00] [INFO] Last AI Research cron run: No data
[2026-02-10T12:30:02+00:00] [INFO] Checking service health
[2026-02-10T12:30:02+00:00] [INFO] SearXNG health check: OK
[2026-02-10T12:30:17+00:00] [INFO] OpenClaw Gateway health check: OK
[2026-02-10T12:30:17+00:00] [INFO] Generating monitoring report
[2026-02-10T12:30:17+00:00] [INFO] Monitoring completed
📊 **System Monitoring Report**

**Timestamp**: 2026-02-10T12:30:17+00:00

**System Resources**:
• CPU Usage: 0.0%
• Memory Usage: 46.4%
• Disk Usage: 75%

**Services**:
• Running Containers: 1
• SearXNG: running
• OpenClaw Gateway: running

**Health Checks**: ✅ All critical services monitored

Logs: `/root/clawd/logs/monitoring/system-monitor-20260210-123002.log`
[2026-02-10T13:00:01+00:00] [INFO] Starting system monitoring
[2026-02-10T13:00:01+00:00] [INFO] Starting metrics collection
[2026-02-10T13:00:02+00:00] [INFO] Metrics collected: CPU: 27.3%, Mem: 45.9%, Disk: 75%, SearXNG: running
[2026-02-10T13:00:02+00:00] [INFO] Monitoring Docker containers
[2026-02-10T13:00:02+00:00] [INFO] Container searxng: running
[2026-02-10T13:00:02+00:00] [INFO] Monitoring cron tasks
[2026-02-10T13:00:02+00:00] [INFO] Last AI Research cron run: No data
[2026-02-10T13:00:02+00:00] [INFO] Checking service health
[2026-02-10T13:00:02+00:00] [INFO] SearXNG health check: OK
[2026-02-10T13:00:17+00:00] [INFO] OpenClaw Gateway health check: OK
[2026-02-10T13:00:17+00:00] [INFO] Generating monitoring report
[2026-02-10T13:00:17+00:00] [INFO] Monitoring completed
📊 **System Monitoring Report**

**Timestamp**: 2026-02-10T13:00:17+00:00

**System Resources**:
• CPU Usage: 27.3%
• Memory Usage: 45.9%
• Disk Usage: 75%

**Services**:
• Running Containers: 1
• SearXNG: running
• OpenClaw Gateway: running

**Health Checks**: ✅ All critical services monitored

Logs: `/root/clawd/logs/monitoring/system-monitor-20260210-130001.log`
[2026-02-10T13:30:01+00:00] [INFO] Starting system monitoring
[2026-02-10T13:30:01+00:00] [INFO] Starting metrics collection
[2026-02-10T13:30:02+00:00] [INFO] Metrics collected: CPU: 4.8%, Mem: 45.8%, Disk: 75%, SearXNG: running
[2026-02-10T13:30:02+00:00] [INFO] Monitoring Docker containers
[2026-02-10T13:30:02+00:00] [INFO] Container searxng: running
[2026-02-10T13:30:02+00:00] [INFO] Monitoring cron tasks
[2026-02-10T13:30:02+00:00] [INFO] Last AI Research cron run: No data
[2026-02-10T13:30:02+00:00] [INFO] Checking service health
[2026-02-10T13:30:02+00:00] [INFO] SearXNG health check: OK
[2026-02-10T13:30:17+00:00] [INFO] OpenClaw Gateway health check: OK
[2026-02-10T13:30:17+00:00] [INFO] Generating monitoring report
[2026-02-10T13:30:17+00:00] [INFO] Monitoring completed
📊 **System Monitoring Report**

**Timestamp**: 2026-02-10T13:30:17+00:00

**System Resources**:
• CPU Usage: 4.8%
• Memory Usage: 45.8%
• Disk Usage: 75%

**Services**:
• Running Containers: 1
• SearXNG: running
• OpenClaw Gateway: running

**Health Checks**: ✅ All critical services monitored

Logs: `/root/clawd/logs/monitoring/system-monitor-20260210-133001.log`
[2026-02-10T14:00:01+00:00] [INFO] Starting system monitoring
[2026-02-10T14:00:01+00:00] [INFO] Starting metrics collection
[2026-02-10T14:00:01+00:00] [INFO] Metrics collected: CPU: 30.4%, Mem: 48.0%, Disk: 92%, SearXNG: running
[2026-02-10T14:00:02+00:00] [WARN] Disk usage high: 92%
Config was last written by a newer Clawdbot (2026.1.24-3); current version is 2026.1.24-2.
✅ Sent via Slack. Message ID: 1770732020.030759
[2026-02-10T14:00:20+00:00] [INFO] Monitoring Docker containers
[2026-02-10T14:00:20+00:00] [INFO] Container searxng: running
[2026-02-10T14:00:20+00:00] [INFO] Monitoring cron tasks
[2026-02-10T14:00:20+00:00] [INFO] Last AI Research cron run: No data
[2026-02-10T14:00:20+00:00] [INFO] Checking service health
[2026-02-10T14:00:20+00:00] [INFO] SearXNG health check: OK
[2026-02-10T14:00:35+00:00] [INFO] OpenClaw Gateway health check: OK
[2026-02-10T14:00:35+00:00] [INFO] Generating monitoring report
[2026-02-10T14:00:36+00:00] [INFO] Monitoring completed
📊 **System Monitoring Report**

**Timestamp**: 2026-02-10T14:00:36+00:00

**System Resources**:
• CPU Usage: 30.4%
• Memory Usage: 48.0%
• Disk Usage: 92%

**Services**:
• Running Containers: 1
• SearXNG: running
• OpenClaw Gateway: running

**Health Checks**: ✅ All critical services monitored

Logs: `/root/clawd/logs/monitoring/system-monitor-20260210-140001.log`
[2026-02-10T14:30:01+00:00] [INFO] Starting system monitoring
[2026-02-10T14:30:01+00:00] [INFO] Starting metrics collection
[2026-02-10T14:30:01+00:00] [INFO] Metrics collected: CPU: 0.0%, Mem: 48.1%, Disk: 82%, SearXNG: running
[2026-02-10T14:30:01+00:00] [INFO] Monitoring Docker containers
[2026-02-10T14:30:01+00:00] [INFO] Container searxng: running
[2026-02-10T14:30:01+00:00] [INFO] Monitoring cron tasks
[2026-02-10T14:30:01+00:00] [INFO] Last AI Research cron run: No data
[2026-02-10T14:30:01+00:00] [INFO] Checking service health
[2026-02-10T14:30:01+00:00] [INFO] SearXNG health check: OK
[2026-02-10T14:30:16+00:00] [INFO] OpenClaw Gateway health check: OK
[2026-02-10T14:30:16+00:00] [INFO] Generating monitoring report
[2026-02-10T14:30:16+00:00] [INFO] Monitoring completed
📊 **System Monitoring Report**

**Timestamp**: 2026-02-10T14:30:16+00:00

**System Resources**:
• CPU Usage: 0.0%
• Memory Usage: 48.1%
• Disk Usage: 82%

**Services**:
• Running Containers: 1
• SearXNG: running
• OpenClaw Gateway: running

**Health Checks**: ✅ All critical services monitored

Logs: `/root/clawd/logs/monitoring/system-monitor-20260210-143001.log`
[2026-02-10T15:00:01+00:00] [INFO] Starting system monitoring
[2026-02-10T15:00:01+00:00] [INFO] Starting metrics collection
[2026-02-10T15:00:02+00:00] [INFO] Metrics collected: CPU: 28.6%, Mem: 54.0%, Disk: 82%, SearXNG: running
[2026-02-10T15:00:02+00:00] [INFO] Monitoring Docker containers
[2026-02-10T15:00:02+00:00] [INFO] Container searxng: running
[2026-02-10T15:00:02+00:00] [INFO] Monitoring cron tasks
[2026-02-10T15:00:02+00:00] [INFO] Last AI Research cron run: No data
[2026-02-10T15:00:02+00:00] [INFO] Checking service health
[2026-02-10T15:00:02+00:00] [INFO] SearXNG health check: OK
[2026-02-10T15:00:17+00:00] [INFO] OpenClaw Gateway health check: OK
[2026-02-10T15:00:17+00:00] [INFO] Generating monitoring report
[2026-02-10T15:00:17+00:00] [INFO] Monitoring completed
📊 **System Monitoring Report**

**Timestamp**: 2026-02-10T15:00:17+00:00

**System Resources**:
• CPU Usage: 28.6%
• Memory Usage: 54.0%
• Disk Usage: 82%

**Services**:
• Running Containers: 1
• SearXNG: running
• OpenClaw Gateway: running

**Health Checks**: ✅ All critical services monitored

Logs: `/root/clawd/logs/monitoring/system-monitor-20260210-150001.log`
[2026-02-10T15:30:01+00:00] [INFO] Starting system monitoring
[2026-02-10T15:30:01+00:00] [INFO] Starting metrics collection
[2026-02-10T15:30:01+00:00] [INFO] Metrics collected: CPU: 4.5%, Mem: 50.4%, Disk: 82%, SearXNG: running
[2026-02-10T15:30:02+00:00] [INFO] Monitoring Docker containers
[2026-02-10T15:30:02+00:00] [INFO] Container searxng: running
[2026-02-10T15:30:02+00:00] [INFO] Monitoring cron tasks
[2026-02-10T15:30:02+00:00] [INFO] Last AI Research cron run: No data
[2026-02-10T15:30:02+00:00] [INFO] Checking service health
[2026-02-10T15:30:02+00:00] [INFO] SearXNG health check: OK
[2026-02-10T15:30:17+00:00] [INFO] OpenClaw Gateway health check: OK
[2026-02-10T15:30:17+00:00] [INFO] Generating monitoring report
[2026-02-10T15:30:17+00:00] [INFO] Monitoring completed
📊 **System Monitoring Report**

**Timestamp**: 2026-02-10T15:30:17+00:00

**System Resources**:
• CPU Usage: 4.5%
• Memory Usage: 50.4%
• Disk Usage: 82%

**Services**:
• Running Containers: 1
• SearXNG: running
• OpenClaw Gateway: running

**Health Checks**: ✅ All critical services monitored

Logs: `/root/clawd/logs/monitoring/system-monitor-20260210-153001.log`
[2026-02-10T16:00:01+00:00] [INFO] Starting system monitoring
[2026-02-10T16:00:01+00:00] [INFO] Starting metrics collection
[2026-02-10T16:00:02+00:00] [INFO] Metrics collected: CPU: 35.0%, Mem: 51.3%, Disk: 82%, SearXNG: running
[2026-02-10T16:00:02+00:00] [INFO] Monitoring Docker containers
[2026-02-10T16:00:02+00:00] [INFO] Container searxng: running
[2026-02-10T16:00:02+00:00] [INFO] Monitoring cron tasks
[2026-02-10T16:00:02+00:00] [INFO] Last AI Research cron run: No data
[2026-02-10T16:00:02+00:00] [INFO] Checking service health
[2026-02-10T16:00:02+00:00] [INFO] SearXNG health check: OK
[2026-02-10T16:00:17+00:00] [INFO] OpenClaw Gateway health check: OK
[2026-02-10T16:00:17+00:00] [INFO] Generating monitoring report
[2026-02-10T16:00:17+00:00] [INFO] Monitoring completed
📊 **System Monitoring Report**

**Timestamp**: 2026-02-10T16:00:17+00:00

**System Resources**:
• CPU Usage: 35.0%
• Memory Usage: 51.3%
• Disk Usage: 82%

**Services**:
• Running Containers: 1
• SearXNG: running
• OpenClaw Gateway: running

**Health Checks**: ✅ All critical services monitored

Logs: `/root/clawd/logs/monitoring/system-monitor-20260210-160001.log`
[2026-02-10T16:30:01+00:00] [INFO] Starting system monitoring
[2026-02-10T16:30:01+00:00] [INFO] Starting metrics collection
[2026-02-10T16:30:02+00:00] [INFO] Metrics collected: CPU: 4.5%, Mem: 51.6%, Disk: 82%, SearXNG: running
[2026-02-10T16:30:02+00:00] [INFO] Monitoring Docker containers
[2026-02-10T16:30:02+00:00] [INFO] Container searxng: running
[2026-02-10T16:30:02+00:00] [INFO] Monitoring cron tasks
[2026-02-10T16:30:02+00:00] [INFO] Last AI Research cron run: No data
[2026-02-10T16:30:02+00:00] [INFO] Checking service health
[2026-02-10T16:30:02+00:00] [INFO] SearXNG health check: OK
[2026-02-10T16:30:17+00:00] [INFO] OpenClaw Gateway health check: OK
[2026-02-10T16:30:17+00:00] [INFO] Generating monitoring report
[2026-02-10T16:30:17+00:00] [INFO] Monitoring completed
📊 **System Monitoring Report**

**Timestamp**: 2026-02-10T16:30:17+00:00

**System Resources**:
• CPU Usage: 4.5%
• Memory Usage: 51.6%
• Disk Usage: 82%

**Services**:
• Running Containers: 1
• SearXNG: running
• OpenClaw Gateway: running

**Health Checks**: ✅ All critical services monitored

Logs: `/root/clawd/logs/monitoring/system-monitor-20260210-163001.log`
[2026-02-10T17:00:02+00:00] [INFO] Starting system monitoring
[2026-02-10T17:00:02+00:00] [INFO] Starting metrics collection
[2026-02-10T17:00:02+00:00] [INFO] Metrics collected: CPU: 28.6%, Mem: 51.3%, Disk: 82%, SearXNG: running
[2026-02-10T17:00:02+00:00] [INFO] Monitoring Docker containers
[2026-02-10T17:00:02+00:00] [INFO] Container searxng: running
[2026-02-10T17:00:02+00:00] [INFO] Monitoring cron tasks
[2026-02-10T17:00:02+00:00] [INFO] Last AI Research cron run: No data
[2026-02-10T17:00:02+00:00] [INFO] Checking service health
[2026-02-10T17:00:02+00:00] [INFO] SearXNG health check: OK
[2026-02-10T17:00:17+00:00] [INFO] OpenClaw Gateway health check: OK
[2026-02-10T17:00:17+00:00] [INFO] Generating monitoring report
[2026-02-10T17:00:17+00:00] [INFO] Monitoring completed
📊 **System Monitoring Report**

**Timestamp**: 2026-02-10T17:00:17+00:00

**System Resources**:
• CPU Usage: 28.6%
• Memory Usage: 51.3%
• Disk Usage: 82%

**Services**:
• Running Containers: 1
• SearXNG: running
• OpenClaw Gateway: running

**Health Checks**: ✅ All critical services monitored

Logs: `/root/clawd/logs/monitoring/system-monitor-20260210-170002.log`
[2026-02-10T17:30:02+00:00] [INFO] Starting system monitoring
[2026-02-10T17:30:02+00:00] [INFO] Starting metrics collection
[2026-02-10T17:30:02+00:00] [INFO] Metrics collected: CPU: 0.0%, Mem: 51.0%, Disk: 82%, SearXNG: running
[2026-02-10T17:30:02+00:00] [INFO] Monitoring Docker containers
[2026-02-10T17:30:02+00:00] [INFO] Container searxng: running
[2026-02-10T17:30:02+00:00] [INFO] Monitoring cron tasks
[2026-02-10T17:30:02+00:00] [INFO] Last AI Research cron run: No data
[2026-02-10T17:30:02+00:00] [INFO] Checking service health
[2026-02-10T17:30:02+00:00] [INFO] SearXNG health check: OK
[2026-02-10T17:30:18+00:00] [INFO] OpenClaw Gateway health check: OK
[2026-02-10T17:30:18+00:00] [INFO] Generating monitoring report
[2026-02-10T17:30:18+00:00] [INFO] Monitoring completed
📊 **System Monitoring Report**

**Timestamp**: 2026-02-10T17:30:18+00:00

**System Resources**:
• CPU Usage: 0.0%
• Memory Usage: 51.0%
• Disk Usage: 82%

**Services**:
• Running Containers: 1
• SearXNG: running
• OpenClaw Gateway: running

**Health Checks**: ✅ All critical services monitored

Logs: `/root/clawd/logs/monitoring/system-monitor-20260210-173002.log`
[2026-02-10T18:00:01+00:00] [INFO] Starting system monitoring
[2026-02-10T18:00:01+00:00] [INFO] Starting metrics collection
[2026-02-10T18:00:01+00:00] [INFO] Metrics collected: CPU: 23.8%, Mem: 51.0%, Disk: 82%, SearXNG: running
[2026-02-10T18:00:01+00:00] [INFO] Monitoring Docker containers
[2026-02-10T18:00:01+00:00] [INFO] Container searxng: running
[2026-02-10T18:00:01+00:00] [INFO] Monitoring cron tasks
[2026-02-10T18:00:01+00:00] [INFO] Last AI Research cron run: No data
[2026-02-10T18:00:01+00:00] [INFO] Checking service health
[2026-02-10T18:00:01+00:00] [INFO] SearXNG health check: OK
[2026-02-10T18:00:17+00:00] [INFO] OpenClaw Gateway health check: OK
[2026-02-10T18:00:17+00:00] [INFO] Generating monitoring report
[2026-02-10T18:00:17+00:00] [INFO] Monitoring completed
📊 **System Monitoring Report**

**Timestamp**: 2026-02-10T18:00:17+00:00

**System Resources**:
• CPU Usage: 23.8%
• Memory Usage: 51.0%
• Disk Usage: 82%

**Services**:
• Running Containers: 1
• SearXNG: running
• OpenClaw Gateway: running

**Health Checks**: ✅ All critical services monitored

Logs: `/root/clawd/logs/monitoring/system-monitor-20260210-180001.log`
[2026-02-10T18:30:01+00:00] [INFO] Starting system monitoring
[2026-02-10T18:30:01+00:00] [INFO] Starting metrics collection
[2026-02-10T18:30:01+00:00] [INFO] Metrics collected: CPU: 0.0%, Mem: 51.4%, Disk: 82%, SearXNG: running
[2026-02-10T18:30:01+00:00] [INFO] Monitoring Docker containers
[2026-02-10T18:30:02+00:00] [INFO] Container searxng: running
[2026-02-10T18:30:02+00:00] [INFO] Monitoring cron tasks
[2026-02-10T18:30:02+00:00] [INFO] Last AI Research cron run: No data
[2026-02-10T18:30:02+00:00] [INFO] Checking service health
[2026-02-10T18:30:02+00:00] [INFO] SearXNG health check: OK
[2026-02-10T18:30:17+00:00] [INFO] OpenClaw Gateway health check: OK
[2026-02-10T18:30:17+00:00] [INFO] Generating monitoring report
[2026-02-10T18:30:18+00:00] [INFO] Monitoring completed
📊 **System Monitoring Report**

**Timestamp**: 2026-02-10T18:30:18+00:00

**System Resources**:
• CPU Usage: 0.0%
• Memory Usage: 51.4%
• Disk Usage: 82%

**Services**:
• Running Containers: 1
• SearXNG: running
• OpenClaw Gateway: running

**Health Checks**: ✅ All critical services monitored

Logs: `/root/clawd/logs/monitoring/system-monitor-20260210-183001.log`
[2026-02-10T19:00:01+00:00] [INFO] Starting system monitoring
[2026-02-10T19:00:01+00:00] [INFO] Starting metrics collection
[2026-02-10T19:00:01+00:00] [INFO] Metrics collected: CPU: 33.3%, Mem: 51.0%, Disk: 82%, SearXNG: running
[2026-02-10T19:00:01+00:00] [INFO] Monitoring Docker containers
[2026-02-10T19:00:01+00:00] [INFO] Container searxng: running
[2026-02-10T19:00:01+00:00] [INFO] Monitoring cron tasks
[2026-02-10T19:00:01+00:00] [INFO] Last AI Research cron run: No data
[2026-02-10T19:00:01+00:00] [INFO] Checking service health
[2026-02-10T19:00:01+00:00] [INFO] SearXNG health check: OK
[2026-02-10T19:00:17+00:00] [INFO] OpenClaw Gateway health check: OK
[2026-02-10T19:00:17+00:00] [INFO] Generating monitoring report
[2026-02-10T19:00:17+00:00] [INFO] Monitoring completed
📊 **System Monitoring Report**

**Timestamp**: 2026-02-10T19:00:17+00:00

**System Resources**:
• CPU Usage: 33.3%
• Memory Usage: 51.0%
• Disk Usage: 82%

**Services**:
• Running Containers: 1
• SearXNG: running
• OpenClaw Gateway: running

**Health Checks**: ✅ All critical services monitored

Logs: `/root/clawd/logs/monitoring/system-monitor-20260210-190001.log`
[2026-02-10T19:30:01+00:00] [INFO] Starting system monitoring
[2026-02-10T19:30:01+00:00] [INFO] Starting metrics collection
[2026-02-10T19:30:01+00:00] [INFO] Metrics collected: CPU: 0.0%, Mem: 50.8%, Disk: 82%, SearXNG: running
[2026-02-10T19:30:01+00:00] [INFO] Monitoring Docker containers
[2026-02-10T19:30:02+00:00] [INFO] Container searxng: running
[2026-02-10T19:30:02+00:00] [INFO] Monitoring cron tasks
[2026-02-10T19:30:02+00:00] [INFO] Last AI Research cron run: No data
[2026-02-10T19:30:02+00:00] [INFO] Checking service health
[2026-02-10T19:30:02+00:00] [INFO] SearXNG health check: OK
[2026-02-10T19:30:17+00:00] [INFO] OpenClaw Gateway health check: OK
[2026-02-10T19:30:17+00:00] [INFO] Generating monitoring report
[2026-02-10T19:30:17+00:00] [INFO] Monitoring completed
📊 **System Monitoring Report**

**Timestamp**: 2026-02-10T19:30:17+00:00

**System Resources**:
• CPU Usage: 0.0%
• Memory Usage: 50.8%
• Disk Usage: 82%

**Services**:
• Running Containers: 1
• SearXNG: running
• OpenClaw Gateway: running

**Health Checks**: ✅ All critical services monitored

Logs: `/root/clawd/logs/monitoring/system-monitor-20260210-193001.log`
[2026-02-10T20:00:01+00:00] [INFO] Starting system monitoring
[2026-02-10T20:00:01+00:00] [INFO] Starting metrics collection
[2026-02-10T20:00:01+00:00] [INFO] Metrics collected: CPU: 65.4%, Mem: 51.5%, Disk: 82%, SearXNG: running
[2026-02-10T20:00:02+00:00] [INFO] Monitoring Docker containers
[2026-02-10T20:00:02+00:00] [INFO] Container searxng: running
[2026-02-10T20:00:02+00:00] [INFO] Monitoring cron tasks
[2026-02-10T20:00:02+00:00] [INFO] Last AI Research cron run: No data
[2026-02-10T20:00:02+00:00] [INFO] Checking service health
[2026-02-10T20:00:02+00:00] [INFO] SearXNG health check: OK
[2026-02-10T20:00:17+00:00] [INFO] OpenClaw Gateway health check: OK
[2026-02-10T20:00:17+00:00] [INFO] Generating monitoring report
[2026-02-10T20:00:17+00:00] [INFO] Monitoring completed
📊 **System Monitoring Report**

**Timestamp**: 2026-02-10T20:00:17+00:00

**System Resources**:
• CPU Usage: 65.4%
• Memory Usage: 51.5%
• Disk Usage: 82%

**Services**:
• Running Containers: 1
• SearXNG: running
• OpenClaw Gateway: running

**Health Checks**: ✅ All critical services monitored

Logs: `/root/clawd/logs/monitoring/system-monitor-20260210-200001.log`
[2026-02-10T20:30:01+00:00] [INFO] Starting system monitoring
[2026-02-10T20:30:01+00:00] [INFO] Starting metrics collection
[2026-02-10T20:30:01+00:00] [INFO] Metrics collected: CPU: 0.0%, Mem: 51.5%, Disk: 82%, SearXNG: running
[2026-02-10T20:30:01+00:00] [INFO] Monitoring Docker containers
[2026-02-10T20:30:02+00:00] [INFO] Container searxng: running
[2026-02-10T20:30:02+00:00] [INFO] Monitoring cron tasks
[2026-02-10T20:30:02+00:00] [INFO] Last AI Research cron run: No data
[2026-02-10T20:30:02+00:00] [INFO] Checking service health
[2026-02-10T20:30:02+00:00] [INFO] SearXNG health check: OK
[2026-02-10T20:30:17+00:00] [INFO] OpenClaw Gateway health check: OK
[2026-02-10T20:30:17+00:00] [INFO] Generating monitoring report
[2026-02-10T20:30:17+00:00] [INFO] Monitoring completed
📊 **System Monitoring Report**

**Timestamp**: 2026-02-10T20:30:17+00:00

**System Resources**:
• CPU Usage: 0.0%
• Memory Usage: 51.5%
• Disk Usage: 82%

**Services**:
• Running Containers: 1
• SearXNG: running
• OpenClaw Gateway: running

**Health Checks**: ✅ All critical services monitored

Logs: `/root/clawd/logs/monitoring/system-monitor-20260210-203001.log`
[2026-02-10T21:00:01+00:00] [INFO] Starting system monitoring
[2026-02-10T21:00:01+00:00] [INFO] Starting metrics collection
[2026-02-10T21:00:01+00:00] [INFO] Metrics collected: CPU: 23.8%, Mem: 51.5%, Disk: 82%, SearXNG: running
[2026-02-10T21:00:01+00:00] [INFO] Monitoring Docker containers
[2026-02-10T21:00:01+00:00] [INFO] Container searxng: running
[2026-02-10T21:00:01+00:00] [INFO] Monitoring cron tasks
[2026-02-10T21:00:01+00:00] [INFO] Last AI Research cron run: No data
[2026-02-10T21:00:01+00:00] [INFO] Checking service health
[2026-02-10T21:00:01+00:00] [INFO] SearXNG health check: OK
[2026-02-10T21:00:16+00:00] [INFO] OpenClaw Gateway health check: OK
[2026-02-10T21:00:16+00:00] [INFO] Generating monitoring report
[2026-02-10T21:00:16+00:00] [INFO] Monitoring completed
📊 **System Monitoring Report**

**Timestamp**: 2026-02-10T21:00:16+00:00

**System Resources**:
• CPU Usage: 23.8%
• Memory Usage: 51.5%
• Disk Usage: 82%

**Services**:
• Running Containers: 1
• SearXNG: running
• OpenClaw Gateway: running

**Health Checks**: ✅ All critical services monitored

Logs: `/root/clawd/logs/monitoring/system-monitor-20260210-210001.log`
[2026-02-10T21:30:01+00:00] [INFO] Starting system monitoring
[2026-02-10T21:30:01+00:00] [INFO] Starting metrics collection
[2026-02-10T21:30:02+00:00] [INFO] Metrics collected: CPU: 0.0%, Mem: 51.8%, Disk: 82%, SearXNG: running
[2026-02-10T21:30:02+00:00] [INFO] Monitoring Docker containers
[2026-02-10T21:30:02+00:00] [INFO] Container searxng: running
[2026-02-10T21:30:02+00:00] [INFO] Monitoring cron tasks
[2026-02-10T21:30:02+00:00] [INFO] Last AI Research cron run: No data
[2026-02-10T21:30:02+00:00] [INFO] Checking service health
[2026-02-10T21:30:02+00:00] [INFO] SearXNG health check: OK
[2026-02-10T21:30:17+00:00] [INFO] OpenClaw Gateway health check: OK
[2026-02-10T21:30:17+00:00] [INFO] Generating monitoring report
[2026-02-10T21:30:17+00:00] [INFO] Monitoring completed
📊 **System Monitoring Report**

**Timestamp**: 2026-02-10T21:30:17+00:00

**System Resources**:
• CPU Usage: 0.0%
• Memory Usage: 51.8%
• Disk Usage: 82%

**Services**:
• Running Containers: 1
• SearXNG: running
• OpenClaw Gateway: running

**Health Checks**: ✅ All critical services monitored

Logs: `/root/clawd/logs/monitoring/system-monitor-20260210-213001.log`
[2026-02-10T22:00:01+00:00] [INFO] Starting system monitoring
[2026-02-10T22:00:01+00:00] [INFO] Starting metrics collection
[2026-02-10T22:00:02+00:00] [INFO] Metrics collected: CPU: 25.0%, Mem: 51.3%, Disk: 82%, SearXNG: running
[2026-02-10T22:00:02+00:00] [INFO] Monitoring Docker containers
[2026-02-10T22:00:02+00:00] [INFO] Container searxng: running
[2026-02-10T22:00:02+00:00] [INFO] Monitoring cron tasks
[2026-02-10T22:00:02+00:00] [INFO] Last AI Research cron run: No data
[2026-02-10T22:00:02+00:00] [INFO] Checking service health
[2026-02-10T22:00:02+00:00] [INFO] SearXNG health check: OK
[2026-02-10T22:00:17+00:00] [INFO] OpenClaw Gateway health check: OK
[2026-02-10T22:00:17+00:00] [INFO] Generating monitoring report
[2026-02-10T22:00:17+00:00] [INFO] Monitoring completed
📊 **System Monitoring Report**

**Timestamp**: 2026-02-10T22:00:17+00:00

**System Resources**:
• CPU Usage: 25.0%
• Memory Usage: 51.3%
• Disk Usage: 82%

**Services**:
• Running Containers: 1
• SearXNG: running
• OpenClaw Gateway: running

**Health Checks**: ✅ All critical services monitored

Logs: `/root/clawd/logs/monitoring/system-monitor-20260210-220001.log`
[2026-02-10T22:30:01+00:00] [INFO] Starting system monitoring
[2026-02-10T22:30:01+00:00] [INFO] Starting metrics collection
[2026-02-10T22:30:01+00:00] [INFO] Metrics collected: CPU: 0.0%, Mem: 51.6%, Disk: 82%, SearXNG: running
[2026-02-10T22:30:02+00:00] [INFO] Monitoring Docker containers
[2026-02-10T22:30:02+00:00] [INFO] Container searxng: running
[2026-02-10T22:30:02+00:00] [INFO] Monitoring cron tasks
[2026-02-10T22:30:02+00:00] [INFO] Last AI Research cron run: No data
[2026-02-10T22:30:02+00:00] [INFO] Checking service health
[2026-02-10T22:30:02+00:00] [INFO] SearXNG health check: OK
[2026-02-10T22:30:17+00:00] [INFO] OpenClaw Gateway health check: OK
[2026-02-10T22:30:17+00:00] [INFO] Generating monitoring report
[2026-02-10T22:30:17+00:00] [INFO] Monitoring completed
📊 **System Monitoring Report**

**Timestamp**: 2026-02-10T22:30:17+00:00

**System Resources**:
• CPU Usage: 0.0%
• Memory Usage: 51.6%
• Disk Usage: 82%

**Services**:
• Running Containers: 1
• SearXNG: running
• OpenClaw Gateway: running

**Health Checks**: ✅ All critical services monitored

Logs: `/root/clawd/logs/monitoring/system-monitor-20260210-223001.log`
[2026-02-10T23:00:01+00:00] [INFO] Starting system monitoring
[2026-02-10T23:00:01+00:00] [INFO] Starting metrics collection
[2026-02-10T23:00:01+00:00] [INFO] Metrics collected: CPU: 34.8%, Mem: 51.5%, Disk: 82%, SearXNG: running
[2026-02-10T23:00:01+00:00] [INFO] Monitoring Docker containers
[2026-02-10T23:00:01+00:00] [INFO] Container searxng: running
[2026-02-10T23:00:01+00:00] [INFO] Monitoring cron tasks
[2026-02-10T23:00:01+00:00] [INFO] Last AI Research cron run: No data
[2026-02-10T23:00:01+00:00] [INFO] Checking service health
[2026-02-10T23:00:01+00:00] [INFO] SearXNG health check: OK
[2026-02-10T23:00:16+00:00] [INFO] OpenClaw Gateway health check: OK
[2026-02-10T23:00:16+00:00] [INFO] Generating monitoring report
[2026-02-10T23:00:16+00:00] [INFO] Monitoring completed
📊 **System Monitoring Report**

**Timestamp**: 2026-02-10T23:00:16+00:00

**System Resources**:
• CPU Usage: 34.8%
• Memory Usage: 51.5%
• Disk Usage: 82%

**Services**:
• Running Containers: 1
• SearXNG: running
• OpenClaw Gateway: running

**Health Checks**: ✅ All critical services monitored

Logs: `/root/clawd/logs/monitoring/system-monitor-20260210-230001.log`
[2026-02-10T23:30:01+00:00] [INFO] Starting system monitoring
[2026-02-10T23:30:01+00:00] [INFO] Starting metrics collection
[2026-02-10T23:30:02+00:00] [INFO] Metrics collected: CPU: 0.0%, Mem: 51.6%, Disk: 82%, SearXNG: running
[2026-02-10T23:30:02+00:00] [INFO] Monitoring Docker containers
[2026-02-10T23:30:02+00:00] [INFO] Container searxng: running
[2026-02-10T23:30:02+00:00] [INFO] Monitoring cron tasks
[2026-02-10T23:30:02+00:00] [INFO] Last AI Research cron run: No data
[2026-02-10T23:30:02+00:00] [INFO] Checking service health
[2026-02-10T23:30:02+00:00] [INFO] SearXNG health check: OK
[2026-02-10T23:30:17+00:00] [INFO] OpenClaw Gateway health check: OK
[2026-02-10T23:30:17+00:00] [INFO] Generating monitoring report
[2026-02-10T23:30:17+00:00] [INFO] Monitoring completed
📊 **System Monitoring Report**

**Timestamp**: 2026-02-10T23:30:17+00:00

**System Resources**:
• CPU Usage: 0.0%
• Memory Usage: 51.6%
• Disk Usage: 82%

**Services**:
• Running Containers: 1
• SearXNG: running
• OpenClaw Gateway: running

**Health Checks**: ✅ All critical services monitored

Logs: `/root/clawd/logs/monitoring/system-monitor-20260210-233001.log`
[2026-02-11T00:00:01+00:00] [INFO] Starting system monitoring
[2026-02-11T00:00:01+00:00] [INFO] Starting metrics collection
[2026-02-11T00:00:02+00:00] [INFO] Metrics collected: CPU: 52.0%, Mem: 52.1%, Disk: 83%, SearXNG: running
[2026-02-11T00:00:02+00:00] [INFO] Monitoring Docker containers
[2026-02-11T00:00:02+00:00] [INFO] Container searxng: running
[2026-02-11T00:00:02+00:00] [INFO] Monitoring cron tasks
[2026-02-11T00:00:02+00:00] [INFO] Last AI Research cron run: No data
[2026-02-11T00:00:02+00:00] [INFO] Checking service health
[2026-02-11T00:00:02+00:00] [INFO] SearXNG health check: OK
[2026-02-11T00:00:20+00:00] [INFO] OpenClaw Gateway health check: OK
[2026-02-11T00:00:20+00:00] [INFO] Generating monitoring report
[2026-02-11T00:00:20+00:00] [INFO] Monitoring completed
📊 **System Monitoring Report**

**Timestamp**: 2026-02-11T00:00:20+00:00

**System Resources**:
• CPU Usage: 52.0%
• Memory Usage: 52.1%
• Disk Usage: 83%

**Services**:
• Running Containers: 1
• SearXNG: running
• OpenClaw Gateway: running

**Health Checks**: ✅ All critical services monitored

Logs: `/root/clawd/logs/monitoring/system-monitor-20260211-000001.log`
[2026-02-11T00:30:01+00:00] [INFO] Starting system monitoring
[2026-02-11T00:30:01+00:00] [INFO] Starting metrics collection
[2026-02-11T00:30:01+00:00] [INFO] Metrics collected: CPU: 4.3%, Mem: 51.4%, Disk: 83%, SearXNG: running
[2026-02-11T00:30:02+00:00] [INFO] Monitoring Docker containers
[2026-02-11T00:30:02+00:00] [INFO] Container searxng: running
[2026-02-11T00:30:02+00:00] [INFO] Monitoring cron tasks
[2026-02-11T00:30:02+00:00] [INFO] Last AI Research cron run: No data
[2026-02-11T00:30:02+00:00] [INFO] Checking service health
[2026-02-11T00:30:02+00:00] [INFO] SearXNG health check: OK
[2026-02-11T00:30:17+00:00] [INFO] OpenClaw Gateway health check: OK
[2026-02-11T00:30:17+00:00] [INFO] Generating monitoring report
[2026-02-11T00:30:17+00:00] [INFO] Monitoring completed
📊 **System Monitoring Report**

**Timestamp**: 2026-02-11T00:30:17+00:00

**System Resources**:
• CPU Usage: 4.3%
• Memory Usage: 51.4%
• Disk Usage: 83%

**Services**:
• Running Containers: 1
• SearXNG: running
• OpenClaw Gateway: running

**Health Checks**: ✅ All critical services monitored

Logs: `/root/clawd/logs/monitoring/system-monitor-20260211-003001.log`
[2026-02-11T01:00:01+00:00] [INFO] Starting system monitoring
[2026-02-11T01:00:01+00:00] [INFO] Starting metrics collection
[2026-02-11T01:00:02+00:00] [INFO] Metrics collected: CPU: 75.9%, Mem: 54.3%, Disk: 83%, SearXNG: running
[2026-02-11T01:00:02+00:00] [INFO] Monitoring Docker containers
[2026-02-11T01:00:02+00:00] [INFO] Container searxng: running
[2026-02-11T01:00:02+00:00] [INFO] Monitoring cron tasks
[2026-02-11T01:00:02+00:00] [INFO] Last AI Research cron run: No data
[2026-02-11T01:00:02+00:00] [INFO] Checking service health
[2026-02-11T01:00:02+00:00] [INFO] SearXNG health check: OK
[2026-02-11T01:00:22+00:00] [INFO] OpenClaw Gateway health check: OK
[2026-02-11T01:00:22+00:00] [INFO] Generating monitoring report
[2026-02-11T01:00:22+00:00] [INFO] Monitoring completed
📊 **System Monitoring Report**

**Timestamp**: 2026-02-11T01:00:22+00:00

**System Resources**:
• CPU Usage: 75.9%
• Memory Usage: 54.3%
• Disk Usage: 83%

**Services**:
• Running Containers: 1
• SearXNG: running
• OpenClaw Gateway: running

**Health Checks**: ✅ All critical services monitored

Logs: `/root/clawd/logs/monitoring/system-monitor-20260211-010001.log`
[2026-02-11T01:30:01+00:00] [INFO] Starting system monitoring
[2026-02-11T01:30:01+00:00] [INFO] Starting metrics collection
[2026-02-11T01:30:02+00:00] [INFO] Metrics collected: CPU: 0.0%, Mem: 52.1%, Disk: 83%, SearXNG: running
[2026-02-11T01:30:02+00:00] [INFO] Monitoring Docker containers
[2026-02-11T01:30:02+00:00] [INFO] Container searxng: running
[2026-02-11T01:30:02+00:00] [INFO] Monitoring cron tasks
[2026-02-11T01:30:02+00:00] [INFO] Last AI Research cron run: No data
[2026-02-11T01:30:02+00:00] [INFO] Checking service health
[2026-02-11T01:30:02+00:00] [INFO] SearXNG health check: OK
[2026-02-11T01:30:17+00:00] [INFO] OpenClaw Gateway health check: OK
[2026-02-11T01:30:17+00:00] [INFO] Generating monitoring report
[2026-02-11T01:30:17+00:00] [INFO] Monitoring completed
📊 **System Monitoring Report**

**Timestamp**: 2026-02-11T01:30:17+00:00

**System Resources**:
• CPU Usage: 0.0%
• Memory Usage: 52.1%
• Disk Usage: 83%

**Services**:
• Running Containers: 1
• SearXNG: running
• OpenClaw Gateway: running

**Health Checks**: ✅ All critical services monitored

Logs: `/root/clawd/logs/monitoring/system-monitor-20260211-013001.log`
[2026-02-11T02:00:01+00:00] [INFO] Starting system monitoring
[2026-02-11T02:00:01+00:00] [INFO] Starting metrics collection
[2026-02-11T02:00:02+00:00] [INFO] Metrics collected: CPU: 50.0%, Mem: 52.5%, Disk: 83%, SearXNG: running
[2026-02-11T02:00:02+00:00] [INFO] Monitoring Docker containers
[2026-02-11T02:00:02+00:00] [INFO] Container searxng: running
[2026-02-11T02:00:02+00:00] [INFO] Monitoring cron tasks
[2026-02-11T02:00:02+00:00] [INFO] Last AI Research cron run: No data
[2026-02-11T02:00:02+00:00] [INFO] Checking service health
[2026-02-11T02:00:02+00:00] [INFO] SearXNG health check: OK
[2026-02-11T02:00:17+00:00] [INFO] OpenClaw Gateway health check: OK
[2026-02-11T02:00:17+00:00] [INFO] Generating monitoring report
[2026-02-11T02:00:17+00:00] [INFO] Monitoring completed
📊 **System Monitoring Report**

**Timestamp**: 2026-02-11T02:00:17+00:00

**System Resources**:
• CPU Usage: 50.0%
• Memory Usage: 52.5%
• Disk Usage: 83%

**Services**:
• Running Containers: 1
• SearXNG: running
• OpenClaw Gateway: running

**Health Checks**: ✅ All critical services monitored

Logs: `/root/clawd/logs/monitoring/system-monitor-20260211-020001.log`
[2026-02-11T02:30:01+00:00] [INFO] Starting system monitoring
[2026-02-11T02:30:01+00:00] [INFO] Starting metrics collection
[2026-02-11T02:30:01+00:00] [INFO] Metrics collected: CPU: 4.5%, Mem: 52.8%, Disk: 83%, SearXNG: running
[2026-02-11T02:30:02+00:00] [INFO] Monitoring Docker containers
[2026-02-11T02:30:02+00:00] [INFO] Container searxng: running
[2026-02-11T02:30:02+00:00] [INFO] Monitoring cron tasks
[2026-02-11T02:30:02+00:00] [INFO] Last AI Research cron run: No data
[2026-02-11T02:30:02+00:00] [INFO] Checking service health
[2026-02-11T02:30:02+00:00] [INFO] SearXNG health check: OK
[2026-02-11T02:30:18+00:00] [INFO] OpenClaw Gateway health check: OK
[2026-02-11T02:30:18+00:00] [INFO] Generating monitoring report
[2026-02-11T02:30:18+00:00] [INFO] Monitoring completed
📊 **System Monitoring Report**

**Timestamp**: 2026-02-11T02:30:18+00:00

**System Resources**:
• CPU Usage: 4.5%
• Memory Usage: 52.8%
• Disk Usage: 83%

**Services**:
• Running Containers: 1
• SearXNG: running
• OpenClaw Gateway: running

**Health Checks**: ✅ All critical services monitored

Logs: `/root/clawd/logs/monitoring/system-monitor-20260211-023001.log`
[2026-02-11T03:00:01+00:00] [INFO] Starting system monitoring
[2026-02-11T03:00:01+00:00] [INFO] Starting metrics collection
[2026-02-11T03:00:01+00:00] [INFO] Metrics collected: CPU: 48.1%, Mem: 52.7%, Disk: 83%, SearXNG: running
[2026-02-11T03:00:01+00:00] [INFO] Monitoring Docker containers
[2026-02-11T03:00:01+00:00] [INFO] Container searxng: running
[2026-02-11T03:00:02+00:00] [INFO] Monitoring cron tasks
[2026-02-11T03:00:02+00:00] [INFO] Last AI Research cron run: No data
[2026-02-11T03:00:02+00:00] [INFO] Checking service health
[2026-02-11T03:00:02+00:00] [INFO] SearXNG health check: OK
[2026-02-11T03:00:21+00:00] [INFO] OpenClaw Gateway health check: OK
[2026-02-11T03:00:21+00:00] [INFO] Generating monitoring report
[2026-02-11T03:00:21+00:00] [INFO] Monitoring completed
📊 **System Monitoring Report**

**Timestamp**: 2026-02-11T03:00:21+00:00

**System Resources**:
• CPU Usage: 48.1%
• Memory Usage: 52.7%
• Disk Usage: 83%

**Services**:
• Running Containers: 1
• SearXNG: running
• OpenClaw Gateway: running

**Health Checks**: ✅ All critical services monitored

Logs: `/root/clawd/logs/monitoring/system-monitor-20260211-030001.log`
[2026-02-11T03:30:01+00:00] [INFO] Starting system monitoring
[2026-02-11T03:30:01+00:00] [INFO] Starting metrics collection
[2026-02-11T03:30:02+00:00] [INFO] Metrics collected: CPU: 0.0%, Mem: 53.0%, Disk: 83%, SearXNG: running
[2026-02-11T03:30:02+00:00] [INFO] Monitoring Docker containers
[2026-02-11T03:30:02+00:00] [INFO] Container searxng: running
[2026-02-11T03:30:02+00:00] [INFO] Monitoring cron tasks
[2026-02-11T03:30:02+00:00] [INFO] Last AI Research cron run: No data
[2026-02-11T03:30:02+00:00] [INFO] Checking service health
[2026-02-11T03:30:02+00:00] [INFO] SearXNG health check: OK
[2026-02-11T03:30:18+00:00] [INFO] OpenClaw Gateway health check: OK
[2026-02-11T03:30:18+00:00] [INFO] Generating monitoring report
[2026-02-11T03:30:18+00:00] [INFO] Monitoring completed
📊 **System Monitoring Report**

**Timestamp**: 2026-02-11T03:30:18+00:00

**System Resources**:
• CPU Usage: 0.0%
• Memory Usage: 53.0%
• Disk Usage: 83%

**Services**:
• Running Containers: 1
• SearXNG: running
• OpenClaw Gateway: running

**Health Checks**: ✅ All critical services monitored

Logs: `/root/clawd/logs/monitoring/system-monitor-20260211-033001.log`
[2026-02-11T04:00:01+00:00] [INFO] Starting system monitoring
[2026-02-11T04:00:01+00:00] [INFO] Starting metrics collection
[2026-02-11T04:00:02+00:00] [INFO] Metrics collected: CPU: 31.8%, Mem: 51.7%, Disk: 83%, SearXNG: running
[2026-02-11T04:00:02+00:00] [INFO] Monitoring Docker containers
[2026-02-11T04:00:02+00:00] [INFO] Container searxng: running
[2026-02-11T04:00:02+00:00] [INFO] Monitoring cron tasks
[2026-02-11T04:00:02+00:00] [INFO] Last AI Research cron run: No data
[2026-02-11T04:00:02+00:00] [INFO] Checking service health
[2026-02-11T04:00:02+00:00] [INFO] SearXNG health check: OK
[2026-02-11T04:00:17+00:00] [INFO] OpenClaw Gateway health check: OK
[2026-02-11T04:00:17+00:00] [INFO] Generating monitoring report
[2026-02-11T04:00:17+00:00] [INFO] Monitoring completed
📊 **System Monitoring Report**

**Timestamp**: 2026-02-11T04:00:17+00:00

**System Resources**:
• CPU Usage: 31.8%
• Memory Usage: 51.7%
• Disk Usage: 83%

**Services**:
• Running Containers: 1
• SearXNG: running
• OpenClaw Gateway: running

**Health Checks**: ✅ All critical services monitored

Logs: `/root/clawd/logs/monitoring/system-monitor-20260211-040001.log`
[2026-02-11T04:30:01+00:00] [INFO] Starting system monitoring
[2026-02-11T04:30:01+00:00] [INFO] Starting metrics collection
[2026-02-11T04:30:01+00:00] [INFO] Metrics collected: CPU: 65.2%, Mem: 53.3%, Disk: 83%, SearXNG: running
[2026-02-11T04:30:01+00:00] [INFO] Monitoring Docker containers
[2026-02-11T04:30:01+00:00] [INFO] Container searxng: running
[2026-02-11T04:30:01+00:00] [INFO] Monitoring cron tasks
[2026-02-11T04:30:01+00:00] [INFO] Last AI Research cron run: No data
[2026-02-11T04:30:01+00:00] [INFO] Checking service health
[2026-02-11T04:30:01+00:00] [INFO] SearXNG health check: OK
[2026-02-11T04:30:16+00:00] [INFO] OpenClaw Gateway health check: OK
[2026-02-11T04:30:16+00:00] [INFO] Generating monitoring report
[2026-02-11T04:30:17+00:00] [INFO] Monitoring completed
📊 **System Monitoring Report**

**Timestamp**: 2026-02-11T04:30:17+00:00

**System Resources**:
• CPU Usage: 65.2%
• Memory Usage: 53.3%
• Disk Usage: 83%

**Services**:
• Running Containers: 1
• SearXNG: running
• OpenClaw Gateway: running

**Health Checks**: ✅ All critical services monitored

Logs: `/root/clawd/logs/monitoring/system-monitor-20260211-043001.log`
[2026-02-11T05:00:01+00:00] [INFO] Starting system monitoring
[2026-02-11T05:00:01+00:00] [INFO] Starting metrics collection
[2026-02-11T05:00:01+00:00] [INFO] Metrics collected: CPU: 30.0%, Mem: 53.1%, Disk: 83%, SearXNG: running
[2026-02-11T05:00:01+00:00] [INFO] Monitoring Docker containers
[2026-02-11T05:00:01+00:00] [INFO] Container searxng: running
[2026-02-11T05:00:01+00:00] [INFO] Monitoring cron tasks
[2026-02-11T05:00:01+00:00] [INFO] Last AI Research cron run: No data
[2026-02-11T05:00:01+00:00] [INFO] Checking service health
[2026-02-11T05:00:01+00:00] [INFO] SearXNG health check: OK
[2026-02-11T05:00:17+00:00] [INFO] OpenClaw Gateway health check: OK
[2026-02-11T05:00:17+00:00] [INFO] Generating monitoring report
[2026-02-11T05:00:17+00:00] [INFO] Monitoring completed
📊 **System Monitoring Report**

**Timestamp**: 2026-02-11T05:00:17+00:00

**System Resources**:
• CPU Usage: 30.0%
• Memory Usage: 53.1%
• Disk Usage: 83%

**Services**:
• Running Containers: 1
• SearXNG: running
• OpenClaw Gateway: running

**Health Checks**: ✅ All critical services monitored

Logs: `/root/clawd/logs/monitoring/system-monitor-20260211-050001.log`
[2026-02-11T05:30:01+00:00] [INFO] Starting system monitoring
[2026-02-11T05:30:01+00:00] [INFO] Starting metrics collection
[2026-02-11T05:30:02+00:00] [INFO] Metrics collected: CPU: 0.0%, Mem: 52.5%, Disk: 83%, SearXNG: running
[2026-02-11T05:30:02+00:00] [INFO] Monitoring Docker containers
[2026-02-11T05:30:02+00:00] [INFO] Container searxng: running
[2026-02-11T05:30:02+00:00] [INFO] Monitoring cron tasks
[2026-02-11T05:30:02+00:00] [INFO] Last AI Research cron run: No data
[2026-02-11T05:30:02+00:00] [INFO] Checking service health
[2026-02-11T05:30:02+00:00] [INFO] SearXNG health check: OK
[2026-02-11T05:30:17+00:00] [INFO] OpenClaw Gateway health check: OK
[2026-02-11T05:30:17+00:00] [INFO] Generating monitoring report
[2026-02-11T05:30:17+00:00] [INFO] Monitoring completed
📊 **System Monitoring Report**

**Timestamp**: 2026-02-11T05:30:17+00:00

**System Resources**:
• CPU Usage: 0.0%
• Memory Usage: 52.5%
• Disk Usage: 83%

**Services**:
• Running Containers: 1
• SearXNG: running
• OpenClaw Gateway: running

**Health Checks**: ✅ All critical services monitored

Logs: `/root/clawd/logs/monitoring/system-monitor-20260211-053001.log`
[2026-02-11T06:00:01+00:00] [INFO] Starting system monitoring
[2026-02-11T06:00:01+00:00] [INFO] Starting metrics collection
[2026-02-11T06:00:02+00:00] [INFO] Metrics collected: CPU: 31.8%, Mem: 52.8%, Disk: 83%, SearXNG: running
[2026-02-11T06:00:02+00:00] [INFO] Monitoring Docker containers
[2026-02-11T06:00:02+00:00] [INFO] Container searxng: running
[2026-02-11T06:00:02+00:00] [INFO] Monitoring cron tasks
[2026-02-11T06:00:02+00:00] [INFO] Last AI Research cron run: No data
[2026-02-11T06:00:02+00:00] [INFO] Checking service health
[2026-02-11T06:00:02+00:00] [INFO] SearXNG health check: OK
[2026-02-11T06:00:17+00:00] [INFO] OpenClaw Gateway health check: OK
[2026-02-11T06:00:17+00:00] [INFO] Generating monitoring report
[2026-02-11T06:00:17+00:00] [INFO] Monitoring completed
📊 **System Monitoring Report**

**Timestamp**: 2026-02-11T06:00:17+00:00

**System Resources**:
• CPU Usage: 31.8%
• Memory Usage: 52.8%
• Disk Usage: 83%

**Services**:
• Running Containers: 1
• SearXNG: running
• OpenClaw Gateway: running

**Health Checks**: ✅ All critical services monitored

Logs: `/root/clawd/logs/monitoring/system-monitor-20260211-060001.log`
[2026-02-11T06:30:01+00:00] [INFO] Starting system monitoring
[2026-02-11T06:30:01+00:00] [INFO] Starting metrics collection
[2026-02-11T06:30:02+00:00] [INFO] Metrics collected: CPU: 4.8%, Mem: 52.7%, Disk: 83%, SearXNG: running
[2026-02-11T06:30:02+00:00] [INFO] Monitoring Docker containers
[2026-02-11T06:30:02+00:00] [INFO] Container searxng: running
[2026-02-11T06:30:02+00:00] [INFO] Monitoring cron tasks
[2026-02-11T06:30:02+00:00] [INFO] Last AI Research cron run: No data
[2026-02-11T06:30:02+00:00] [INFO] Checking service health
[2026-02-11T06:30:02+00:00] [INFO] SearXNG health check: OK
[2026-02-11T06:30:17+00:00] [INFO] OpenClaw Gateway health check: OK
[2026-02-11T06:30:17+00:00] [INFO] Generating monitoring report
[2026-02-11T06:30:17+00:00] [INFO] Monitoring completed
📊 **System Monitoring Report**

**Timestamp**: 2026-02-11T06:30:17+00:00

**System Resources**:
• CPU Usage: 4.8%
• Memory Usage: 52.7%
• Disk Usage: 83%

**Services**:
• Running Containers: 1
• SearXNG: running
• OpenClaw Gateway: running

**Health Checks**: ✅ All critical services monitored

Logs: `/root/clawd/logs/monitoring/system-monitor-20260211-063001.log`
[2026-02-11T07:00:01+00:00] [INFO] Starting system monitoring
[2026-02-11T07:00:01+00:00] [INFO] Starting metrics collection
[2026-02-11T07:00:02+00:00] [INFO] Metrics collected: CPU: 30.0%, Mem: 53.0%, Disk: 83%, SearXNG: running
[2026-02-11T07:00:02+00:00] [INFO] Monitoring Docker containers
[2026-02-11T07:00:02+00:00] [INFO] Container searxng: running
[2026-02-11T07:00:02+00:00] [INFO] Monitoring cron tasks
[2026-02-11T07:00:02+00:00] [INFO] Last AI Research cron run: No data
[2026-02-11T07:00:02+00:00] [INFO] Checking service health
[2026-02-11T07:00:02+00:00] [INFO] SearXNG health check: OK
[2026-02-11T07:00:17+00:00] [INFO] OpenClaw Gateway health check: OK
[2026-02-11T07:00:17+00:00] [INFO] Generating monitoring report
[2026-02-11T07:00:18+00:00] [INFO] Monitoring completed
📊 **System Monitoring Report**

**Timestamp**: 2026-02-11T07:00:18+00:00

**System Resources**:
• CPU Usage: 30.0%
• Memory Usage: 53.0%
• Disk Usage: 83%

**Services**:
• Running Containers: 1
• SearXNG: running
• OpenClaw Gateway: running

**Health Checks**: ✅ All critical services monitored

Logs: `/root/clawd/logs/monitoring/system-monitor-20260211-070001.log`
[2026-02-11T07:30:01+00:00] [INFO] Starting system monitoring
[2026-02-11T07:30:01+00:00] [INFO] Starting metrics collection
[2026-02-11T07:30:01+00:00] [INFO] Metrics collected: CPU: 0.0%, Mem: 52.8%, Disk: 83%, SearXNG: running
[2026-02-11T07:30:01+00:00] [INFO] Monitoring Docker containers
[2026-02-11T07:30:01+00:00] [INFO] Container searxng: running
[2026-02-11T07:30:01+00:00] [INFO] Monitoring cron tasks
[2026-02-11T07:30:01+00:00] [INFO] Last AI Research cron run: No data
[2026-02-11T07:30:01+00:00] [INFO] Checking service health
[2026-02-11T07:30:01+00:00] [INFO] SearXNG health check: OK
[2026-02-11T07:30:17+00:00] [INFO] OpenClaw Gateway health check: OK
[2026-02-11T07:30:17+00:00] [INFO] Generating monitoring report
[2026-02-11T07:30:17+00:00] [INFO] Monitoring completed
📊 **System Monitoring Report**

**Timestamp**: 2026-02-11T07:30:17+00:00

**System Resources**:
• CPU Usage: 0.0%
• Memory Usage: 52.8%
• Disk Usage: 83%

**Services**:
• Running Containers: 1
• SearXNG: running
• OpenClaw Gateway: running

**Health Checks**: ✅ All critical services monitored

Logs: `/root/clawd/logs/monitoring/system-monitor-20260211-073001.log`
[2026-02-11T08:00:01+00:00] [INFO] Starting system monitoring
[2026-02-11T08:00:01+00:00] [INFO] Starting metrics collection
[2026-02-11T08:00:01+00:00] [INFO] Metrics collected: CPU: 52.0%, Mem: 52.8%, Disk: 83%, SearXNG: running
[2026-02-11T08:00:01+00:00] [INFO] Monitoring Docker containers
[2026-02-11T08:00:01+00:00] [INFO] Container searxng: running
[2026-02-11T08:00:01+00:00] [INFO] Monitoring cron tasks
[2026-02-11T08:00:01+00:00] [INFO] Last AI Research cron run: [1/5] 搜索: Claude AI updates 2026
[2026-02-11T08:00:01+00:00] [INFO] Checking service health
[2026-02-11T08:00:01+00:00] [INFO] SearXNG health check: OK
[2026-02-11T08:00:17+00:00] [INFO] OpenClaw Gateway health check: OK
[2026-02-11T08:00:17+00:00] [INFO] Generating monitoring report
[2026-02-11T08:00:17+00:00] [INFO] Monitoring completed
📊 **System Monitoring Report**

**Timestamp**: 2026-02-11T08:00:17+00:00

**System Resources**:
• CPU Usage: 52.0%
• Memory Usage: 52.8%
• Disk Usage: 83%

**Services**:
• Running Containers: 1
• SearXNG: running
• OpenClaw Gateway: running

**Health Checks**: ✅ All critical services monitored

Logs: `/root/clawd/logs/monitoring/system-monitor-20260211-080001.log`
[2026-02-11T08:30:01+00:00] [INFO] Starting system monitoring
[2026-02-11T08:30:01+00:00] [INFO] Starting metrics collection
[2026-02-11T08:30:01+00:00] [INFO] Metrics collected: CPU: 45.5%, Mem: 52.9%, Disk: 83%, SearXNG: running
[2026-02-11T08:30:01+00:00] [INFO] Monitoring Docker containers
[2026-02-11T08:30:02+00:00] [INFO] Container searxng: running
[2026-02-11T08:30:02+00:00] [INFO] Monitoring cron tasks
[2026-02-11T08:30:02+00:00] [INFO] Last AI Research cron run: No data
[2026-02-11T08:30:02+00:00] [INFO] Checking service health
[2026-02-11T08:30:02+00:00] [INFO] SearXNG health check: OK
[2026-02-11T08:30:18+00:00] [INFO] OpenClaw Gateway health check: OK
[2026-02-11T08:30:18+00:00] [INFO] Generating monitoring report
[2026-02-11T08:30:18+00:00] [INFO] Monitoring completed
📊 **System Monitoring Report**

**Timestamp**: 2026-02-11T08:30:18+00:00

**System Resources**:
• CPU Usage: 45.5%
• Memory Usage: 52.9%
• Disk Usage: 83%

**Services**:
• Running Containers: 1
• SearXNG: running
• OpenClaw Gateway: running

**Health Checks**: ✅ All critical services monitored

Logs: `/root/clawd/logs/monitoring/system-monitor-20260211-083001.log`
[2026-02-11T09:00:01+00:00] [INFO] Starting system monitoring
[2026-02-11T09:00:02+00:00] [INFO] Starting metrics collection
[2026-02-11T09:00:02+00:00] [INFO] Metrics collected: CPU: 51.9%, Mem: 53.2%, Disk: 83%, SearXNG: running
[2026-02-11T09:00:02+00:00] [INFO] Monitoring Docker containers
[2026-02-11T09:00:02+00:00] [INFO] Container searxng: running
[2026-02-11T09:00:02+00:00] [INFO] Monitoring cron tasks
[2026-02-11T09:00:02+00:00] [INFO] Last AI Research cron run: No data
[2026-02-11T09:00:02+00:00] [INFO] Checking service health
[2026-02-11T09:00:02+00:00] [INFO] SearXNG health check: OK
[2026-02-11T09:00:21+00:00] [INFO] OpenClaw Gateway health check: OK
[2026-02-11T09:00:21+00:00] [INFO] Generating monitoring report
[2026-02-11T09:00:21+00:00] [INFO] Monitoring completed
📊 **System Monitoring Report**

**Timestamp**: 2026-02-11T09:00:21+00:00

**System Resources**:
• CPU Usage: 51.9%
• Memory Usage: 53.2%
• Disk Usage: 83%

**Services**:
• Running Containers: 1
• SearXNG: running
• OpenClaw Gateway: running

**Health Checks**: ✅ All critical services monitored

Logs: `/root/clawd/logs/monitoring/system-monitor-20260211-090001.log`
[2026-02-11T09:30:01+00:00] [INFO] Starting system monitoring
[2026-02-11T09:30:01+00:00] [INFO] Starting metrics collection
[2026-02-11T09:30:01+00:00] [INFO] Metrics collected: CPU: 0.0%, Mem: 53.7%, Disk: 83%, SearXNG: running
[2026-02-11T09:30:01+00:00] [INFO] Monitoring Docker containers
[2026-02-11T09:30:02+00:00] [INFO] Container searxng: running
[2026-02-11T09:30:02+00:00] [INFO] Monitoring cron tasks
[2026-02-11T09:30:02+00:00] [INFO] Last AI Research cron run: No data
[2026-02-11T09:30:02+00:00] [INFO] Checking service health
[2026-02-11T09:30:02+00:00] [INFO] SearXNG health check: OK
[2026-02-11T09:30:17+00:00] [INFO] OpenClaw Gateway health check: OK
[2026-02-11T09:30:17+00:00] [INFO] Generating monitoring report
[2026-02-11T09:30:17+00:00] [INFO] Monitoring completed
📊 **System Monitoring Report**

**Timestamp**: 2026-02-11T09:30:17+00:00

**System Resources**:
• CPU Usage: 0.0%
• Memory Usage: 53.7%
• Disk Usage: 83%

**Services**:
• Running Containers: 1
• SearXNG: running
• OpenClaw Gateway: running

**Health Checks**: ✅ All critical services monitored

Logs: `/root/clawd/logs/monitoring/system-monitor-20260211-093001.log`
[2026-02-11T10:00:01+00:00] [INFO] Starting system monitoring
[2026-02-11T10:00:01+00:00] [INFO] Starting metrics collection
[2026-02-11T10:00:02+00:00] [INFO] Metrics collected: CPU: 40.0%, Mem: 54.7%, Disk: 83%, SearXNG: running
[2026-02-11T10:00:02+00:00] [INFO] Monitoring Docker containers
[2026-02-11T10:00:02+00:00] [INFO] Container searxng: running
[2026-02-11T10:00:02+00:00] [INFO] Monitoring cron tasks
[2026-02-11T10:00:02+00:00] [INFO] Last AI Research cron run: No data
[2026-02-11T10:00:02+00:00] [INFO] Checking service health
[2026-02-11T10:00:02+00:00] [INFO] SearXNG health check: OK
[2026-02-11T10:00:17+00:00] [INFO] OpenClaw Gateway health check: OK
[2026-02-11T10:00:17+00:00] [INFO] Generating monitoring report
[2026-02-11T10:00:17+00:00] [INFO] Monitoring completed
📊 **System Monitoring Report**

**Timestamp**: 2026-02-11T10:00:17+00:00

**System Resources**:
• CPU Usage: 40.0%
• Memory Usage: 54.7%
• Disk Usage: 83%

**Services**:
• Running Containers: 1
• SearXNG: running
• OpenClaw Gateway: running

**Health Checks**: ✅ All critical services monitored

Logs: `/root/clawd/logs/monitoring/system-monitor-20260211-100001.log`
[2026-02-11T10:30:01+00:00] [INFO] Starting system monitoring
[2026-02-11T10:30:01+00:00] [INFO] Starting metrics collection
[2026-02-11T10:30:02+00:00] [INFO] Metrics collected: CPU: 4.3%, Mem: 53.4%, Disk: 83%, SearXNG: running
[2026-02-11T10:30:02+00:00] [INFO] Monitoring Docker containers
[2026-02-11T10:30:02+00:00] [INFO] Container searxng: running
[2026-02-11T10:30:02+00:00] [INFO] Monitoring cron tasks
[2026-02-11T10:30:02+00:00] [INFO] Last AI Research cron run: No data
[2026-02-11T10:30:02+00:00] [INFO] Checking service health
[2026-02-11T10:30:02+00:00] [INFO] SearXNG health check: OK
[2026-02-11T10:30:17+00:00] [INFO] OpenClaw Gateway health check: OK
[2026-02-11T10:30:17+00:00] [INFO] Generating monitoring report
[2026-02-11T10:30:17+00:00] [INFO] Monitoring completed
📊 **System Monitoring Report**

**Timestamp**: 2026-02-11T10:30:17+00:00

**System Resources**:
• CPU Usage: 4.3%
• Memory Usage: 53.4%
• Disk Usage: 83%

**Services**:
• Running Containers: 1
• SearXNG: running
• OpenClaw Gateway: running

**Health Checks**: ✅ All critical services monitored

Logs: `/root/clawd/logs/monitoring/system-monitor-20260211-103001.log`
[2026-02-11T11:00:01+00:00] [INFO] Starting system monitoring
[2026-02-11T11:00:01+00:00] [INFO] Starting metrics collection
[2026-02-11T11:00:01+00:00] [INFO] Metrics collected: CPU: 31.8%, Mem: 53.3%, Disk: 83%, SearXNG: running
[2026-02-11T11:00:02+00:00] [INFO] Monitoring Docker containers
[2026-02-11T11:00:02+00:00] [INFO] Container searxng: running
[2026-02-11T11:00:02+00:00] [INFO] Monitoring cron tasks
[2026-02-11T11:00:02+00:00] [INFO] Last AI Research cron run: No data
[2026-02-11T11:00:02+00:00] [INFO] Checking service health
[2026-02-11T11:00:02+00:00] [INFO] SearXNG health check: OK
[2026-02-11T11:00:17+00:00] [INFO] OpenClaw Gateway health check: OK
[2026-02-11T11:00:17+00:00] [INFO] Generating monitoring report
[2026-02-11T11:00:17+00:00] [INFO] Monitoring completed
📊 **System Monitoring Report**

**Timestamp**: 2026-02-11T11:00:17+00:00

**System Resources**:
• CPU Usage: 31.8%
• Memory Usage: 53.3%
• Disk Usage: 83%

**Services**:
• Running Containers: 1
• SearXNG: running
• OpenClaw Gateway: running

**Health Checks**: ✅ All critical services monitored

Logs: `/root/clawd/logs/monitoring/system-monitor-20260211-110001.log`
[2026-02-11T11:30:01+00:00] [INFO] Starting system monitoring
[2026-02-11T11:30:01+00:00] [INFO] Starting metrics collection
[2026-02-11T11:30:01+00:00] [INFO] Metrics collected: CPU: 0.0%, Mem: 52.9%, Disk: 83%, SearXNG: running
[2026-02-11T11:30:01+00:00] [INFO] Monitoring Docker containers
[2026-02-11T11:30:02+00:00] [INFO] Container searxng: running
[2026-02-11T11:30:02+00:00] [INFO] Monitoring cron tasks
[2026-02-11T11:30:02+00:00] [INFO] Last AI Research cron run: No data
[2026-02-11T11:30:02+00:00] [INFO] Checking service health
[2026-02-11T11:30:02+00:00] [INFO] SearXNG health check: OK
[2026-02-11T11:30:17+00:00] [INFO] OpenClaw Gateway health check: OK
[2026-02-11T11:30:17+00:00] [INFO] Generating monitoring report
[2026-02-11T11:30:17+00:00] [INFO] Monitoring completed
📊 **System Monitoring Report**

**Timestamp**: 2026-02-11T11:30:17+00:00

**System Resources**:
• CPU Usage: 0.0%
• Memory Usage: 52.9%
• Disk Usage: 83%

**Services**:
• Running Containers: 1
• SearXNG: running
• OpenClaw Gateway: running

**Health Checks**: ✅ All critical services monitored

Logs: `/root/clawd/logs/monitoring/system-monitor-20260211-113001.log`
[2026-02-11T12:00:01+00:00] [INFO] Starting system monitoring
[2026-02-11T12:00:01+00:00] [INFO] Starting metrics collection
[2026-02-11T12:00:01+00:00] [INFO] Metrics collected: CPU: 31.8%, Mem: 53.5%, Disk: 83%, SearXNG: running
[2026-02-11T12:00:01+00:00] [INFO] Monitoring Docker containers
[2026-02-11T12:00:01+00:00] [INFO] Container searxng: running
[2026-02-11T12:00:01+00:00] [INFO] Monitoring cron tasks
[2026-02-11T12:00:01+00:00] [INFO] Last AI Research cron run: No data
[2026-02-11T12:00:01+00:00] [INFO] Checking service health
[2026-02-11T12:00:01+00:00] [INFO] SearXNG health check: OK
[2026-02-11T12:00:17+00:00] [INFO] OpenClaw Gateway health check: OK
[2026-02-11T12:00:17+00:00] [INFO] Generating monitoring report
[2026-02-11T12:00:17+00:00] [INFO] Monitoring completed
📊 **System Monitoring Report**

**Timestamp**: 2026-02-11T12:00:17+00:00

**System Resources**:
• CPU Usage: 31.8%
• Memory Usage: 53.5%
• Disk Usage: 83%

**Services**:
• Running Containers: 1
• SearXNG: running
• OpenClaw Gateway: running

**Health Checks**: ✅ All critical services monitored

Logs: `/root/clawd/logs/monitoring/system-monitor-20260211-120001.log`
[2026-02-11T12:30:01+00:00] [INFO] Starting system monitoring
[2026-02-11T12:30:01+00:00] [INFO] Starting metrics collection
[2026-02-11T12:30:01+00:00] [INFO] Metrics collected: CPU: 4.8%, Mem: 52.7%, Disk: 83%, SearXNG: running
[2026-02-11T12:30:01+00:00] [INFO] Monitoring Docker containers
[2026-02-11T12:30:01+00:00] [INFO] Container searxng: running
[2026-02-11T12:30:01+00:00] [INFO] Monitoring cron tasks
[2026-02-11T12:30:01+00:00] [INFO] Last AI Research cron run: No data
[2026-02-11T12:30:01+00:00] [INFO] Checking service health
[2026-02-11T12:30:01+00:00] [INFO] SearXNG health check: OK
[2026-02-11T12:30:16+00:00] [INFO] OpenClaw Gateway health check: OK
[2026-02-11T12:30:16+00:00] [INFO] Generating monitoring report
[2026-02-11T12:30:16+00:00] [INFO] Monitoring completed
📊 **System Monitoring Report**

**Timestamp**: 2026-02-11T12:30:16+00:00

**System Resources**:
• CPU Usage: 4.8%
• Memory Usage: 52.7%
• Disk Usage: 83%

**Services**:
• Running Containers: 1
• SearXNG: running
• OpenClaw Gateway: running

**Health Checks**: ✅ All critical services monitored

Logs: `/root/clawd/logs/monitoring/system-monitor-20260211-123001.log`
[2026-02-11T13:00:01+00:00] [INFO] Starting system monitoring
[2026-02-11T13:00:01+00:00] [INFO] Starting metrics collection
[2026-02-11T13:00:02+00:00] [INFO] Metrics collected: CPU: 27.3%, Mem: 52.6%, Disk: 83%, SearXNG: running
[2026-02-11T13:00:02+00:00] [INFO] Monitoring Docker containers
[2026-02-11T13:00:02+00:00] [INFO] Container searxng: running
[2026-02-11T13:00:02+00:00] [INFO] Monitoring cron tasks
[2026-02-11T13:00:02+00:00] [INFO] Last AI Research cron run: No data
[2026-02-11T13:00:02+00:00] [INFO] Checking service health
[2026-02-11T13:00:02+00:00] [INFO] SearXNG health check: OK
[2026-02-11T13:00:17+00:00] [INFO] OpenClaw Gateway health check: OK
[2026-02-11T13:00:17+00:00] [INFO] Generating monitoring report
[2026-02-11T13:00:17+00:00] [INFO] Monitoring completed
📊 **System Monitoring Report**

**Timestamp**: 2026-02-11T13:00:17+00:00

**System Resources**:
• CPU Usage: 27.3%
• Memory Usage: 52.6%
• Disk Usage: 83%

**Services**:
• Running Containers: 1
• SearXNG: running
• OpenClaw Gateway: running

**Health Checks**: ✅ All critical services monitored

Logs: `/root/clawd/logs/monitoring/system-monitor-20260211-130001.log`
[2026-02-11T13:30:01+00:00] [INFO] Starting system monitoring
[2026-02-11T13:30:01+00:00] [INFO] Starting metrics collection
[2026-02-11T13:30:02+00:00] [INFO] Metrics collected: CPU: 4.3%, Mem: 54.4%, Disk: 83%, SearXNG: running
[2026-02-11T13:30:02+00:00] [INFO] Monitoring Docker containers
[2026-02-11T13:30:02+00:00] [INFO] Container searxng: running
[2026-02-11T13:30:02+00:00] [INFO] Monitoring cron tasks
[2026-02-11T13:30:02+00:00] [INFO] Last AI Research cron run: No data
[2026-02-11T13:30:02+00:00] [INFO] Checking service health
[2026-02-11T13:30:02+00:00] [INFO] SearXNG health check: OK
[2026-02-11T13:30:17+00:00] [INFO] OpenClaw Gateway health check: OK
[2026-02-11T13:30:17+00:00] [INFO] Generating monitoring report
[2026-02-11T13:30:17+00:00] [INFO] Monitoring completed
📊 **System Monitoring Report**

**Timestamp**: 2026-02-11T13:30:17+00:00

**System Resources**:
• CPU Usage: 4.3%
• Memory Usage: 54.4%
• Disk Usage: 83%

**Services**:
• Running Containers: 1
• SearXNG: running
• OpenClaw Gateway: running

**Health Checks**: ✅ All critical services monitored

Logs: `/root/clawd/logs/monitoring/system-monitor-20260211-133001.log`
[2026-02-11T14:00:01+00:00] [INFO] Starting system monitoring
[2026-02-11T14:00:01+00:00] [INFO] Starting metrics collection
[2026-02-11T14:00:01+00:00] [INFO] Metrics collected: CPU: 60.7%, Mem: 53.9%, Disk: 83%, SearXNG: running
[2026-02-11T14:00:01+00:00] [INFO] Monitoring Docker containers
[2026-02-11T14:00:01+00:00] [INFO] Container searxng: running
[2026-02-11T14:00:02+00:00] [INFO] Monitoring cron tasks
[2026-02-11T14:00:02+00:00] [INFO] Last AI Research cron run: No data
[2026-02-11T14:00:02+00:00] [INFO] Checking service health
[2026-02-11T14:00:02+00:00] [INFO] SearXNG health check: OK
[2026-02-11T14:00:18+00:00] [INFO] OpenClaw Gateway health check: OK
[2026-02-11T14:00:18+00:00] [INFO] Generating monitoring report
[2026-02-11T14:00:18+00:00] [INFO] Monitoring completed
📊 **System Monitoring Report**

**Timestamp**: 2026-02-11T14:00:18+00:00

**System Resources**:
• CPU Usage: 60.7%
• Memory Usage: 53.9%
• Disk Usage: 83%

**Services**:
• Running Containers: 1
• SearXNG: running
• OpenClaw Gateway: running

**Health Checks**: ✅ All critical services monitored

Logs: `/root/clawd/logs/monitoring/system-monitor-20260211-140001.log`
[2026-02-11T14:30:01+00:00] [INFO] Starting system monitoring
[2026-02-11T14:30:01+00:00] [INFO] Starting metrics collection
[2026-02-11T14:30:01+00:00] [INFO] Metrics collected: CPU: 95.5%, Mem: 53.2%, Disk: 83%, SearXNG: running
[2026-02-11T14:30:01+00:00] [WARN] CPU usage high: 95.5%
Config was last written by a newer Clawdbot (2026.1.24-3); current version is 2026.1.24-2.
✅ Sent via Slack. Message ID: 1770820217.197589
[2026-02-11T14:30:17+00:00] [INFO] Monitoring Docker containers
[2026-02-11T14:30:17+00:00] [INFO] Container searxng: running
[2026-02-11T14:30:17+00:00] [INFO] Monitoring cron tasks
[2026-02-11T14:30:17+00:00] [INFO] Last AI Research cron run: No data
[2026-02-11T14:30:17+00:00] [INFO] Checking service health
[2026-02-11T14:30:17+00:00] [INFO] SearXNG health check: OK
[2026-02-11T14:30:32+00:00] [INFO] OpenClaw Gateway health check: OK
[2026-02-11T14:30:32+00:00] [INFO] Generating monitoring report
[2026-02-11T14:30:32+00:00] [INFO] Monitoring completed
📊 **System Monitoring Report**

**Timestamp**: 2026-02-11T14:30:32+00:00

**System Resources**:
• CPU Usage: 95.5%
• Memory Usage: 53.2%
• Disk Usage: 83%

**Services**:
• Running Containers: 1
• SearXNG: running
• OpenClaw Gateway: running

**Health Checks**: ✅ All critical services monitored

Logs: `/root/clawd/logs/monitoring/system-monitor-20260211-143001.log`
[2026-02-11T15:00:01+00:00] [INFO] Starting system monitoring
[2026-02-11T15:00:01+00:00] [INFO] Starting metrics collection
[2026-02-11T15:00:02+00:00] [INFO] Metrics collected: CPU: 19.0%, Mem: 53.3%, Disk: 83%, SearXNG: running
[2026-02-11T15:00:02+00:00] [INFO] Monitoring Docker containers
[2026-02-11T15:00:02+00:00] [INFO] Container searxng: running
[2026-02-11T15:00:02+00:00] [INFO] Monitoring cron tasks
[2026-02-11T15:00:02+00:00] [INFO] Last AI Research cron run: No data
[2026-02-11T15:00:02+00:00] [INFO] Checking service health
[2026-02-11T15:00:02+00:00] [INFO] SearXNG health check: OK
[2026-02-11T15:00:17+00:00] [INFO] OpenClaw Gateway health check: OK
[2026-02-11T15:00:17+00:00] [INFO] Generating monitoring report
[2026-02-11T15:00:17+00:00] [INFO] Monitoring completed
📊 **System Monitoring Report**

**Timestamp**: 2026-02-11T15:00:17+00:00

**System Resources**:
• CPU Usage: 19.0%
• Memory Usage: 53.3%
• Disk Usage: 83%

**Services**:
• Running Containers: 1
• SearXNG: running
• OpenClaw Gateway: running

**Health Checks**: ✅ All critical services monitored

Logs: `/root/clawd/logs/monitoring/system-monitor-20260211-150001.log`
[2026-02-11T15:30:01+00:00] [INFO] Starting system monitoring
[2026-02-11T15:30:01+00:00] [INFO] Starting metrics collection
[2026-02-11T15:30:01+00:00] [INFO] Metrics collected: CPU: 4.5%, Mem: 54.1%, Disk: 83%, SearXNG: running
[2026-02-11T15:30:01+00:00] [INFO] Monitoring Docker containers
[2026-02-11T15:30:01+00:00] [INFO] Container searxng: running
[2026-02-11T15:30:01+00:00] [INFO] Monitoring cron tasks
[2026-02-11T15:30:01+00:00] [INFO] Last AI Research cron run: No data
[2026-02-11T15:30:01+00:00] [INFO] Checking service health
[2026-02-11T15:30:02+00:00] [INFO] SearXNG health check: OK
[2026-02-11T15:30:17+00:00] [INFO] OpenClaw Gateway health check: OK
[2026-02-11T15:30:17+00:00] [INFO] Generating monitoring report
[2026-02-11T15:30:17+00:00] [INFO] Monitoring completed
📊 **System Monitoring Report**

**Timestamp**: 2026-02-11T15:30:17+00:00

**System Resources**:
• CPU Usage: 4.5%
• Memory Usage: 54.1%
• Disk Usage: 83%

**Services**:
• Running Containers: 1
• SearXNG: running
• OpenClaw Gateway: running

**Health Checks**: ✅ All critical services monitored

Logs: `/root/clawd/logs/monitoring/system-monitor-20260211-153001.log`
[2026-02-11T16:00:01+00:00] [INFO] Starting system monitoring
[2026-02-11T16:00:01+00:00] [INFO] Starting metrics collection
[2026-02-11T16:00:01+00:00] [INFO] Metrics collected: CPU: 31.8%, Mem: 53.8%, Disk: 83%, SearXNG: running
[2026-02-11T16:00:01+00:00] [INFO] Monitoring Docker containers
[2026-02-11T16:00:01+00:00] [INFO] Container searxng: running
[2026-02-11T16:00:01+00:00] [INFO] Monitoring cron tasks
[2026-02-11T16:00:01+00:00] [INFO] Last AI Research cron run: No data
[2026-02-11T16:00:01+00:00] [INFO] Checking service health
[2026-02-11T16:00:01+00:00] [INFO] SearXNG health check: OK
[2026-02-11T16:00:19+00:00] [INFO] OpenClaw Gateway health check: OK
[2026-02-11T16:00:19+00:00] [INFO] Generating monitoring report
[2026-02-11T16:00:19+00:00] [INFO] Monitoring completed
📊 **System Monitoring Report**

**Timestamp**: 2026-02-11T16:00:19+00:00

**System Resources**:
• CPU Usage: 31.8%
• Memory Usage: 53.8%
• Disk Usage: 83%

**Services**:
• Running Containers: 1
• SearXNG: running
• OpenClaw Gateway: running

**Health Checks**: ✅ All critical services monitored

Logs: `/root/clawd/logs/monitoring/system-monitor-20260211-160001.log`
[2026-02-11T16:30:01+00:00] [INFO] Starting system monitoring
[2026-02-11T16:30:01+00:00] [INFO] Starting metrics collection
[2026-02-11T16:30:01+00:00] [INFO] Metrics collected: CPU: 4.2%, Mem: 53.9%, Disk: 83%, SearXNG: running
[2026-02-11T16:30:01+00:00] [INFO] Monitoring Docker containers
[2026-02-11T16:30:01+00:00] [INFO] Container searxng: running
[2026-02-11T16:30:01+00:00] [INFO] Monitoring cron tasks
[2026-02-11T16:30:01+00:00] [INFO] Last AI Research cron run: No data
[2026-02-11T16:30:01+00:00] [INFO] Checking service health
[2026-02-11T16:30:01+00:00] [INFO] SearXNG health check: OK
[2026-02-11T16:30:17+00:00] [INFO] OpenClaw Gateway health check: OK
[2026-02-11T16:30:17+00:00] [INFO] Generating monitoring report
[2026-02-11T16:30:17+00:00] [INFO] Monitoring completed
📊 **System Monitoring Report**

**Timestamp**: 2026-02-11T16:30:17+00:00

**System Resources**:
• CPU Usage: 4.2%
• Memory Usage: 53.9%
• Disk Usage: 83%

**Services**:
• Running Containers: 1
• SearXNG: running
• OpenClaw Gateway: running

**Health Checks**: ✅ All critical services monitored

Logs: `/root/clawd/logs/monitoring/system-monitor-20260211-163001.log`
[2026-02-11T17:00:01+00:00] [INFO] Starting system monitoring
[2026-02-11T17:00:01+00:00] [INFO] Starting metrics collection
[2026-02-11T17:00:02+00:00] [INFO] Metrics collected: CPU: 40.9%, Mem: 53.9%, Disk: 83%, SearXNG: running
[2026-02-11T17:00:02+00:00] [INFO] Monitoring Docker containers
[2026-02-11T17:00:02+00:00] [INFO] Container searxng: running
[2026-02-11T17:00:02+00:00] [INFO] Monitoring cron tasks
[2026-02-11T17:00:02+00:00] [INFO] Last AI Research cron run: No data
[2026-02-11T17:00:02+00:00] [INFO] Checking service health
[2026-02-11T17:00:02+00:00] [INFO] SearXNG health check: OK
[2026-02-11T17:00:17+00:00] [INFO] OpenClaw Gateway health check: OK
[2026-02-11T17:00:17+00:00] [INFO] Generating monitoring report
[2026-02-11T17:00:17+00:00] [INFO] Monitoring completed
📊 **System Monitoring Report**

**Timestamp**: 2026-02-11T17:00:17+00:00

**System Resources**:
• CPU Usage: 40.9%
• Memory Usage: 53.9%
• Disk Usage: 83%

**Services**:
• Running Containers: 1
• SearXNG: running
• OpenClaw Gateway: running

**Health Checks**: ✅ All critical services monitored

Logs: `/root/clawd/logs/monitoring/system-monitor-20260211-170001.log`
[2026-02-11T17:30:01+00:00] [INFO] Starting system monitoring
[2026-02-11T17:30:01+00:00] [INFO] Starting metrics collection
[2026-02-11T17:30:01+00:00] [INFO] Metrics collected: CPU: 0.0%, Mem: 53.7%, Disk: 83%, SearXNG: running
[2026-02-11T17:30:01+00:00] [INFO] Monitoring Docker containers
[2026-02-11T17:30:01+00:00] [INFO] Container searxng: running
[2026-02-11T17:30:01+00:00] [INFO] Monitoring cron tasks
[2026-02-11T17:30:01+00:00] [INFO] Last AI Research cron run: No data
[2026-02-11T17:30:01+00:00] [INFO] Checking service health
[2026-02-11T17:30:01+00:00] [INFO] SearXNG health check: OK
[2026-02-11T17:30:17+00:00] [INFO] OpenClaw Gateway health check: OK
[2026-02-11T17:30:17+00:00] [INFO] Generating monitoring report
[2026-02-11T17:30:17+00:00] [INFO] Monitoring completed
📊 **System Monitoring Report**

**Timestamp**: 2026-02-11T17:30:17+00:00

**System Resources**:
• CPU Usage: 0.0%
• Memory Usage: 53.7%
• Disk Usage: 83%

**Services**:
• Running Containers: 1
• SearXNG: running
• OpenClaw Gateway: running

**Health Checks**: ✅ All critical services monitored

Logs: `/root/clawd/logs/monitoring/system-monitor-20260211-173001.log`
[2026-02-11T18:00:01+00:00] [INFO] Starting system monitoring
[2026-02-11T18:00:01+00:00] [INFO] Starting metrics collection
[2026-02-11T18:00:01+00:00] [INFO] Metrics collected: CPU: 31.8%, Mem: 54.0%, Disk: 83%, SearXNG: running
[2026-02-11T18:00:01+00:00] [INFO] Monitoring Docker containers
[2026-02-11T18:00:01+00:00] [INFO] Container searxng: running
[2026-02-11T18:00:01+00:00] [INFO] Monitoring cron tasks
[2026-02-11T18:00:01+00:00] [INFO] Last AI Research cron run: No data
[2026-02-11T18:00:01+00:00] [INFO] Checking service health
[2026-02-11T18:00:01+00:00] [INFO] SearXNG health check: OK
[2026-02-11T18:00:17+00:00] [INFO] OpenClaw Gateway health check: OK
[2026-02-11T18:00:17+00:00] [INFO] Generating monitoring report
[2026-02-11T18:00:17+00:00] [INFO] Monitoring completed
📊 **System Monitoring Report**

**Timestamp**: 2026-02-11T18:00:17+00:00

**System Resources**:
• CPU Usage: 31.8%
• Memory Usage: 54.0%
• Disk Usage: 83%

**Services**:
• Running Containers: 1
• SearXNG: running
• OpenClaw Gateway: running

**Health Checks**: ✅ All critical services monitored

Logs: `/root/clawd/logs/monitoring/system-monitor-20260211-180001.log`
[2026-02-11T18:30:01+00:00] [INFO] Starting system monitoring
[2026-02-11T18:30:01+00:00] [INFO] Starting metrics collection
[2026-02-11T18:30:01+00:00] [INFO] Metrics collected: CPU: 0.0%, Mem: 54.4%, Disk: 83%, SearXNG: running
[2026-02-11T18:30:01+00:00] [INFO] Monitoring Docker containers
[2026-02-11T18:30:01+00:00] [INFO] Container searxng: running
[2026-02-11T18:30:01+00:00] [INFO] Monitoring cron tasks
[2026-02-11T18:30:01+00:00] [INFO] Last AI Research cron run: No data
[2026-02-11T18:30:01+00:00] [INFO] Checking service health
[2026-02-11T18:30:01+00:00] [INFO] SearXNG health check: OK
[2026-02-11T18:30:16+00:00] [INFO] OpenClaw Gateway health check: OK
[2026-02-11T18:30:16+00:00] [INFO] Generating monitoring report
[2026-02-11T18:30:17+00:00] [INFO] Monitoring completed
📊 **System Monitoring Report**

**Timestamp**: 2026-02-11T18:30:17+00:00

**System Resources**:
• CPU Usage: 0.0%
• Memory Usage: 54.4%
• Disk Usage: 83%

**Services**:
• Running Containers: 1
• SearXNG: running
• OpenClaw Gateway: running

**Health Checks**: ✅ All critical services monitored

Logs: `/root/clawd/logs/monitoring/system-monitor-20260211-183001.log`
[2026-02-11T19:00:01+00:00] [INFO] Starting system monitoring
[2026-02-11T19:00:01+00:00] [INFO] Starting metrics collection
[2026-02-11T19:00:01+00:00] [INFO] Metrics collected: CPU: 36.4%, Mem: 53.9%, Disk: 83%, SearXNG: running
[2026-02-11T19:00:01+00:00] [INFO] Monitoring Docker containers
[2026-02-11T19:00:01+00:00] [INFO] Container searxng: running
[2026-02-11T19:00:01+00:00] [INFO] Monitoring cron tasks
[2026-02-11T19:00:01+00:00] [INFO] Last AI Research cron run: No data
[2026-02-11T19:00:01+00:00] [INFO] Checking service health
[2026-02-11T19:00:01+00:00] [INFO] SearXNG health check: OK
[2026-02-11T19:00:17+00:00] [INFO] OpenClaw Gateway health check: OK
[2026-02-11T19:00:17+00:00] [INFO] Generating monitoring report
[2026-02-11T19:00:17+00:00] [INFO] Monitoring completed
📊 **System Monitoring Report**

**Timestamp**: 2026-02-11T19:00:17+00:00

**System Resources**:
• CPU Usage: 36.4%
• Memory Usage: 53.9%
• Disk Usage: 83%

**Services**:
• Running Containers: 1
• SearXNG: running
• OpenClaw Gateway: running

**Health Checks**: ✅ All critical services monitored

Logs: `/root/clawd/logs/monitoring/system-monitor-20260211-190001.log`
[2026-02-11T19:30:01+00:00] [INFO] Starting system monitoring
[2026-02-11T19:30:01+00:00] [INFO] Starting metrics collection
[2026-02-11T19:30:02+00:00] [INFO] Metrics collected: CPU: 0.0%, Mem: 53.3%, Disk: 83%, SearXNG: running
[2026-02-11T19:30:02+00:00] [INFO] Monitoring Docker containers
[2026-02-11T19:30:02+00:00] [INFO] Container searxng: running
[2026-02-11T19:30:02+00:00] [INFO] Monitoring cron tasks
[2026-02-11T19:30:02+00:00] [INFO] Last AI Research cron run: No data
[2026-02-11T19:30:02+00:00] [INFO] Checking service health
[2026-02-11T19:30:02+00:00] [INFO] SearXNG health check: OK
[2026-02-11T19:30:17+00:00] [INFO] OpenClaw Gateway health check: OK
[2026-02-11T19:30:17+00:00] [INFO] Generating monitoring report
[2026-02-11T19:30:17+00:00] [INFO] Monitoring completed
📊 **System Monitoring Report**

**Timestamp**: 2026-02-11T19:30:17+00:00

**System Resources**:
• CPU Usage: 0.0%
• Memory Usage: 53.3%
• Disk Usage: 83%

**Services**:
• Running Containers: 1
• SearXNG: running
• OpenClaw Gateway: running

**Health Checks**: ✅ All critical services monitored

Logs: `/root/clawd/logs/monitoring/system-monitor-20260211-193001.log`
[2026-02-11T20:00:01+00:00] [INFO] Starting system monitoring
[2026-02-11T20:00:01+00:00] [INFO] Starting metrics collection
[2026-02-11T20:00:02+00:00] [INFO] Metrics collected: CPU: 84.6%, Mem: 53.5%, Disk: 83%, SearXNG: running
[2026-02-11T20:00:02+00:00] [WARN] CPU usage high: 84.6%
Config was last written by a newer Clawdbot (2026.1.24-3); current version is 2026.1.24-2.
✅ Sent via Slack. Message ID: 1770840016.866659
[2026-02-11T20:00:17+00:00] [INFO] Monitoring Docker containers
[2026-02-11T20:00:17+00:00] [INFO] Container searxng: running
[2026-02-11T20:00:17+00:00] [INFO] Monitoring cron tasks
[2026-02-11T20:00:17+00:00] [INFO] Last AI Research cron run: No data
[2026-02-11T20:00:17+00:00] [INFO] Checking service health
[2026-02-11T20:00:17+00:00] [INFO] SearXNG health check: OK
[2026-02-11T20:00:32+00:00] [INFO] OpenClaw Gateway health check: OK
[2026-02-11T20:00:32+00:00] [INFO] Generating monitoring report
[2026-02-11T20:00:32+00:00] [INFO] Monitoring completed
📊 **System Monitoring Report**

**Timestamp**: 2026-02-11T20:00:32+00:00

**System Resources**:
• CPU Usage: 84.6%
• Memory Usage: 53.5%
• Disk Usage: 83%

**Services**:
• Running Containers: 1
• SearXNG: running
• OpenClaw Gateway: running

**Health Checks**: ✅ All critical services monitored

Logs: `/root/clawd/logs/monitoring/system-monitor-20260211-200001.log`
[2026-02-11T20:30:01+00:00] [INFO] Starting system monitoring
[2026-02-11T20:30:01+00:00] [INFO] Starting metrics collection
[2026-02-11T20:30:01+00:00] [INFO] Metrics collected: CPU: 4.3%, Mem: 54.3%, Disk: 83%, SearXNG: running
[2026-02-11T20:30:01+00:00] [INFO] Monitoring Docker containers
[2026-02-11T20:30:01+00:00] [INFO] Container searxng: running
[2026-02-11T20:30:01+00:00] [INFO] Monitoring cron tasks
[2026-02-11T20:30:01+00:00] [INFO] Last AI Research cron run: No data
[2026-02-11T20:30:01+00:00] [INFO] Checking service health
[2026-02-11T20:30:01+00:00] [INFO] SearXNG health check: OK
[2026-02-11T20:30:17+00:00] [INFO] OpenClaw Gateway health check: OK
[2026-02-11T20:30:17+00:00] [INFO] Generating monitoring report
[2026-02-11T20:30:17+00:00] [INFO] Monitoring completed
📊 **System Monitoring Report**

**Timestamp**: 2026-02-11T20:30:17+00:00

**System Resources**:
• CPU Usage: 4.3%
• Memory Usage: 54.3%
• Disk Usage: 83%

**Services**:
• Running Containers: 1
• SearXNG: running
• OpenClaw Gateway: running

**Health Checks**: ✅ All critical services monitored

Logs: `/root/clawd/logs/monitoring/system-monitor-20260211-203001.log`
[2026-02-11T21:00:01+00:00] [INFO] Starting system monitoring
[2026-02-11T21:00:01+00:00] [INFO] Starting metrics collection
[2026-02-11T21:00:01+00:00] [INFO] Metrics collected: CPU: 30.0%, Mem: 54.3%, Disk: 83%, SearXNG: running
[2026-02-11T21:00:01+00:00] [INFO] Monitoring Docker containers
[2026-02-11T21:00:01+00:00] [INFO] Container searxng: running
[2026-02-11T21:00:01+00:00] [INFO] Monitoring cron tasks
[2026-02-11T21:00:01+00:00] [INFO] Last AI Research cron run: No data
[2026-02-11T21:00:01+00:00] [INFO] Checking service health
[2026-02-11T21:00:01+00:00] [INFO] SearXNG health check: OK
[2026-02-11T21:00:17+00:00] [INFO] OpenClaw Gateway health check: OK
[2026-02-11T21:00:17+00:00] [INFO] Generating monitoring report
[2026-02-11T21:00:17+00:00] [INFO] Monitoring completed
📊 **System Monitoring Report**

**Timestamp**: 2026-02-11T21:00:17+00:00

**System Resources**:
• CPU Usage: 30.0%
• Memory Usage: 54.3%
• Disk Usage: 83%

**Services**:
• Running Containers: 1
• SearXNG: running
• OpenClaw Gateway: running

**Health Checks**: ✅ All critical services monitored

Logs: `/root/clawd/logs/monitoring/system-monitor-20260211-210001.log`
[2026-02-11T21:30:01+00:00] [INFO] Starting system monitoring
[2026-02-11T21:30:01+00:00] [INFO] Starting metrics collection
[2026-02-11T21:30:01+00:00] [INFO] Metrics collected: CPU: 4.8%, Mem: 54.0%, Disk: 83%, SearXNG: running
[2026-02-11T21:30:01+00:00] [INFO] Monitoring Docker containers
[2026-02-11T21:30:01+00:00] [INFO] Container searxng: running
[2026-02-11T21:30:01+00:00] [INFO] Monitoring cron tasks
[2026-02-11T21:30:01+00:00] [INFO] Last AI Research cron run: No data
[2026-02-11T21:30:01+00:00] [INFO] Checking service health
[2026-02-11T21:30:01+00:00] [INFO] SearXNG health check: OK
[2026-02-11T21:30:16+00:00] [INFO] OpenClaw Gateway health check: OK
[2026-02-11T21:30:16+00:00] [INFO] Generating monitoring report
[2026-02-11T21:30:16+00:00] [INFO] Monitoring completed
📊 **System Monitoring Report**

**Timestamp**: 2026-02-11T21:30:16+00:00

**System Resources**:
• CPU Usage: 4.8%
• Memory Usage: 54.0%
• Disk Usage: 83%

**Services**:
• Running Containers: 1
• SearXNG: running
• OpenClaw Gateway: running

**Health Checks**: ✅ All critical services monitored

Logs: `/root/clawd/logs/monitoring/system-monitor-20260211-213001.log`
[2026-02-11T22:00:02+00:00] [INFO] Starting system monitoring
[2026-02-11T22:00:02+00:00] [INFO] Starting metrics collection
[2026-02-11T22:00:02+00:00] [INFO] Metrics collected: CPU: 33.3%, Mem: 54.7%, Disk: 83%, SearXNG: running
[2026-02-11T22:00:02+00:00] [INFO] Monitoring Docker containers
[2026-02-11T22:00:02+00:00] [INFO] Container searxng: running
[2026-02-11T22:00:02+00:00] [INFO] Monitoring cron tasks
[2026-02-11T22:00:02+00:00] [INFO] Last AI Research cron run: No data
[2026-02-11T22:00:02+00:00] [INFO] Checking service health
[2026-02-11T22:00:02+00:00] [INFO] SearXNG health check: OK
[2026-02-11T22:00:17+00:00] [INFO] OpenClaw Gateway health check: OK
[2026-02-11T22:00:17+00:00] [INFO] Generating monitoring report
[2026-02-11T22:00:17+00:00] [INFO] Monitoring completed
📊 **System Monitoring Report**

**Timestamp**: 2026-02-11T22:00:17+00:00

**System Resources**:
• CPU Usage: 33.3%
• Memory Usage: 54.7%
• Disk Usage: 83%

**Services**:
• Running Containers: 1
• SearXNG: running
• OpenClaw Gateway: running

**Health Checks**: ✅ All critical services monitored

Logs: `/root/clawd/logs/monitoring/system-monitor-20260211-220002.log`
[2026-02-11T22:30:01+00:00] [INFO] Starting system monitoring
[2026-02-11T22:30:01+00:00] [INFO] Starting metrics collection
[2026-02-11T22:30:02+00:00] [INFO] Metrics collected: CPU: 4.2%, Mem: 54.9%, Disk: 83%, SearXNG: running
[2026-02-11T22:30:02+00:00] [INFO] Monitoring Docker containers
[2026-02-11T22:30:02+00:00] [INFO] Container searxng: running
[2026-02-11T22:30:02+00:00] [INFO] Monitoring cron tasks
[2026-02-11T22:30:02+00:00] [INFO] Last AI Research cron run: No data
[2026-02-11T22:30:02+00:00] [INFO] Checking service health
[2026-02-11T22:30:02+00:00] [INFO] SearXNG health check: OK
[2026-02-11T22:30:18+00:00] [INFO] OpenClaw Gateway health check: OK
[2026-02-11T22:30:18+00:00] [INFO] Generating monitoring report
[2026-02-11T22:30:18+00:00] [INFO] Monitoring completed
📊 **System Monitoring Report**

**Timestamp**: 2026-02-11T22:30:18+00:00

**System Resources**:
• CPU Usage: 4.2%
• Memory Usage: 54.9%
• Disk Usage: 83%

**Services**:
• Running Containers: 1
• SearXNG: running
• OpenClaw Gateway: running

**Health Checks**: ✅ All critical services monitored

Logs: `/root/clawd/logs/monitoring/system-monitor-20260211-223001.log`
[2026-02-11T23:00:01+00:00] [INFO] Starting system monitoring
[2026-02-11T23:00:01+00:00] [INFO] Starting metrics collection
[2026-02-11T23:00:01+00:00] [INFO] Metrics collected: CPU: 31.8%, Mem: 54.4%, Disk: 83%, SearXNG: running
[2026-02-11T23:00:01+00:00] [INFO] Monitoring Docker containers
[2026-02-11T23:00:01+00:00] [INFO] Container searxng: running
[2026-02-11T23:00:01+00:00] [INFO] Monitoring cron tasks
[2026-02-11T23:00:01+00:00] [INFO] Last AI Research cron run: No data
[2026-02-11T23:00:01+00:00] [INFO] Checking service health
[2026-02-11T23:00:01+00:00] [INFO] SearXNG health check: OK
[2026-02-11T23:00:16+00:00] [INFO] OpenClaw Gateway health check: OK
[2026-02-11T23:00:16+00:00] [INFO] Generating monitoring report
[2026-02-11T23:00:16+00:00] [INFO] Monitoring completed
📊 **System Monitoring Report**

**Timestamp**: 2026-02-11T23:00:16+00:00

**System Resources**:
• CPU Usage: 31.8%
• Memory Usage: 54.4%
• Disk Usage: 83%

**Services**:
• Running Containers: 1
• SearXNG: running
• OpenClaw Gateway: running

**Health Checks**: ✅ All critical services monitored

Logs: `/root/clawd/logs/monitoring/system-monitor-20260211-230001.log`
[2026-02-11T23:30:01+00:00] [INFO] Starting system monitoring
[2026-02-11T23:30:01+00:00] [INFO] Starting metrics collection
[2026-02-11T23:30:02+00:00] [INFO] Metrics collected: CPU: 4.5%, Mem: 54.5%, Disk: 83%, SearXNG: running
[2026-02-11T23:30:02+00:00] [INFO] Monitoring Docker containers
[2026-02-11T23:30:02+00:00] [INFO] Container searxng: running
[2026-02-11T23:30:02+00:00] [INFO] Monitoring cron tasks
[2026-02-11T23:30:02+00:00] [INFO] Last AI Research cron run: No data
[2026-02-11T23:30:02+00:00] [INFO] Checking service health
[2026-02-11T23:30:02+00:00] [INFO] SearXNG health check: OK
[2026-02-11T23:30:17+00:00] [INFO] OpenClaw Gateway health check: OK
[2026-02-11T23:30:17+00:00] [INFO] Generating monitoring report
[2026-02-11T23:30:17+00:00] [INFO] Monitoring completed
📊 **System Monitoring Report**

**Timestamp**: 2026-02-11T23:30:17+00:00

**System Resources**:
• CPU Usage: 4.5%
• Memory Usage: 54.5%
• Disk Usage: 83%

**Services**:
• Running Containers: 1
• SearXNG: running
• OpenClaw Gateway: running

**Health Checks**: ✅ All critical services monitored

Logs: `/root/clawd/logs/monitoring/system-monitor-20260211-233001.log`
[2026-02-12T00:00:01+00:00] [INFO] Starting system monitoring
[2026-02-12T00:00:01+00:00] [INFO] Starting metrics collection
[2026-02-12T00:00:02+00:00] [INFO] Metrics collected: CPU: 52.0%, Mem: 54.8%, Disk: 83%, SearXNG: running
[2026-02-12T00:00:02+00:00] [INFO] Monitoring Docker containers
[2026-02-12T00:00:02+00:00] [INFO] Container searxng: running
[2026-02-12T00:00:02+00:00] [INFO] Monitoring cron tasks
[2026-02-12T00:00:02+00:00] [INFO] Last AI Research cron run: No data
[2026-02-12T00:00:02+00:00] [INFO] Checking service health
[2026-02-12T00:00:02+00:00] [INFO] SearXNG health check: OK
[2026-02-12T00:00:19+00:00] [INFO] OpenClaw Gateway health check: OK
[2026-02-12T00:00:19+00:00] [INFO] Generating monitoring report
[2026-02-12T00:00:19+00:00] [INFO] Monitoring completed
📊 **System Monitoring Report**

**Timestamp**: 2026-02-12T00:00:19+00:00

**System Resources**:
• CPU Usage: 52.0%
• Memory Usage: 54.8%
• Disk Usage: 83%

**Services**:
• Running Containers: 1
• SearXNG: running
• OpenClaw Gateway: running

**Health Checks**: ✅ All critical services monitored

Logs: `/root/clawd/logs/monitoring/system-monitor-20260212-000001.log`
[2026-02-12T00:30:01+00:00] [INFO] Starting system monitoring
[2026-02-12T00:30:01+00:00] [INFO] Starting metrics collection
[2026-02-12T00:30:01+00:00] [INFO] Metrics collected: CPU: 0.0%, Mem: 54.7%, Disk: 83%, SearXNG: running
[2026-02-12T00:30:01+00:00] [INFO] Monitoring Docker containers
[2026-02-12T00:30:01+00:00] [INFO] Container searxng: running
[2026-02-12T00:30:01+00:00] [INFO] Monitoring cron tasks
[2026-02-12T00:30:01+00:00] [INFO] Last AI Research cron run: No data
[2026-02-12T00:30:01+00:00] [INFO] Checking service health
[2026-02-12T00:30:01+00:00] [INFO] SearXNG health check: OK
[2026-02-12T00:30:16+00:00] [INFO] OpenClaw Gateway health check: OK
[2026-02-12T00:30:16+00:00] [INFO] Generating monitoring report
[2026-02-12T00:30:16+00:00] [INFO] Monitoring completed
📊 **System Monitoring Report**

**Timestamp**: 2026-02-12T00:30:16+00:00

**System Resources**:
• CPU Usage: 0.0%
• Memory Usage: 54.7%
• Disk Usage: 83%

**Services**:
• Running Containers: 1
• SearXNG: running
• OpenClaw Gateway: running

**Health Checks**: ✅ All critical services monitored

Logs: `/root/clawd/logs/monitoring/system-monitor-20260212-003001.log`
[2026-02-12T01:00:01+00:00] [INFO] Starting system monitoring
[2026-02-12T01:00:01+00:00] [INFO] Starting metrics collection
[2026-02-12T01:00:02+00:00] [INFO] Metrics collected: CPU: 29.2%, Mem: 54.3%, Disk: 83%, SearXNG: running
[2026-02-12T01:00:02+00:00] [INFO] Monitoring Docker containers
[2026-02-12T01:00:02+00:00] [INFO] Container searxng: running
[2026-02-12T01:00:02+00:00] [INFO] Monitoring cron tasks
[2026-02-12T01:00:02+00:00] [INFO] Last AI Research cron run: No data
[2026-02-12T01:00:02+00:00] [INFO] Checking service health
[2026-02-12T01:00:02+00:00] [INFO] SearXNG health check: OK
[2026-02-12T01:00:18+00:00] [INFO] OpenClaw Gateway health check: OK
[2026-02-12T01:00:18+00:00] [INFO] Generating monitoring report
[2026-02-12T01:00:18+00:00] [INFO] Monitoring completed
📊 **System Monitoring Report**

**Timestamp**: 2026-02-12T01:00:18+00:00

**System Resources**:
• CPU Usage: 29.2%
• Memory Usage: 54.3%
• Disk Usage: 83%

**Services**:
• Running Containers: 1
• SearXNG: running
• OpenClaw Gateway: running

**Health Checks**: ✅ All critical services monitored

Logs: `/root/clawd/logs/monitoring/system-monitor-20260212-010001.log`
[2026-02-12T01:30:01+00:00] [INFO] Starting system monitoring
[2026-02-12T01:30:01+00:00] [INFO] Starting metrics collection
[2026-02-12T01:30:01+00:00] [INFO] Metrics collected: CPU: 4.3%, Mem: 54.2%, Disk: 83%, SearXNG: running
[2026-02-12T01:30:02+00:00] [INFO] Monitoring Docker containers
[2026-02-12T01:30:02+00:00] [INFO] Container searxng: running
[2026-02-12T01:30:02+00:00] [INFO] Monitoring cron tasks
[2026-02-12T01:30:02+00:00] [INFO] Last AI Research cron run: No data
[2026-02-12T01:30:02+00:00] [INFO] Checking service health
[2026-02-12T01:30:02+00:00] [INFO] SearXNG health check: OK
[2026-02-12T01:30:17+00:00] [INFO] OpenClaw Gateway health check: OK
[2026-02-12T01:30:17+00:00] [INFO] Generating monitoring report
[2026-02-12T01:30:17+00:00] [INFO] Monitoring completed
📊 **System Monitoring Report**

**Timestamp**: 2026-02-12T01:30:17+00:00

**System Resources**:
• CPU Usage: 4.3%
• Memory Usage: 54.2%
• Disk Usage: 83%

**Services**:
• Running Containers: 1
• SearXNG: running
• OpenClaw Gateway: running

**Health Checks**: ✅ All critical services monitored

Logs: `/root/clawd/logs/monitoring/system-monitor-20260212-013001.log`
[2026-02-12T02:00:01+00:00] [INFO] Starting system monitoring
[2026-02-12T02:00:01+00:00] [INFO] Starting metrics collection
[2026-02-12T02:00:02+00:00] [INFO] Metrics collected: CPU: 44.4%, Mem: 54.0%, Disk: 83%, SearXNG: running
[2026-02-12T02:00:02+00:00] [INFO] Monitoring Docker containers
[2026-02-12T02:00:02+00:00] [INFO] Container searxng: running
[2026-02-12T02:00:02+00:00] [INFO] Monitoring cron tasks
[2026-02-12T02:00:02+00:00] [INFO] Last AI Research cron run: No data
[2026-02-12T02:00:02+00:00] [INFO] Checking service health
[2026-02-12T02:00:02+00:00] [INFO] SearXNG health check: OK
[2026-02-12T02:00:18+00:00] [INFO] OpenClaw Gateway health check: OK
[2026-02-12T02:00:18+00:00] [INFO] Generating monitoring report
[2026-02-12T02:00:18+00:00] [INFO] Monitoring completed
📊 **System Monitoring Report**

**Timestamp**: 2026-02-12T02:00:18+00:00

**System Resources**:
• CPU Usage: 44.4%
• Memory Usage: 54.0%
• Disk Usage: 83%

**Services**:
• Running Containers: 1
• SearXNG: running
• OpenClaw Gateway: running

**Health Checks**: ✅ All critical services monitored

Logs: `/root/clawd/logs/monitoring/system-monitor-20260212-020001.log`
[2026-02-12T02:30:01+00:00] [INFO] Starting system monitoring
[2026-02-12T02:30:01+00:00] [INFO] Starting metrics collection
[2026-02-12T02:30:01+00:00] [INFO] Metrics collected: CPU: 0.0%, Mem: 54.4%, Disk: 83%, SearXNG: running
[2026-02-12T02:30:01+00:00] [INFO] Monitoring Docker containers
[2026-02-12T02:30:01+00:00] [INFO] Container searxng: running
[2026-02-12T02:30:01+00:00] [INFO] Monitoring cron tasks
[2026-02-12T02:30:01+00:00] [INFO] Last AI Research cron run: No data
[2026-02-12T02:30:01+00:00] [INFO] Checking service health
[2026-02-12T02:30:01+00:00] [INFO] SearXNG health check: OK
[2026-02-12T02:30:17+00:00] [INFO] OpenClaw Gateway health check: OK
[2026-02-12T02:30:17+00:00] [INFO] Generating monitoring report
[2026-02-12T02:30:17+00:00] [INFO] Monitoring completed
📊 **System Monitoring Report**

**Timestamp**: 2026-02-12T02:30:17+00:00

**System Resources**:
• CPU Usage: 0.0%
• Memory Usage: 54.4%
• Disk Usage: 83%

**Services**:
• Running Containers: 1
• SearXNG: running
• OpenClaw Gateway: running

**Health Checks**: ✅ All critical services monitored

Logs: `/root/clawd/logs/monitoring/system-monitor-20260212-023001.log`
[2026-02-12T03:00:01+00:00] [INFO] Starting system monitoring
[2026-02-12T03:00:01+00:00] [INFO] Starting metrics collection
[2026-02-12T03:00:01+00:00] [INFO] Metrics collected: CPU: 44.4%, Mem: 54.6%, Disk: 83%, SearXNG: running
[2026-02-12T03:00:01+00:00] [INFO] Monitoring Docker containers
[2026-02-12T03:00:01+00:00] [INFO] Container searxng: running
[2026-02-12T03:00:01+00:00] [INFO] Monitoring cron tasks
[2026-02-12T03:00:01+00:00] [INFO] Last AI Research cron run: No data
[2026-02-12T03:00:01+00:00] [INFO] Checking service health
[2026-02-12T03:00:02+00:00] [INFO] SearXNG health check: OK
[2026-02-12T03:00:21+00:00] [INFO] OpenClaw Gateway health check: OK
[2026-02-12T03:00:21+00:00] [INFO] Generating monitoring report
[2026-02-12T03:00:21+00:00] [INFO] Monitoring completed
📊 **System Monitoring Report**

**Timestamp**: 2026-02-12T03:00:21+00:00

**System Resources**:
• CPU Usage: 44.4%
• Memory Usage: 54.6%
• Disk Usage: 83%

**Services**:
• Running Containers: 1
• SearXNG: running
• OpenClaw Gateway: running

**Health Checks**: ✅ All critical services monitored

Logs: `/root/clawd/logs/monitoring/system-monitor-20260212-030001.log`
[2026-02-12T03:30:01+00:00] [INFO] Starting system monitoring
[2026-02-12T03:30:01+00:00] [INFO] Starting metrics collection
[2026-02-12T03:30:02+00:00] [INFO] Metrics collected: CPU: 4.8%, Mem: 53.0%, Disk: 83%, SearXNG: running
[2026-02-12T03:30:02+00:00] [INFO] Monitoring Docker containers
[2026-02-12T03:30:02+00:00] [INFO] Container searxng: running
[2026-02-12T03:30:02+00:00] [INFO] Monitoring cron tasks
[2026-02-12T03:30:02+00:00] [INFO] Last AI Research cron run: No data
[2026-02-12T03:30:02+00:00] [INFO] Checking service health
[2026-02-12T03:30:02+00:00] [INFO] SearXNG health check: OK
[2026-02-12T03:30:18+00:00] [INFO] OpenClaw Gateway health check: OK
[2026-02-12T03:30:18+00:00] [INFO] Generating monitoring report
[2026-02-12T03:30:18+00:00] [INFO] Monitoring completed
📊 **System Monitoring Report**

**Timestamp**: 2026-02-12T03:30:18+00:00

**System Resources**:
• CPU Usage: 4.8%
• Memory Usage: 53.0%
• Disk Usage: 83%

**Services**:
• Running Containers: 1
• SearXNG: running
• OpenClaw Gateway: running

**Health Checks**: ✅ All critical services monitored

Logs: `/root/clawd/logs/monitoring/system-monitor-20260212-033001.log`
[2026-02-12T04:00:01+00:00] [INFO] Starting system monitoring
[2026-02-12T04:00:01+00:00] [INFO] Starting metrics collection
[2026-02-12T04:00:01+00:00] [INFO] Metrics collected: CPU: 25.0%, Mem: 53.5%, Disk: 83%, SearXNG: running
[2026-02-12T04:00:01+00:00] [INFO] Monitoring Docker containers
[2026-02-12T04:00:01+00:00] [INFO] Container searxng: running
[2026-02-12T04:00:01+00:00] [INFO] Monitoring cron tasks
[2026-02-12T04:00:01+00:00] [INFO] Last AI Research cron run: No data
[2026-02-12T04:00:01+00:00] [INFO] Checking service health
[2026-02-12T04:00:01+00:00] [INFO] SearXNG health check: OK
[2026-02-12T04:00:16+00:00] [INFO] OpenClaw Gateway health check: OK
[2026-02-12T04:00:16+00:00] [INFO] Generating monitoring report
[2026-02-12T04:00:17+00:00] [INFO] Monitoring completed
📊 **System Monitoring Report**

**Timestamp**: 2026-02-12T04:00:17+00:00

**System Resources**:
• CPU Usage: 25.0%
• Memory Usage: 53.5%
• Disk Usage: 83%

**Services**:
• Running Containers: 1
• SearXNG: running
• OpenClaw Gateway: running

**Health Checks**: ✅ All critical services monitored

Logs: `/root/clawd/logs/monitoring/system-monitor-20260212-040001.log`
[2026-02-12T04:30:01+00:00] [INFO] Starting system monitoring
[2026-02-12T04:30:01+00:00] [INFO] Starting metrics collection
[2026-02-12T04:30:01+00:00] [INFO] Metrics collected: CPU: 4.5%, Mem: 54.2%, Disk: 83%, SearXNG: running
[2026-02-12T04:30:01+00:00] [INFO] Monitoring Docker containers
[2026-02-12T04:30:01+00:00] [INFO] Container searxng: running
[2026-02-12T04:30:01+00:00] [INFO] Monitoring cron tasks
[2026-02-12T04:30:01+00:00] [INFO] Last AI Research cron run: No data
[2026-02-12T04:30:01+00:00] [INFO] Checking service health
[2026-02-12T04:30:01+00:00] [INFO] SearXNG health check: OK
[2026-02-12T04:30:16+00:00] [INFO] OpenClaw Gateway health check: OK
[2026-02-12T04:30:16+00:00] [INFO] Generating monitoring report
[2026-02-12T04:30:16+00:00] [INFO] Monitoring completed
📊 **System Monitoring Report**

**Timestamp**: 2026-02-12T04:30:16+00:00

**System Resources**:
• CPU Usage: 4.5%
• Memory Usage: 54.2%
• Disk Usage: 83%

**Services**:
• Running Containers: 1
• SearXNG: running
• OpenClaw Gateway: running

**Health Checks**: ✅ All critical services monitored

Logs: `/root/clawd/logs/monitoring/system-monitor-20260212-043001.log`
[2026-02-12T05:00:01+00:00] [INFO] Starting system monitoring
[2026-02-12T05:00:01+00:00] [INFO] Starting metrics collection
[2026-02-12T05:00:02+00:00] [INFO] Metrics collected: CPU: 33.3%, Mem: 53.7%, Disk: 83%, SearXNG: running
[2026-02-12T05:00:02+00:00] [INFO] Monitoring Docker containers
[2026-02-12T05:00:02+00:00] [INFO] Container searxng: running
[2026-02-12T05:00:02+00:00] [INFO] Monitoring cron tasks
[2026-02-12T05:00:02+00:00] [INFO] Last AI Research cron run: No data
[2026-02-12T05:00:02+00:00] [INFO] Checking service health
[2026-02-12T05:00:02+00:00] [INFO] SearXNG health check: OK
[2026-02-12T05:00:17+00:00] [INFO] OpenClaw Gateway health check: OK
[2026-02-12T05:00:17+00:00] [INFO] Generating monitoring report
[2026-02-12T05:00:17+00:00] [INFO] Monitoring completed
📊 **System Monitoring Report**

**Timestamp**: 2026-02-12T05:00:17+00:00

**System Resources**:
• CPU Usage: 33.3%
• Memory Usage: 53.7%
• Disk Usage: 83%

**Services**:
• Running Containers: 1
• SearXNG: running
• OpenClaw Gateway: running

**Health Checks**: ✅ All critical services monitored

Logs: `/root/clawd/logs/monitoring/system-monitor-20260212-050001.log`
[2026-02-12T05:30:01+00:00] [INFO] Starting system monitoring
[2026-02-12T05:30:01+00:00] [INFO] Starting metrics collection
[2026-02-12T05:30:01+00:00] [INFO] Metrics collected: CPU: 0.0%, Mem: 54.5%, Disk: 83%, SearXNG: running
[2026-02-12T05:30:01+00:00] [INFO] Monitoring Docker containers
[2026-02-12T05:30:01+00:00] [INFO] Container searxng: running
[2026-02-12T05:30:01+00:00] [INFO] Monitoring cron tasks
[2026-02-12T05:30:01+00:00] [INFO] Last AI Research cron run: No data
[2026-02-12T05:30:01+00:00] [INFO] Checking service health
[2026-02-12T05:30:01+00:00] [INFO] SearXNG health check: OK
[2026-02-12T05:30:16+00:00] [INFO] OpenClaw Gateway health check: OK
[2026-02-12T05:30:16+00:00] [INFO] Generating monitoring report
[2026-02-12T05:30:17+00:00] [INFO] Monitoring completed
📊 **System Monitoring Report**

**Timestamp**: 2026-02-12T05:30:17+00:00

**System Resources**:
• CPU Usage: 0.0%
• Memory Usage: 54.5%
• Disk Usage: 83%

**Services**:
• Running Containers: 1
• SearXNG: running
• OpenClaw Gateway: running

**Health Checks**: ✅ All critical services monitored

Logs: `/root/clawd/logs/monitoring/system-monitor-20260212-053001.log`
[2026-02-12T06:00:01+00:00] [INFO] Starting system monitoring
[2026-02-12T06:00:01+00:00] [INFO] Starting metrics collection
[2026-02-12T06:00:01+00:00] [INFO] Metrics collected: CPU: 34.8%, Mem: 54.0%, Disk: 83%, SearXNG: running
[2026-02-12T06:00:01+00:00] [INFO] Monitoring Docker containers
[2026-02-12T06:00:01+00:00] [INFO] Container searxng: running
[2026-02-12T06:00:01+00:00] [INFO] Monitoring cron tasks
[2026-02-12T06:00:01+00:00] [INFO] Last AI Research cron run: No data
[2026-02-12T06:00:01+00:00] [INFO] Checking service health
[2026-02-12T06:00:01+00:00] [INFO] SearXNG health check: OK
[2026-02-12T06:00:16+00:00] [INFO] OpenClaw Gateway health check: OK
[2026-02-12T06:00:16+00:00] [INFO] Generating monitoring report
[2026-02-12T06:00:16+00:00] [INFO] Monitoring completed
📊 **System Monitoring Report**

**Timestamp**: 2026-02-12T06:00:16+00:00

**System Resources**:
• CPU Usage: 34.8%
• Memory Usage: 54.0%
• Disk Usage: 83%

**Services**:
• Running Containers: 1
• SearXNG: running
• OpenClaw Gateway: running

**Health Checks**: ✅ All critical services monitored

Logs: `/root/clawd/logs/monitoring/system-monitor-20260212-060001.log`
[2026-02-12T06:30:01+00:00] [INFO] Starting system monitoring
[2026-02-12T06:30:01+00:00] [INFO] Starting metrics collection
[2026-02-12T06:30:02+00:00] [INFO] Metrics collected: CPU: 0.0%, Mem: 53.9%, Disk: 83%, SearXNG: running
[2026-02-12T06:30:02+00:00] [INFO] Monitoring Docker containers
[2026-02-12T06:30:02+00:00] [INFO] Container searxng: running
[2026-02-12T06:30:02+00:00] [INFO] Monitoring cron tasks
[2026-02-12T06:30:02+00:00] [INFO] Last AI Research cron run: No data
[2026-02-12T06:30:02+00:00] [INFO] Checking service health
[2026-02-12T06:30:02+00:00] [INFO] SearXNG health check: OK
[2026-02-12T06:30:17+00:00] [INFO] OpenClaw Gateway health check: OK
[2026-02-12T06:30:17+00:00] [INFO] Generating monitoring report
[2026-02-12T06:30:17+00:00] [INFO] Monitoring completed
📊 **System Monitoring Report**

**Timestamp**: 2026-02-12T06:30:17+00:00

**System Resources**:
• CPU Usage: 0.0%
• Memory Usage: 53.9%
• Disk Usage: 83%

**Services**:
• Running Containers: 1
• SearXNG: running
• OpenClaw Gateway: running

**Health Checks**: ✅ All critical services monitored

Logs: `/root/clawd/logs/monitoring/system-monitor-20260212-063001.log`
[2026-02-12T07:00:01+00:00] [INFO] Starting system monitoring
[2026-02-12T07:00:01+00:00] [INFO] Starting metrics collection
[2026-02-12T07:00:01+00:00] [INFO] Metrics collected: CPU: 28.6%, Mem: 54.4%, Disk: 83%, SearXNG: running
[2026-02-12T07:00:01+00:00] [INFO] Monitoring Docker containers
[2026-02-12T07:00:01+00:00] [INFO] Container searxng: running
[2026-02-12T07:00:01+00:00] [INFO] Monitoring cron tasks
[2026-02-12T07:00:01+00:00] [INFO] Last AI Research cron run: No data
[2026-02-12T07:00:01+00:00] [INFO] Checking service health
[2026-02-12T07:00:01+00:00] [INFO] SearXNG health check: OK
[2026-02-12T07:00:16+00:00] [INFO] OpenClaw Gateway health check: OK
[2026-02-12T07:00:16+00:00] [INFO] Generating monitoring report
[2026-02-12T07:00:16+00:00] [INFO] Monitoring completed
📊 **System Monitoring Report**

**Timestamp**: 2026-02-12T07:00:16+00:00

**System Resources**:
• CPU Usage: 28.6%
• Memory Usage: 54.4%
• Disk Usage: 83%

**Services**:
• Running Containers: 1
• SearXNG: running
• OpenClaw Gateway: running

**Health Checks**: ✅ All critical services monitored

Logs: `/root/clawd/logs/monitoring/system-monitor-20260212-070001.log`
[2026-02-12T07:30:01+00:00] [INFO] Starting system monitoring
[2026-02-12T07:30:01+00:00] [INFO] Starting metrics collection
[2026-02-12T07:30:01+00:00] [INFO] Metrics collected: CPU: 4.8%, Mem: 53.9%, Disk: 83%, SearXNG: running
[2026-02-12T07:30:01+00:00] [INFO] Monitoring Docker containers
[2026-02-12T07:30:01+00:00] [INFO] Container searxng: running
[2026-02-12T07:30:01+00:00] [INFO] Monitoring cron tasks
[2026-02-12T07:30:01+00:00] [INFO] Last AI Research cron run: No data
[2026-02-12T07:30:01+00:00] [INFO] Checking service health
[2026-02-12T07:30:01+00:00] [INFO] SearXNG health check: OK
[2026-02-12T07:30:16+00:00] [INFO] OpenClaw Gateway health check: OK
[2026-02-12T07:30:16+00:00] [INFO] Generating monitoring report
[2026-02-12T07:30:16+00:00] [INFO] Monitoring completed
📊 **System Monitoring Report**

**Timestamp**: 2026-02-12T07:30:16+00:00

**System Resources**:
• CPU Usage: 4.8%
• Memory Usage: 53.9%
• Disk Usage: 83%

**Services**:
• Running Containers: 1
• SearXNG: running
• OpenClaw Gateway: running

**Health Checks**: ✅ All critical services monitored

Logs: `/root/clawd/logs/monitoring/system-monitor-20260212-073001.log`
[2026-02-12T08:00:01+00:00] [INFO] Starting system monitoring
[2026-02-12T08:00:01+00:00] [INFO] Starting metrics collection
[2026-02-12T08:00:02+00:00] [INFO] Metrics collected: CPU: 54.2%, Mem: 54.3%, Disk: 83%, SearXNG: running
[2026-02-12T08:00:02+00:00] [INFO] Monitoring Docker containers
[2026-02-12T08:00:02+00:00] [INFO] Container searxng: running
[2026-02-12T08:00:02+00:00] [INFO] Monitoring cron tasks
[2026-02-12T08:00:02+00:00] [INFO] Last AI Research cron run: [1/5] 搜索: Claude AI updates 2026
[2026-02-12T08:00:02+00:00] [INFO] Checking service health
[2026-02-12T08:00:02+00:00] [INFO] SearXNG health check: OK
[2026-02-12T08:00:17+00:00] [INFO] OpenClaw Gateway health check: OK
[2026-02-12T08:00:17+00:00] [INFO] Generating monitoring report
[2026-02-12T08:00:17+00:00] [INFO] Monitoring completed
📊 **System Monitoring Report**

**Timestamp**: 2026-02-12T08:00:17+00:00

**System Resources**:
• CPU Usage: 54.2%
• Memory Usage: 54.3%
• Disk Usage: 83%

**Services**:
• Running Containers: 1
• SearXNG: running
• OpenClaw Gateway: running

**Health Checks**: ✅ All critical services monitored

Logs: `/root/clawd/logs/monitoring/system-monitor-20260212-080001.log`
[2026-02-12T08:30:01+00:00] [INFO] Starting system monitoring
[2026-02-12T08:30:01+00:00] [INFO] Starting metrics collection
[2026-02-12T08:30:02+00:00] [INFO] Metrics collected: CPU: 40.9%, Mem: 53.9%, Disk: 83%, SearXNG: running
[2026-02-12T08:30:02+00:00] [INFO] Monitoring Docker containers
[2026-02-12T08:30:02+00:00] [INFO] Container searxng: running
[2026-02-12T08:30:02+00:00] [INFO] Monitoring cron tasks
[2026-02-12T08:30:02+00:00] [INFO] Last AI Research cron run: No data
[2026-02-12T08:30:02+00:00] [INFO] Checking service health
[2026-02-12T08:30:02+00:00] [INFO] SearXNG health check: OK
[2026-02-12T08:30:19+00:00] [INFO] OpenClaw Gateway health check: OK
[2026-02-12T08:30:19+00:00] [INFO] Generating monitoring report
[2026-02-12T08:30:19+00:00] [INFO] Monitoring completed
📊 **System Monitoring Report**

**Timestamp**: 2026-02-12T08:30:19+00:00

**System Resources**:
• CPU Usage: 40.9%
• Memory Usage: 53.9%
• Disk Usage: 83%

**Services**:
• Running Containers: 1
• SearXNG: running
• OpenClaw Gateway: running

**Health Checks**: ✅ All critical services monitored

Logs: `/root/clawd/logs/monitoring/system-monitor-20260212-083001.log`
[2026-02-12T09:00:01+00:00] [INFO] Starting system monitoring
[2026-02-12T09:00:01+00:00] [INFO] Starting metrics collection
[2026-02-12T09:00:01+00:00] [INFO] Metrics collected: CPU: 46.2%, Mem: 54.7%, Disk: 83%, SearXNG: running
[2026-02-12T09:00:01+00:00] [INFO] Monitoring Docker containers
[2026-02-12T09:00:02+00:00] [INFO] Container searxng: running
[2026-02-12T09:00:02+00:00] [INFO] Monitoring cron tasks
[2026-02-12T09:00:02+00:00] [INFO] Last AI Research cron run: No data
[2026-02-12T09:00:02+00:00] [INFO] Checking service health
[2026-02-12T09:00:02+00:00] [INFO] SearXNG health check: OK
[2026-02-12T09:00:20+00:00] [INFO] OpenClaw Gateway health check: OK
[2026-02-12T09:00:20+00:00] [INFO] Generating monitoring report
[2026-02-12T09:00:20+00:00] [INFO] Monitoring completed
📊 **System Monitoring Report**

**Timestamp**: 2026-02-12T09:00:20+00:00

**System Resources**:
• CPU Usage: 46.2%
• Memory Usage: 54.7%
• Disk Usage: 83%

**Services**:
• Running Containers: 1
• SearXNG: running
• OpenClaw Gateway: running

**Health Checks**: ✅ All critical services monitored

Logs: `/root/clawd/logs/monitoring/system-monitor-20260212-090001.log`
[2026-02-12T09:30:01+00:00] [INFO] Starting system monitoring
[2026-02-12T09:30:01+00:00] [INFO] Starting metrics collection
[2026-02-12T09:30:02+00:00] [INFO] Metrics collected: CPU: 4.5%, Mem: 54.4%, Disk: 83%, SearXNG: running
[2026-02-12T09:30:02+00:00] [INFO] Monitoring Docker containers
[2026-02-12T09:30:02+00:00] [INFO] Container searxng: running
[2026-02-12T09:30:02+00:00] [INFO] Monitoring cron tasks
[2026-02-12T09:30:02+00:00] [INFO] Last AI Research cron run: No data
[2026-02-12T09:30:02+00:00] [INFO] Checking service health
[2026-02-12T09:30:02+00:00] [INFO] SearXNG health check: OK
[2026-02-12T09:30:17+00:00] [INFO] OpenClaw Gateway health check: OK
[2026-02-12T09:30:17+00:00] [INFO] Generating monitoring report
[2026-02-12T09:30:17+00:00] [INFO] Monitoring completed
📊 **System Monitoring Report**

**Timestamp**: 2026-02-12T09:30:17+00:00

**System Resources**:
• CPU Usage: 4.5%
• Memory Usage: 54.4%
• Disk Usage: 83%

**Services**:
• Running Containers: 1
• SearXNG: running
• OpenClaw Gateway: running

**Health Checks**: ✅ All critical services monitored

Logs: `/root/clawd/logs/monitoring/system-monitor-20260212-093001.log`
[2026-02-12T10:00:01+00:00] [INFO] Starting system monitoring
[2026-02-12T10:00:01+00:00] [INFO] Starting metrics collection
[2026-02-12T10:00:01+00:00] [INFO] Metrics collected: CPU: 27.3%, Mem: 53.7%, Disk: 83%, SearXNG: running
[2026-02-12T10:00:01+00:00] [INFO] Monitoring Docker containers
[2026-02-12T10:00:02+00:00] [INFO] Container searxng: running
[2026-02-12T10:00:02+00:00] [INFO] Monitoring cron tasks
[2026-02-12T10:00:02+00:00] [INFO] Last AI Research cron run: No data
[2026-02-12T10:00:02+00:00] [INFO] Checking service health
[2026-02-12T10:00:02+00:00] [INFO] SearXNG health check: OK
[2026-02-12T10:00:17+00:00] [INFO] OpenClaw Gateway health check: OK
[2026-02-12T10:00:17+00:00] [INFO] Generating monitoring report
[2026-02-12T10:00:17+00:00] [INFO] Monitoring completed
📊 **System Monitoring Report**

**Timestamp**: 2026-02-12T10:00:17+00:00

**System Resources**:
• CPU Usage: 27.3%
• Memory Usage: 53.7%
• Disk Usage: 83%

**Services**:
• Running Containers: 1
• SearXNG: running
• OpenClaw Gateway: running

**Health Checks**: ✅ All critical services monitored

Logs: `/root/clawd/logs/monitoring/system-monitor-20260212-100001.log`
